MatcherRun.nI.eq_1	Matcher.Run	0	0	false	false
BookState.noConfusionType	MatchingEngine.Book	0	0	true	false
MatcherRun.insertAsc_nL.match_1_1	Matcher.Run	0	0	true	false
MatcherRun.nL_comp	Matcher.Run	44	44	false	false
_private.Matcher.SpecStep.0.wouldCross.match_3.splitter	Matcher.SpecStep	0	0	false	false
Matcher.LoopRun.below.stop	Matcher.Logic	0	0	false	false
Matcher.evalBin._sparseCasesOn_3	Matcher.Lang	223	238	true	true
Walk.State.rec	Walk.Spec	161	166	false	false
MatcherInner.ReqOk	Matcher.Inner	58	63	false	true
Matcher.OField.stpMode.sizeOf_spec	Matcher.Lang	0	0	false	false
Matcher.Program.mk.injEq	Matcher.Lang	0	0	false	false
doMatch_sell_noCross_after_match	MatchingEngine.Theorems	3128	3139	false	false
AllInv	MatchingEngine.Theorems	51	57	false	false
MatcherRun.nI_price	Matcher.Run	61	61	false	false
ProcessB.Req.rec	Bridge.ProcessB	42	46	true	true
MatcherInner.OCtx.noConfusion	Matcher.Inner	160	171	false	false
ProcessResult.noConfusionType	MatchingEngine.Process	0	0	false	false
doMatch_preserves_inc_tif	MatchingEngine.Theorems	1715	1721	false	false
MatcherRefines.order_entry_env	Matcher.Refines	148	153	true	true
MatcherRest.appAt.eq_1	Matcher.Rest	0	0	false	false
Matcher.runExt_qFirst	Matcher.Logic	452	454	true	true
MatcherInner.inner_fill._proof_1_5	Matcher.Inner	0	0	false	true
Walk.WHead.hlp	Walk.RefineInner	149	149	true	false
ProcessB.instDecidableEqResultCode	Bridge.ProcessB	57	57	false	false
_private.Bridge.EngineDbAbs.0.bidsSortedDescB.match_1.eq_1	Bridge.EngineDbAbs	0	0	false	false
MatcherRest.rest_inv	Matcher.Rest	810	892	true	true
convertStop_side	MatchingEngine.TheoremsFull	508	509	false	false
Walk.ids	Walk.EquivMatch	147	148	true	false
EngineDbAbs.pickBest.match_1	Bridge.EngineDbAbs	0	0	false	false
MatcherAccept.SpecOrd.group	Matcher.Accept	39	39	true	true
OrderType.stopMarket.elim	MatchingEngine.Basic	26	26	false	false
EngineDbAbs.COrderType.tif._sparseCasesOn_1	Bridge.EngineDbAbs	130	132	true	true
_private.Walk.LogicInv.0.Matcher.execStmt_loop_eq.match_1.eq_4	Walk.LogicInv	0	0	false	false
Matcher.instDecidableEqLField._proof_2	Matcher.Lang	0	0	false	false
Matcher.UnOp.not	Matcher.Lang	83	83	true	true
contraSorted	MatchingEngine.Theorems	43	45	false	false
MatcherInner.Core.prle	Matcher.Inner	561	561	false	true
MatcherRest.ev_newLevel._simp_1_2	Matcher.Rest	0	0	true	true
Matcher.evalExpr.match_9	Matcher.Lang	0	0	true	true
MatcherInner.IInv.shape	Matcher.Inner	204	204	false	true
MatcherInner.sinv_drop	Matcher.Inner	230	281	false	true
EngineDbApi.EngineDb.levelsUsed_levelFree	Bridge.EngineDbApi	401	401	true	true
Walk.idOnBook_sides	Walk.Refine	67	80	true	false
Matcher.Expr.un.noConfusion	Matcher.Lang	0	0	false	false
Matcher.Expr.capacity	Matcher.Lang	107	108	true	true
ProcessB.processB.match_3	Bridge.ProcessB	0	0	true	true
instBEqOrder.beq	MatchingEngine.Order	32	32	false	false
MatcherStore.InvM.mk._flat_ctor	Matcher.StoreStep	0	0	false	false
removeLevels	MatchingEngine.Book	80	86	false	false
instInhabitedBookState	MatchingEngine.Book	24	24	false	false
Matcher.Print.oField	Matcher.Print	45	47	false	false
EngineDbAbs.restingCount	Bridge.EngineDbAbs	350	352	true	true
Walk.Ctx.bound.eq_1	Walk.Basic	0	0	false	false
MatcherLoop.«tacticLsimp[_]»	Matcher.LoopEnv	170	171	false	false
_private.Bridge.EngineDbAbs.0.EngineDbAbs.insLevel.match_1.splitter	Bridge.EngineDbAbs	0	0	true	true
MatcherInner.imeasure	Matcher.Inner	210	212	false	true
Walk.outerRun.eq_1	Walk.Basic	0	0	false	false
EngineDbAbs.processWithId_preserves_BookInvariant	Bridge.EngineDbAbs	278	284	false	false
_private.MatchingEngine.TheoremsFuel.0.doMatch.match_7.eq_2	MatchingEngine.TheoremsFuel	0	0	false	false
Matcher.BinOp.eq.sizeOf_spec	Matcher.Lang	0	0	false	false
TimeInForce.noConfusionType	MatchingEngine.Basic	0	0	false	false
EngineDbAbs.CRequest.mk	Bridge.EngineDbAbs	73	73	true	true
MatcherStore.drop_restingCount._proof_1_3	Matcher.StoreStep	0	0	true	true
MatchResult.ctorIdx	MatchingEngine.Match	0	0	false	false
EngineDbApi.levelCount	Bridge.EngineDbApi	204	205	true	true
MatcherLoop.Loc.best	Matcher.LoopEnv	146	146	true	true
MatcherLoop.ev_stop	Matcher.LoopEnv	257	259	true	true
_private.Matcher.Logic.0.Matcher.runExt.match_5.eq_8	Matcher.Logic	0	0	false	false
_private.MatchingEngine.Theorems.0.doMatch.match_3.eq_1	MatchingEngine.Theorems	0	0	false	false
Walk.OW.live	Walk.EquivMatch	535	535	true	false
Walk.CO.po	Walk.EquivMatch	50	50	true	false
MatcherInner.Core.qpos	Matcher.Inner	556	556	false	true
MatcherOuter.ownT_ne	Matcher.Outer	189	190	true	true
EngineDbApi.Tree.ofNat_ctorIdx	Bridge.EngineDbApi	0	0	true	true
MatcherAccept.book_norest	Matcher.Accept	102	113	false	true
Matcher.loopFinish.eq_3	Matcher.Logic	0	0	false	false
MatcherInner.SInv.head	Matcher.Inner	191	191	false	true
Matcher.Val.bool.noConfusion	Matcher.Lang	0	0	true	true
MatcherProgram.OT_POST_ONLY	Matcher.Program	44	44	true	true
EngineDbApi.orderAlloc_full	Bridge.EngineDbApiLaws	534	535	false	false
ProcessB.TradeObs.mk._flat_ctor	Bridge.ProcessB	0	0	false	false
_private.Matcher.Refines.0.Matcher.evalExpr.match_11.eq_1	Matcher.Refines	0	0	false	false
Matcher.liveL	Matcher.Lang	249	249	true	true
EngineDbAbs.pickBest.match_3	Bridge.EngineDbAbs	0	0	false	false
EngineDbApi.tFind_valid	Bridge.EngineDbApiLaws	632	633	false	false
ProcessB.Req.cancel	Bridge.ProcessB	45	45	true	true
_private.Matcher.Refines.0.Matcher.instReprTy.repr.match_1.splitter	Matcher.Refines	0	0	false	false
_private.Walk.LogicInv.0.Matcher.loopStep.match_1.splitter	Walk.LogicInv	0	0	true	false
STPPolicy.cancelOldest.sizeOf_spec	MatchingEngine.Basic	0	0	false	false
Walk.WHead.hos	Walk.RefineInner	148	148	true	false
_private.Matcher.Refines.0.EngineDbAbs.decodeSide.match_1.splitter	Matcher.Refines	0	0	true	true
ProcessB.TradeObs.takerId	Bridge.ProcessB	115	115	false	false
MatcherRun.cancelOrder_nB._simp_1_3	Matcher.Run	0	0	false	false
Matcher.Err.unbound	Matcher.Lang	175	175	true	true
Matcher.Val.noConfusion	Matcher.Lang	46	55	true	true
MatcherCancel.refines_cancel_resting._proof_1_29	Matcher.Cancel	0	0	true	true
instDecidableBookUncrossed._proof_2	MatchingEngine.Invariants	0	0	false	false
Walk.pot.eq_1	Walk.Basic	0	0	false	false
OrderType.rec	MatchingEngine.Basic	21	27	true	true
AllInv.with_stops	MatchingEngine.Theorems	219	221	false	false
MatcherRest.allocDb	Matcher.Rest	144	146	true	true
EngineDbApi.EngineDb.mk._flat_ctor	Bridge.EngineDbApi	0	0	false	false
bidsSortedDescB	MatchingEngine.Invariants	100	103	false	false
MatcherCancel.absLevel_congr	Matcher.Cancel	45	48	true	true
MatcherCancel.sum_map_update._proof_1_4	Matcher.Cancel	0	0	true	true
_private.Matcher.Logic.0.Matcher.runExt.match_5.eq_16	Matcher.Logic	0	0	false	false
EngineDbApi.EngineDb.levelsUsed_qRemove	Bridge.EngineDbApi	410	410	true	true
Walk.postOnly_iff	Walk.Equiv	183	199	true	false
Matcher.asBool.eq_2	Matcher.Refines	0	0	false	false
Walk.WO.rec	Walk.RefineOuter	165	174	false	false
_private.Walk.EquivEntry.0.findOrderOnBook.match_1.eq_2	Walk.EquivEntry	0	0	false	false
_private.Matcher.Cancel.0.Matcher.instReprOField.repr.match_1.eq_1	Matcher.Cancel	0	0	false	false
ProcessB.Obs	Bridge.ProcessB	123	128	false	false
doMatch_trades_length_le._proof_1_1	MatchingEngine.TheoremsFuel	0	0	false	false
instInhabitedOrder	MatchingEngine.Order	32	32	true	true
process_preserves_BookOk	MatchingEngine.TheoremsFull	1358	1369	false	false
STPPolicy.noConfusion	MatchingEngine.Basic	44	49	false	false
ProcessB.ResultCode.ofNat	Bridge.ProcessB	0	0	false	false
BookUncrossed_with_stops	MatchingEngine.Theorems	184	187	false	false
MatcherOuter.MCtx.mk.inj	Matcher.Outer	0	0	false	false
computeProcessFuel	MatchingEngine.Process	40	56	true	true
EngineDbAbs.instDecidableEqBookView.decEq._proof_3	Bridge.EngineDbAbs	0	0	false	false
MatcherRun.nO_nO	Matcher.Run	38	38	false	false
MatcherLoop.innerCond	Matcher.LoopEnv	64	64	true	true
Side.ofNat_ctorIdx	MatchingEngine.Basic	0	0	true	true
Matcher.instReprErr.repr.match_1	Matcher.Lang	0	0	false	false
MatcherRun.nO_side	Matcher.Run	52	52	false	false
Matcher.Outcome.normal.elim	Matcher.Lang	180	180	false	false
MatcherCancel.absQueue_filter_views.match_1_1	Matcher.Cancel	0	0	true	true
Matcher.liveLevel.match_1	Matcher.Lang	0	0	true	true
MatcherRefines.mem_insLevel_iff	Matcher.Refines	464	465	false	false
instReprBookState	MatchingEngine.Book	24	24	false	false
MatcherStore.InvM.recOn	Matcher.StoreStep	391	399	false	false
Matcher.Stmt.assign.sizeOf_spec	Matcher.Lang	0	0	false	false
MatcherOuter.OInv.mk	Matcher.Outer	103	103	false	true
EngineDbAbs.LevelView.mk.inj	Bridge.EngineDbAbs	0	0	false	false
_private.MatchingEngine.TheoremsFuel.0.processCascade.match_3.eq_1	MatchingEngine.TheoremsFuel	0	0	false	false
instReprOrder.repr	MatchingEngine.Order	32	32	false	false
EngineDbAbs.insLevel	Bridge.EngineDbAbs	336	339	true	true
_private.MatchingEngine.Theorems.0.doMatch.match_5.eq_2	MatchingEngine.Theorems	0	0	false	false
Walk.outerRun_ok._proof_1_8	Walk.Basic	0	0	true	false
MatcherRefines.entryOf.match_1	Matcher.Refines	0	0	true	true
Matcher.Stmt.call.inj	Matcher.Lang	0	0	false	false
MatcherSpec.processWithId_postOnly._proof_1_11	Matcher.SpecStep	0	0	true	true
MatcherRefines.prefix_run	Matcher.Refines	384	458	true	true
EngineDbApi.writeLevel.post	Bridge.EngineDbApi	201	202	true	true
_private.Matcher.Refines.0.Matcher.bindParams.match_1.splitter	Matcher.Refines	0	0	false	false
Walk.WFr.stops	Walk.RefineOuter	33	33	true	false
_private.Matcher.Logic.0.Matcher.runExt.match_5.eq_17	Matcher.Logic	0	0	false	false
Matcher.Expr.blit.elim	Matcher.Lang	95	95	false	false
EngineDbApi.qRemove.pre	Bridge.EngineDbApi	252	252	true	true
instReprOrderStatus.repr.match_1	MatchingEngine.Basic	0	0	false	false
_private.Matcher.Logic.0.Matcher.runExt.match_5.eq_3	Matcher.Logic	0	0	false	false
Matcher.liveOrder.match_1	Matcher.Lang	0	0	true	true
Matcher.Ty.bool	Matcher.Lang	41	41	true	true
PriceLevel.mk._flat_ctor	MatchingEngine.Book	0	0	false	false
AllInv.bids_sorted	MatchingEngine.Theorems	60	61	false	false
MatcherCancel.le_sum_of_mem_nat.match_1_1	Matcher.Cancel	0	0	true	true
instInhabitedTrade.default	MatchingEngine.Order	45	45	true	true
process_all_stops_sublist.match_1_2	MatchingEngine.TheoremsFuel	0	0	false	false
Matcher.Ext.tRemove.inj	Matcher.Lang	0	0	false	false
EngineDbApi.better.match_1	Bridge.EngineDbApi	0	0	true	true
Matcher.OField.price	Matcher.Lang	73	73	true	true
instBEqPriceLevel.beq	MatchingEngine.Book	14	14	false	false
processOrder_clock_ge	MatchingEngine.TheoremsFull	828	829	false	false
Matcher.Val.order	Matcher.Lang	51	52	true	true
_private.MatchingEngine.Theorems.0.doMatch.match_7.eq_2	MatchingEngine.Theorems	0	0	false	false
MatcherAccept.SpecOrd.mk._flat_ctor	Matcher.Accept	0	0	false	false
Matcher.Ty.order.sizeOf_spec	Matcher.Lang	0	0	false	false
MatcherRun.ofLV.eq_1	Matcher.Run	0	0	false	false
_private.MatchingEngine.Theorems.0.processTriggeredStops.match_1.eq_2	MatchingEngine.Theorems	0	0	false	false
EngineDbApi.EngineDb.writeLevel	Bridge.EngineDbApi	327	327	true	true
MatcherStore.Frame.recOn	Matcher.StoreStep	80	86	false	false
_private.Matcher.SpecStep.0.canMatchPrice.match_1.eq_2	Matcher.SpecStep	0	0	false	false
Matcher.instReprStmt.repr.match_1	Matcher.Lang	0	0	true	true
Matcher.instInhabitedTy.default	Matcher.Lang	44	44	false	false
MatcherOuter.MCtx.Ok	Matcher.Outer	97	100	false	true
MatcherInner.HeadFacts.hhash	Matcher.Inner	375	375	false	true
MatcherCancel.absQueue_views.match_1_1	Matcher.Cancel	0	0	true	true
runFrom_book	MatchingEngine.TheoremsReachable	139	143	false	false
OrderStatus._sizeOf_1	MatchingEngine.Basic	0	0	false	false
EngineDbAbs.OrderView.displayQty	Bridge.EngineDbAbs	375	375	true	false
MatcherLoop.ev_bestNull	Matcher.LoopEnv	486	487	true	true
MatcherStore.free_restingCount._proof_1_3	Matcher.StoreStep	0	0	true	true
Matcher.Err.fuel.sizeOf_spec	Matcher.Lang	0	0	false	false
Elegant.dispose_empty_contra_preserves	MatchingEngine.TheoremsElegant	130	157	false	false
MatcherProgram.program	Matcher.Program	265	267	true	true
EngineDbAbs.AbsStore.mk._flat_ctor	Bridge.EngineDbAbs	0	0	false	false
instDecidableEqSide._proof_2	MatchingEngine.Basic	0	0	true	true
EngineDbAbs.freshIn	Bridge.EngineDbAbs	721	722	false	false
MatcherRun.nO_group	Matcher.Run	56	56	false	false
MatcherRun.pwi_cases	Matcher.Run	404	436	true	false
EngineDbAbs.instDecidableEqBookView.decEq._proof_2	Bridge.EngineDbAbs	0	0	false	false
_private.Matcher.LoopEnv.0.Matcher.instReprBound.repr.match_1.eq_2	Matcher.LoopEnv	0	0	false	false
BookOkAt_max_of_BookOk	MatchingEngine.TheoremsFull	539	544	false	false
orderSum._sunfold	MatchingEngine.Theorems	0	0	false	false
EngineDbApi.tRemove_preserves_WF	Bridge.EngineDbApiLaws	482	498	true	true
Matcher.LoopRun	Matcher.Logic	291	303	true	true
EngineDbApi.hashRemove.pre	Bridge.EngineDbApi	232	232	true	true
MatcherInner.inner_fill._proof_1_4	Matcher.Inner	0	0	false	true
Matcher.runExt.eq_1	Matcher.Logic	0	0	false	false
Matcher.evalBin.eq_13	Matcher.Refines	0	0	false	false
_private.Bridge.EngineDbAbs.0.EngineDbAbs.decodeOrderType.match_1.eq_4	Bridge.EngineDbAbs	0	0	false	false
doMatch_buy_noCross_of_stable	MatchingEngine.Theorems	1821	1833	false	false
ProcessB.processB_order_cases	Bridge.ProcessB	390	410	false	false
MatcherRun.specTrace.eq_def	Matcher.Run	0	0	false	false
_private.Walk.EquivMatch.0.selfTradeConflict.match_1.eq_1	Walk.EquivMatch	0	0	false	false
EngineDbAbs.CStpMode.cancelNew.elim	Bridge.EngineDbAbs	65	65	false	false
Matcher.FunDef.mk.noConfusion	Matcher.Lang	0	0	false	false
EngineDbAbs.CStpMode.decrement.sizeOf_spec	Bridge.EngineDbAbs	0	0	false	false
Matcher.loopStep.match_1	Matcher.Logic	0	0	true	true
EngineDbApi.better	Bridge.EngineDbApi	117	120	true	true
Walk.Ctx.rec	Walk.Spec	143	147	true	false
EngineDbAbs.instEngineDbAbsStore._proof_20	Bridge.EngineDbAbs	0	0	false	false
EngineDbAbs.instReprCStpMode.repr	Bridge.EngineDbAbs	69	69	false	false
MatchResult.mk.inj	MatchingEngine.Match	0	0	false	false
_private.Bridge.EngineDbAbs.0.EngineDbAbs.decodeOrderType.match_1.eq_1	Bridge.EngineDbAbs	0	0	false	false
LevelOk_mono	MatchingEngine.TheoremsFull	79	81	false	false
EngineDbApi.tree_find_after_insert	Bridge.EngineDbApiLaws	131	139	false	false
Matcher.instDecidableEqOutcome	Matcher.Lang	182	182	false	false
Matcher.Ty.ofNat	Matcher.Lang	0	0	true	true
_private.Matcher.Refines.0.findOrderOnBook.match_1.splitter	Matcher.Refines	0	0	false	false
EngineDbAbs.mem_sortLevels	Bridge.EngineDbAbs	493	497	true	true
MatcherProgram.OT_MARKET	Matcher.Program	42	42	true	true
EngineDbApi.tInsert.pre	Bridge.EngineDbApi	286	289	true	true
MatcherInner.sinv_drop._proof_1_2	Matcher.Inner	0	0	false	true
_private.MatchingEngine.Theorems.0.doMatch.match_1.eq_2	MatchingEngine.Theorems	0	0	false	false
MatcherLoop.Loc.best._default	Matcher.LoopEnv	0	0	false	false
test_bug1	MatchingEngine.Tests	104	118	false	false
MatcherCancel.mem_cancel_queue	Matcher.Cancel	479	494	true	true
_private.MatchingEngine.TheoremsFull.0.doMatch.match_5.splitter	MatchingEngine.TheoremsFull	0	0	false	false
processOrder	MatchingEngine.Process	132	207	true	true
EngineDbAbs.sortLevels._unsafe_rec	Bridge.EngineDbAbs	0	0	false	false
EngineDbAbs.absSide	Bridge.EngineDbAbs	346	348	true	true
EngineDbApi.qInsertTail_preserves_WF	Bridge.EngineDbApiLaws	379	419	true	true
_private.Walk.RefineOuter.0.Walk.innerStep.match_1.eq_2	Walk.RefineOuter	0	0	false	false
test_bug1.match_1	MatchingEngine.Tests	0	0	false	false
instDecidableEqOrder.decEq.match_1	MatchingEngine.Order	0	0	true	true
_private.MatchingEngine.Theorems.0.matching_dispose_noCross_sell	MatchingEngine.Theorems	3402	3465	false	false
insertAsc.match_1	MatchingEngine.Book	0	0	true	true
MatcherRun.matcherRun.eq_def	Matcher.Run	0	0	false	false
_private.Matcher.Run.0.ProcessB.runB.match_1.eq_2	Matcher.Run	0	0	false	false
test_emptyBookInvariants	MatchingEngine.Tests	317	319	false	false
BookState.mk	MatchingEngine.Book	17	17	true	true
instInhabitedTimeInForce	MatchingEngine.Basic	34	34	true	true
EngineDbAbs.COrderType.ioc	Bridge.EngineDbAbs	58	58	true	true
ProcessB.ResultCode.accepted.sizeOf_spec	Bridge.ProcessB	0	0	false	false
Matcher.runExt_hashRemove	Matcher.Logic	475	478	true	true
EngineDbAbs.betterB.match_1	Bridge.EngineDbAbs	0	0	false	false
MatcherOuter.MCtx.Ok.recOn	Matcher.Outer	97	100	false	false
_private.Matcher.Run.0.findOrderOnBook.match_1.eq_2	Matcher.Run	0	0	false	false
EngineDbAbs.instDecidableEqBookView.decEq._proof_4	Bridge.EngineDbAbs	0	0	false	false
_private.Matcher.Logic.0.Matcher.runExt.match_5.eq_4	Matcher.Logic	0	0	false	false
MatcherRun.nB_idem	Matcher.Run	308	309	false	false
Walk.sideProc.match_1	Walk.Spec	0	0	true	false
Walk.sideProc_agree._simp_1_2	Walk.Equiv	0	0	true	false
MatcherInner.head_facts._proof_1_2	Matcher.Inner	0	0	false	true
MatchResult.contraSide	MatchingEngine.Theorems	39	41	false	false
ProcessB.removeLevelOrder_pairwise	Bridge.ProcessB	203	213	true	true
MatcherProgram.not'.eq_1	Matcher.Refines	0	0	false	false
doMatch_preserves_inc_side	MatchingEngine.Theorems	1455	1463	false	false
MatcherRun.specTrace._unsafe_rec	Matcher.Run	0	0	false	false
MatcherLoop.ev_qNextP	Matcher.LoopEnv	275	279	true	true
RestOk	MatchingEngine.TheoremsFull	43	52	false	false
Matcher.setOField.eq_2	Matcher.LoopEnv	0	0	false	false
OrderType.noConfusionType	MatchingEngine.Basic	0	0	false	false
EngineDbAbs.instEngineDbAbsStore._proof_47	Bridge.EngineDbAbs	0	0	false	false
EngineDbAbs.instDecidableEqCStpMode	Bridge.EngineDbAbs	69	69	false	false
MatcherOuter.MCtx.o1	Matcher.Outer	89	89	false	true
Matcher.LoopRun.ret	Matcher.Logic	300	303	true	true
MatcherCancel.refines_cancel	Matcher.Cancel	1036	1041	true	true
Walk.OW.ownEq	Walk.EquivMatch	532	532	true	false
Matcher.Val.level.noConfusion	Matcher.Lang	0	0	false	false
Matcher.runExt_tInsert	Matcher.Logic	515	518	true	true
_private.Matcher.Logic.0.Except.map.match_1.eq_2	Matcher.Logic	0	0	false	false
Walk.innerRun_stable	Walk.Basic	153	169	false	false
Matcher.Stmt.assign	Matcher.Lang	139	139	true	true
_private.Walk.EquivMatch.0.Walk.setHeadRem.match_1.splitter	Walk.EquivMatch	0	0	false	false
MatcherAccept.SpecOrd.stop	Matcher.Accept	37	37	true	true
_private.Matcher.Logic.0.Matcher.loopStep.match_6.eq_1	Matcher.Logic	0	0	false	false
EngineDbApi.LevelRow.ctorIdx	Bridge.EngineDbApi	0	0	false	false
Matcher.Expr.lit.elim	Matcher.Lang	93	93	false	false
MatcherInner.head_facts	Matcher.Inner	379	418	false	true
MatcherRest.rest_inv._proof_1_7	Matcher.Rest	0	0	true	true
Matcher.Program._sizeOf_1	Matcher.Lang	0	0	false	false
Matcher.liveLevel_some	Matcher.Logic	441	442	true	true
Matcher.FunDef.noConfusion	Matcher.Lang	158	166	false	false
EngineDbApi.Db.empty	Bridge.EngineDbApi	99	101	true	true
_private.Bridge.ProcessB.0.ProcessB.processB.match_1.eq_1	Bridge.ProcessB	0	0	false	false
MatcherSpec.mm_mod'	Matcher.SpecStep	52	59	true	true
AllInv.with_ltp	MatchingEngine.Theorems	223	225	false	false
Matcher.Expr.getL.injEq	Matcher.Lang	0	0	false	false
Matcher.Eval.ite_false	Matcher.Logic	238	241	true	true
MatcherRun.srch.eq_1	Matcher.Run	0	0	false	false
Matcher.Expr.nullL	Matcher.Lang	100	100	true	true
_private.Walk.EquivMatch.0.Walk.owner.match_1.eq_1	Walk.EquivMatch	0	0	false	false
MatcherInner.IInv.recOn	Matcher.Inner	196	208	false	false
Walk.w_inner_body._proof_1_4	Walk.RefineInner	0	0	true	false
MatcherRun.nL.eq_1	Matcher.Run	0	0	false	false
Matcher.instDecidableEqVal.decEq._proof_19	Matcher.Lang	0	0	false	false
MatcherLoop.contraT.eq_1	Matcher.Outer	0	0	false	false
EngineDbAbs.absQueue	Bridge.EngineDbAbs	323	326	true	true
Matcher.Ext.qInsertTail.elim	Matcher.Lang	128	128	false	false
ProcessB.requestMayRest	Bridge.ProcessB	77	81	true	true
MatcherAccept.SpecOrd.qty	Matcher.Accept	33	33	true	true
doMatch	MatchingEngine.Match	29	203	true	true
Walk.w_outer_body_trap	Walk.RefineOuter	341	422	true	false
MatcherRefines.ev_check5._simp_1_52	Matcher.Refines	0	0	false	false
EngineDbApi.OrderRow.mk.inj	Bridge.EngineDbApi	0	0	false	false
Matcher.Err.casesOn	Matcher.Lang	174	177	false	false
Walk.view_setRem	Walk.RefineInner	263	284	true	false
EngineDbApi.OrderRow.mk.injEq	Bridge.EngineDbApi	0	0	false	false
PriceLevel.noConfusionType	MatchingEngine.Book	0	0	true	false
Matcher.Expr.blit.sizeOf_spec	Matcher.Lang	0	0	false	false
EngineDbAbs.CStpMode	Bridge.EngineDbAbs	62	69	true	true
EngineDbApi.Db.WF.tree_nodup	Bridge.EngineDbApi	132	132	true	true
EngineDbApi.writeOrder_frame	Bridge.EngineDbFrame	36	51	false	false
instReprSTPPolicy	MatchingEngine.Basic	49	49	false	false
Walk.ids.eq_1	Walk.EquivMatch	0	0	false	false
_private.MatchingEngine.TheoremsFuel.0.doMatch.match_3.congr_eq_1	MatchingEngine.TheoremsFuel	0	0	true	true
Walk.none_of_isSome_false	Walk.EquivEntry	266	267	true	false
_private.Matcher.Run.0.insertOrder.match_1.eq_2	Matcher.Run	0	0	false	false
MatcherRest.rest_run._proof_1_8	Matcher.Rest	0	0	true	true
Matcher.Bound.capPlus.sizeOf_spec	Matcher.Lang	0	0	false	false
Timestamp	MatchingEngine.Basic	11	11	true	true
MatcherRefines.refines_capacity	Matcher.Refines	727	745	true	true
EngineDbAbs.instEngineDbAbsStore._proof_16	Bridge.EngineDbAbs	0	0	false	false
Walk.WO.book	Walk.RefineOuter	169	169	true	false
MatcherStore.levels_le_count	Matcher.StoreStep	409	429	true	true
_private.Matcher.SpecStep.0.orderSum.match_1.splitter	Matcher.SpecStep	0	0	false	false
Walk.WO.stopX	Walk.RefineOuter	173	173	true	false
Walk.conflict_iff._simp_1_3	Walk.EquivMatch	0	0	true	false
Walk.WR.book	Walk.RefineInner	45	45	true	false
MatcherInner.SInv.frame	Matcher.Inner	189	189	false	true
Matcher.execStmt	Matcher.Lang	469	544	true	true
instBEqSTPPolicy.beq	MatchingEngine.Basic	49	49	false	false
Matcher.Expr.brecOn.eq	Matcher.Lang	0	0	true	true
Matcher.BinOp.div.sizeOf_spec	Matcher.Lang	0	0	false	false
_private.Matcher.SpecStep.0.MatcherSpec.bidsOf.match_1.eq_2	Matcher.SpecStep	0	0	false	false
needOrder_le_computeProcessFuel._proof_1_4	MatchingEngine.TheoremsFuel	0	0	false	false
ProcessB.ResultCode.ofNat_ctorIdx	Bridge.ProcessB	0	0	false	false
_private.Matcher.Rest.0.Except.map.match_1.splitter	Matcher.Rest	0	0	false	false
Walk.WHead.hll	Walk.RefineInner	156	156	true	false
SideFresh	MatchingEngine.TheoremsFull	613	616	false	false
MatcherProgram.call1	Matcher.Program	77	77	true	true
EngineDbApi.WF_empty	Bridge.EngineDbApiLaws	20	34	false	false
_private.Matcher.Run.0.ProcessB.processB.match_3.eq_2	Matcher.Run	0	0	false	false
Matcher.Ext.levelAlloc.elim	Matcher.Lang	123	123	false	false
Matcher.Err.ofNat	Matcher.Lang	0	0	false	false
MatcherAccept.Static.mk._flat_ctor	Matcher.Accept	0	0	false	false
TimeInForce.ctorIdx	MatchingEngine.Basic	0	0	true	true
_private.Matcher.Logic.0.Matcher.loopStep.match_3.eq_1	Matcher.Logic	0	0	false	false
OrderStatus.casesOn	MatchingEngine.Basic	36	42	true	true
MatcherRefines.runEntry_fuel_stable.match_1_3	Matcher.Refines	0	0	false	false
instDecidableEqOrder	MatchingEngine.Order	32	32	true	true
EngineDbApi.Tree.ctorElim	Bridge.EngineDbApi	73	77	false	false
MatcherSpec.step_decrement_part	Matcher.SpecStep	287	304	true	true
_private.Matcher.Run.0.MatcherRun.matcherRun.match_6.eq_1	Matcher.Run	0	0	false	false
MatcherInner.OCtx._sizeOf_1	Matcher.Inner	0	0	false	false
Order.visibleQty	MatchingEngine.Order	26	26	true	true
MatcherProgram.STP_NONE	Matcher.Program	45	45	true	true
EngineDbAbs.CStpMode.decrement	Bridge.EngineDbAbs	68	68	true	true
MatcherOuter.omeasure	Matcher.Outer	120	121	false	true
Walk.idOnBook_sides._simp_1_1	Walk.Refine	0	0	true	false
Matcher.Err.overflow.sizeOf_spec	Matcher.Lang	0	0	false	false
processCascade.eq_3	MatchingEngine.TheoremsFuel	0	0	false	false
MatcherRun.specTrace.eq_1	Matcher.Run	0	0	false	false
Matcher.instDecidableEqVal.decEq._proof_23	Matcher.Lang	0	0	false	false
MatcherRefines.dupSt	Matcher.Refines	660	661	true	true
Side.buy	MatchingEngine.Basic	17	17	true	true
Matcher.Ext.tRemove.noConfusion	Matcher.Lang	0	0	false	false
STPGuarantee.eq_1	Bridge.ProcessB	0	0	false	false
_private.Matcher.LoopEnv.0.Matcher.setOField.match_1.eq_6	Matcher.LoopEnv	0	0	false	false
EngineDbApi.Db.levelLive.eq_1	Bridge.EngineDbApiLaws	0	0	false	false
MatcherCancel.refines_cancel_resting._proof_1_4	Matcher.Cancel	0	0	true	true
processCascade._unsafe_rec	MatchingEngine.Process	0	0	false	false
Matcher.Err.type.sizeOf_spec	Matcher.Lang	0	0	false	false
MatcherStore.InvM.levels_resting	Matcher.StoreStep	396	396	true	true
Matcher.instDecidableEqVal.decEq._proof_1	Matcher.Lang	0	0	false	false
insertOrder_BookOkAt_max	MatchingEngine.TheoremsFull	919	931	false	false
process_all_stops_sublist	MatchingEngine.TheoremsFuel	60	118	false	false
MatcherRefines.Inv.orders_resting	Matcher.Refines	93	93	true	true
Walk.hasId.eq_1	Walk.EquivEntry	0	0	false	false
Matcher.Expr.un	Matcher.Lang	97	97	true	true
_private.MatchingEngine.Theorems.0.processOrder.match_1.eq_2	MatchingEngine.Theorems	0	0	false	false
setContraLevels	MatchingEngine.Book	104	108	false	false
Walk.allIds	Walk.Equiv	33	40	true	false
instDecidableEqTimeInForce._proof_2	MatchingEngine.Basic	0	0	true	true
Walk.innerStep_isSome._proof_1_3	Walk.Basic	0	0	true	false
Matcher.instDecidableEqVal.decEq._proof_29	Matcher.Lang	0	0	false	false
bidsSortedDescB._unsafe_rec	MatchingEngine.Invariants	0	0	false	false
Matcher.loopStep_cases	Walk.LogicInv	23	36	true	false
STPPolicy.noConfusionType	MatchingEngine.Basic	0	0	false	false
Walk.WR.recOn	Walk.RefineInner	38	50	false	false
Walk.WFr.rec	Walk.RefineOuter	29	35	false	false
contraInput	MatchingEngine.Theorems	31	33	false	false
EngineDbApi.instDecidableEqLevelRow.decEq.match_1	Bridge.EngineDbApi	0	0	false	false
_private.Matcher.Accept.0.EngineDbAbs.decodeSide.match_1.eq_2	Matcher.Accept	0	0	false	false
EngineDbAbs.COrderType.isPostOnly.match_1	Bridge.EngineDbAbs	0	0	true	true
EngineDbAbs.le_foldl_max_init	Bridge.EngineDbAbs	724	727	false	false
Matcher.Ext.qNext.elim	Matcher.Lang	128	128	false	false
MatcherSpec.AtHead.price	Matcher.SpecStep	220	220	true	true
Matcher.instDecidableEqVal.decEq._proof_17	Matcher.Lang	0	0	false	false
ProcessB.Req.order.inj	Bridge.ProcessB	0	0	false	false
doMatch_bids_of_buy	MatchingEngine.TheoremsFull	409	420	false	false
Walk.innerStep_shape	Walk.Basic	67	105	true	false
Walk.count_eq_bookSize	Walk.EquivEntry	57	58	true	false
Matcher.BinOp.casesOn	Matcher.Lang	86	90	true	true
_private.Bridge.EngineDbAbs.0.EngineDbAbs.bidsSorted_of_pairwise	Bridge.EngineDbAbs	533	542	false	false
MatcherOuter.notDone_of	Matcher.Outer	123	133	false	true
processTriggeredStops_clock_ge	MatchingEngine.TheoremsFull	834	836	false	false
_private.MatchingEngine.Theorems.0.processOrder.match_1.splitter	MatchingEngine.Theorems	0	0	false	false
convertStop._sparseCasesOn_1	MatchingEngine.Process	111	121	true	true
ProcessB.SideOk_removeLevelOrder	Bridge.ProcessB	225	232	false	false
_private.Matcher.Logic.0.Matcher.liveLevel.match_1.eq_2	Matcher.Logic	0	0	false	false
EngineDbApi.readLevel_writeLevel_same	Bridge.EngineDbFrame	53	57	false	false
processTriggeredStops.eq_2	MatchingEngine.TheoremsFuel	0	0	false	false
process_all_fuel_stable._proof_1_7	MatchingEngine.TheoremsFuel	0	0	false	false
canMatchPrice.match_3	MatchingEngine.Match	0	0	true	true
EngineDbApi.EngineDb.count_orderAlloc	Bridge.EngineDbApi	386	386	true	true
MatcherAccept.ev_poCond_none	Matcher.Accept	234	237	true	true
MatcherRefines.argsOf.eq_1	Matcher.Refines	0	0	false	false
_private.Matcher.Refines.0.Matcher.evalExpr.match_11.eq_4	Matcher.Refines	0	0	false	false
Order.casesOn	MatchingEngine.Order	15	32	true	true
Matcher.Expr.bin.elim	Matcher.Lang	98	98	false	false
MatcherLoop.Loc.rem	Matcher.LoopEnv	144	144	true	true
EngineDbAbs.sortLevels	Bridge.EngineDbAbs	341	344	true	true
EngineDbApi.Tree.rec	Bridge.EngineDbApi	73	77	true	true
EngineDbAbs.CStpMode.policy.eq_3	Matcher.Inner	0	0	false	false
MatcherRefines.order_run	Matcher.Refines	155	161	true	true
MatcherLoop.Loc.noConfusion	Matcher.LoopEnv	143	155	false	false
EngineDbAbs.instDecidableEqCRequest.decEq._proof_8	Bridge.EngineDbAbs	0	0	false	false
Matcher.Stmt.assign.inj	Matcher.Lang	0	0	false	false
EngineDbAbs.OrderView	Bridge.EngineDbAbs	363	379	true	true
EngineDbApi.hashInsert.post	Bridge.EngineDbApi	225	230	true	true
MatcherRefines.bind_order_params	Matcher.Refines	141	146	true	true
convertStop_timestamp	MatchingEngine.TheoremsFull	519	523	false	false
Walk.outer_sim	Walk.EquivMatch	653	676	true	false
MatcherStore.prioB_of_better._proof_1_1	Matcher.StoreStep	0	0	true	true
_private.Matcher.LoopEnv.0.Matcher.instReprBound.repr.match_1.splitter	Matcher.LoopEnv	0	0	false	false
MatcherSpec.AtHead.notCancelled	Matcher.SpecStep	228	230	false	false
EngineDbApi.EngineDb.qFirst_law	Bridge.EngineDbApi	375	375	true	true
Walk.innerRun_ok._unary	Walk.Basic	0	0	true	false
EngineDbAbs.CRequest.toSpec	Bridge.EngineDbAbs	161	169	true	true
Walk.canMatch_iff._simp_1_2	Walk.EquivMatch	0	0	false	false
Trade.aggStpGroup	MatchingEngine.Order	42	42	false	false
Matcher.Stmt.ext.injEq	Matcher.Lang	0	0	false	false
EngineDbAbs.betterB.eq_1	Bridge.EngineDbAbs	0	0	false	false
_private.Bridge.EngineDbApiLaws.0.EngineDbApi.live_free	Bridge.EngineDbApiLaws	177	183	true	true
Walk.mem_side_of_find	Walk.EquivEntry	351	357	true	false
Matcher.St.mk.inj	Matcher.Lang	0	0	false	false
OrderStatus.cancelled	MatchingEngine.Basic	40	40	true	true
Matcher.Ext.tInsert.sizeOf_spec	Matcher.Lang	0	0	false	false
Matcher.asU64.match_1	Matcher.Lang	0	0	true	true
ProcessB.ResultCode.cancelled	Bridge.ProcessB	50	50	true	true
doMatch_buy_preserves_inc_price	MatchingEngine.Theorems	1465	1502	false	false
_private.Matcher.Run.0.MatcherRun.matcherRun.match_3.eq_2	Matcher.Run	0	0	false	false
Matcher.toNatTrade	Matcher.Lang	466	467	true	true
Matcher.instInhabitedStmt.default	Matcher.Lang	151	151	false	false
SideOk_reload_back	MatchingEngine.TheoremsFull	178	198	false	false
MatcherRun.matcherRun.match_3	Matcher.Run	0	0	false	false
MatcherLoop.stpCond.eq_1	Matcher.LoopEnv	0	0	false	false
_private.MatchingEngine.Theorems.0.doMatch.match_9.splitter	MatchingEngine.Theorems	0	0	false	false
ProcessB.TradeObs._sizeOf_1	Bridge.ProcessB	0	0	false	false
EngineDbApi.EngineDb.orderAlloc_law	Bridge.EngineDbApi	348	348	true	true
Matcher.Ext.ctorIdx	Matcher.Lang	0	0	false	false
_private.Matcher.Logic.0.Matcher.execStmt.match_16.eq_1	Matcher.Logic	0	0	false	false
MatcherLoop.Loc.casesOn	Matcher.LoopEnv	143	155	false	false
Matcher.runExt.eq_16	Matcher.Logic	0	0	false	false
MatcherSpec.AtHead.mk._flat_ctor	Matcher.SpecStep	0	0	false	false
process_all_preserve_AllInv._simp_1_2	MatchingEngine.Theorems	0	0	false	false
Matcher.Outcome.ret.elim	Matcher.Lang	181	181	false	false
Walk.WCore.ll1	Walk.RefineInner	311	311	true	false
MatcherInner.RowView.mk._flat_ctor	Matcher.Inner	0	0	false	false
Matcher.Expr.getL.elim	Matcher.Lang	105	106	false	false
MatcherRun.matcherRun	Matcher.Run	545	555	false	false
mkWithSTP	MatchingEngine.Tests	60	61	false	false
EngineDbAbs.COrderType._sizeOf_1	Bridge.EngineDbAbs	0	0	false	false
FIFOWithinLevel	MatchingEngine.Invariants	59	61	false	false
MatcherInner.ReqOk.policy	Matcher.Inner	62	62	false	true
Matcher.Stmt.ret.noConfusion	Matcher.Lang	0	0	false	false
insertAsc._sunfold	MatchingEngine.Book	0	0	false	false
BookState._sizeOf_1	MatchingEngine.Book	0	0	false	false
MatcherRefines.Eval.when_pass	Matcher.Refines	375	377	true	true
instReprOrderType.repr	MatchingEngine.Basic	27	27	false	false
Walk.w_side_cont._proof_1_2	Walk.Refine	0	0	true	false
MatcherProgram.u	Matcher.Program	67	67	true	true
ProcessB.instReprReq	Bridge.ProcessB	46	46	false	false
Matcher.instReprVal.repr.match_1	Matcher.Lang	0	0	true	true
Walk.invM_setRem	Walk.RefineInner	218	238	true	false
Matcher.instDecidableEqVal.decEq._proof_6	Matcher.Lang	0	0	false	false
MatcherSpec.dec_aux2	Matcher.SpecStep	64	65	true	true
Walk.innerStep.match_1	Walk.Spec	0	0	true	false
EngineDbAbs.absQueue.eq_1	Bridge.EngineDbAbs	0	0	false	false
_private.Matcher.Run.0.ProcessB.processB.match_1.eq_2	Matcher.Run	0	0	false	false
MatcherRun.mrOf_congr	Matcher.Run	386	395	false	false
Matcher.Err.ctorElim	Matcher.Lang	174	177	false	false
EngineDbAbs.AbsStore.mk.sizeOf_spec	Bridge.EngineDbAbs	0	0	false	false
OrderType.toCtorIdx	MatchingEngine.Basic	0	0	false	false
MatcherInner.IInv.stop	Matcher.Inner	201	201	false	true
_private.Walk.EquivMatch.0.Walk.normC.match_1.eq_1	Walk.EquivMatch	0	0	false	false
instInhabitedSide	MatchingEngine.Basic	19	19	true	true
EngineDbApi.Db.levels	Bridge.EngineDbApi	81	81	true	true
doMatch_sell_preserves_inc_side	MatchingEngine.Theorems	1416	1453	false	false
_private.Walk.EquivEntry.0.Walk.innerStep.match_1.splitter	Walk.EquivEntry	0	0	false	false
Matcher.Err.type.elim	Matcher.Lang	175	175	false	false
EngineDbApi.instDecidableEqOrderRow.decEq	Bridge.EngineDbApi	66	66	false	false
MatcherRun.idOnBook_nB	Matcher.Run	268	269	false	false
MatcherAccept.side_cont._proof_1_3	Matcher.Accept	0	0	false	true
Walk.levelsUsed_sides._proof_1_1	Walk.Equiv	0	0	true	false
_private.Matcher.LoopEnv.0.Matcher.setOField.match_1.eq_7	Matcher.LoopEnv	0	0	false	false
MatcherAccept.ev_call_side	Matcher.Accept	539	559	true	true
Walk.levelCount.eq_1	Walk.Basic	0	0	false	false
MatcherSpec.AtHead.noIceberg	Matcher.SpecStep	223	223	true	true
Matcher.evalExpr.match_11	Matcher.Lang	0	0	true	true
_private.Matcher.Refines.0.MatcherRefines.capU_toNat._proof_1_1	Matcher.Refines	0	0	true	true
Matcher.Outcome.ret	Matcher.Lang	181	181	true	true
MatcherLoop.Loc.ord._default	Matcher.LoopEnv	0	0	false	false
Matcher.LField.toCtorIdx	Matcher.Lang	0	0	false	false
Order.stpPolicy	MatchingEngine.Order	31	31	true	true
MatcherInner.nextIn_head	Matcher.Inner	343	344	true	true
Matcher.instInhabitedExpr.default	Matcher.Lang	111	111	false	false
runFrom._unsafe_rec	MatchingEngine.TheoremsReachable	0	0	false	false
MatcherInner.inner_fill._proof_1_10	Matcher.Inner	0	0	false	true
_private.Matcher.Outer.0.canMatchPrice.match_1.splitter	Matcher.Outer	0	0	false	false
_private.Matcher.Refines.0.Except.map.match_1.eq_2	Matcher.Refines	0	0	false	false
doMatch_sell_noCross_of_stable	MatchingEngine.Theorems	1835	1846	false	false
MatcherLoop.sEnv.eq_1	Matcher.LoopEnv	0	0	false	false
SideFresh_matchedBook	MatchingEngine.TheoremsFull	872	891	false	false
instDecidableEqOrder.decEq._proof_13	MatchingEngine.Order	0	0	true	true
_private.Walk.EquivMatch.0.Walk.sideL_setHeadRem.match_1.eq_1	Walk.EquivMatch	0	0	false	false
Walk.innerStep.match_3	Walk.Spec	0	0	true	false
_private.Matcher.Logic.0.Matcher.execStmt.match_3.eq_1	Matcher.Logic	0	0	false	false
EngineDbApi.qRemove_valid	Bridge.EngineDbApiLaws	615	618	false	false
EngineDbApi.LevelRow.casesOn	Bridge.EngineDbApi	68	71	true	true
instDecidableEqOrder.decEq._proof_12	MatchingEngine.Order	0	0	true	true
_private.Matcher.Refines.0.EngineDbAbs.decodeOrderType.match_1.splitter	Matcher.Refines	0	0	true	true
Matcher.execStmt.eq_1	Matcher.Logic	0	0	false	false
Walk.refines.match_1_1	Walk.Refine	0	0	true	false
Matcher.Bound.noConfusionType	Matcher.Lang	0	0	false	false
_private.Matcher.Logic.0.Matcher.execStmt.match_16.eq_2	Matcher.Logic	0	0	false	false
EngineDbApi.EngineDb.tFind_law	Bridge.EngineDbApi	379	379	true	true
_private.Bridge.EngineDbAbs.0.EngineDbAbs.COrderType.isPostOnly.match_1.eq_1	Bridge.EngineDbAbs	0	0	false	false
EngineDbAbs.toSpec_none_iff._simp_1_4	Bridge.EngineDbAbs	0	0	false	false
EngineDbAbs.instDecidableEqCRequest.decEq._proof_6	Bridge.EngineDbAbs	0	0	false	false
OrderType.stopLimit	MatchingEngine.Basic	25	25	true	true
_private.Walk.EquivEntry.0.ProcessB.processB.match_5.eq_1	Walk.EquivEntry	0	0	false	false
_private.Matcher.Refines.0.Matcher.instReprOutcome.repr.match_1.splitter	Matcher.Refines	0	0	false	false
Matcher.OField.side.elim	Matcher.Lang	73	73	false	false
EngineDbAbs.absQueue_fifo._proof_1_3	Bridge.EngineDbAbs	0	0	false	false
Matcher.instDecidableEqVal.decEq._proof_16	Matcher.Lang	0	0	false	false
Matcher.Err.fuel	Matcher.Lang	176	176	true	true
insertOrder.match_1	MatchingEngine.Book	0	0	true	true
Matcher.instReprExpr	Matcher.Lang	111	111	false	false
Walk.length_le_ids	Walk.Equiv	67	68	true	false
MatcherAccept.side_run	Matcher.Accept	422	515	false	true
EngineDbAbs.OrderView.mk._flat_ctor	Bridge.EngineDbAbs	0	0	false	false
EngineDbAbs.CStpMode.cancelOld.elim	Bridge.EngineDbAbs	66	66	false	false
EngineDbAbs.LevelView.noConfusion	Bridge.EngineDbAbs	387	390	true	true
_private.MatchingEngine.TheoremsFuel.0.canMatchPrice.match_1.eq_1	MatchingEngine.TheoremsFuel	0	0	false	false
MatcherAccept.SpecOrd.minq	Matcher.Accept	35	35	true	true
MatcherInner.IncShape.updSt	Matcher.Inner	50	52	true	true
Walk.sideL.match_1	Walk.Spec	0	0	true	false
MatcherStore.Frame	Matcher.StoreStep	80	86	true	true
MatcherProgram.b2.eq_1	Matcher.Refines	0	0	false	false
test_cancel.match_1	MatchingEngine.Tests	0	0	false	false
Walk.Ctx.mk.inj	Walk.Spec	0	0	false	false
contraLevels	MatchingEngine.Book	98	102	true	true
MatcherInner.inner_fill._proof_1_8	Matcher.Inner	0	0	false	true
Matcher.Val.u64.inj	Matcher.Lang	0	0	false	false
_private.Matcher.Refines.0.EngineDbAbs.decodeOrderType.match_1.eq_4	Matcher.Refines	0	0	false	false
MatcherCancel.cancel_orders_resting	Matcher.Cancel	672	679	true	true
MatcherLoop.Loc.mk.injEq	Matcher.LoopEnv	0	0	false	false
Matcher.Expr.noConfusion	Matcher.Lang	92	111	false	false
MatcherStore.InvM.levels_eq	Matcher.StoreStep	398	398	true	true
EngineDbApi.Db.WF.casesOn	Bridge.EngineDbApi	122	139	false	false
EngineDbApi.EngineDb.count_hashInsert	Bridge.EngineDbApi	393	393	true	true
EngineDbApi.instDecidableEqOrderRow.decEq._proof_5	Bridge.EngineDbApi	0	0	false	false
Order.stpGroup	MatchingEngine.Order	30	30	true	true
doMatch_sell_output_stable	MatchingEngine.Theorems	2632	3126	false	false
Walk.Ctx.noConfusionType	Walk.Spec	0	0	false	false
MatcherCancel.mem_cancel_queue.match_1_1	Matcher.Cancel	0	0	true	true
Matcher.instDecidableEqVal.decEq._proof_10	Matcher.Lang	0	0	false	false
_private.Bridge.EngineDbApiLaws.0.EngineDbApi.live_alloc	Bridge.EngineDbApiLaws	161	167	true	true
Matcher.Expr.brecOn	Matcher.Lang	92	111	true	true
_private.Walk.EquivEntry.0.ProcessB.processB.match_5.eq_2	Walk.EquivEntry	0	0	false	false
ProcessB.ResultCode.rejectedDuplicate	Bridge.ProcessB	53	53	true	true
EngineDbApi.nextIn.match_1	Bridge.EngineDbApi	0	0	true	true
MatcherOuter.OStep	Matcher.Outer	220	223	false	true
doMatch_buy_output_stable._proof_1_6	MatchingEngine.Theorems	0	0	false	false
PriceLevel.mk.noConfusion	MatchingEngine.Book	0	0	true	false
Matcher.BinOp.mul.elim	Matcher.Lang	87	87	false	false
EngineDbAbs.BookView.mk.inj	Bridge.EngineDbAbs	0	0	false	false
computeMatchFuel_gt_matchMeasure	MatchingEngine.Theorems	3322	3330	true	true
MatcherStore.drop_clientInvM	Matcher.StoreStep	217	242	true	true
Matcher.runEntry_of_eval	Matcher.Logic	418	428	true	true
EngineDbApi.EngineDb.levelCount_law	Bridge.EngineDbApi	364	364	true	true
Matcher.Expr.recOn	Matcher.Lang	92	111	false	false
EngineDbApi.instReprLevelRow	Bridge.EngineDbApi	71	71	false	false
EngineDbApi.OrderRow.remaining	Bridge.EngineDbApi	65	65	true	true
Matcher.Ext.hashInsert.elim	Matcher.Lang	127	127	false	false
MatcherInner.OCtx	Matcher.Inner	160	171	false	true
MatcherLoop.dropS_facts._proof_1_1	Matcher.LoopEnv	0	0	true	true
Walk.WHead.mk._flat_ctor	Walk.RefineInner	0	0	false	false
Matcher.instDecidableEqVal	Matcher.Lang	55	55	false	false
MatcherRun.nO_id	Matcher.Run	51	51	false	false
MatcherSpec.doMatch_fuel_stable._proof_1_7	Matcher.SpecStep	0	0	true	true
Walk.innerRun	Walk.Spec	216	219	true	false
Walk.WFr.mk	Walk.RefineOuter	31	31	true	false
MatcherStore.ClientInvM	Matcher.StoreStep	159	170	true	true
Walk.srch_fst	Walk.EquivEntry	272	305	true	false
Walk.IR.mk._flat_ctor	Walk.EquivMatch	0	0	false	false
MatchResult.clock	MatchingEngine.Match	26	26	true	true
Matcher.Expr.blit	Matcher.Lang	95	95	true	true
MatcherInner.HeadFacts.hrle	Matcher.Inner	366	366	false	false
MatcherAccept.SpecOrd.ty	Matcher.Accept	30	30	true	true
MatcherOuter.MCtx.own	Matcher.Outer	90	90	false	true
_private.Matcher.Refines.0.Matcher.evalExpr.match_1.splitter	Matcher.Refines	0	0	false	false
Matcher.Ident	Matcher.Lang	36	36	true	true
EngineDbAbs.COrderType.ctorIdx	Bridge.EngineDbAbs	0	0	true	true
OrderType.stopLimit.sizeOf_spec	MatchingEngine.Basic	0	0	false	false
Walk.policy_of	Walk.EquivMatch	100	109	true	false
Matcher.Err.arity	Matcher.Lang	176	176	true	true
Order.WellFormed.eq_1	Bridge.EngineDbAbs	0	0	false	false
Matcher.evalBin.eq_1	Matcher.Refines	0	0	false	false
MatcherRefines.decodeSide_none_iff	Matcher.Refines	189	192	true	true
_private.Bridge.EngineDbAbs.0.EngineDbAbs.CRequest.toSpec.match_1.eq_1	Bridge.EngineDbAbs	0	0	false	false
Matcher.Expr.ctorIdx	Matcher.Lang	0	0	false	false
Walk.cancel	Walk.Spec	320	334	true	false
Matcher.Expr.var	Matcher.Lang	96	96	true	true
Matcher.Err.noFun.elim	Matcher.Lang	176	176	false	false
EngineDbAbs.decodeSide	Bridge.EngineDbAbs	83	87	true	true
MatcherRefines.decodeStpMode_none_iff	Matcher.Refines	194	198	true	true
MatcherInner.SInv.mem	Matcher.Inner	214	216	false	true
matchOrder	MatchingEngine.Match	206	208	true	true
shouldTrigger.match_1	MatchingEngine.Process	0	0	true	true
MatcherInner.OCtx.mk.inj	Matcher.Inner	0	0	false	false
_private.Bridge.EngineDbAbs.0.EngineDbAbs.decodeStpMode_isSome	Bridge.EngineDbAbs	178	180	false	false
EngineDbAbs.prioB.match_1	Bridge.EngineDbAbs	0	0	true	true
ProcessB.Req.casesOn	Bridge.ProcessB	42	46	true	true
doMatch_preserves_AllInv	MatchingEngine.Theorems	1723	1737	false	false
ProcessResult.mk.inj	MatchingEngine.Process	0	0	false	false
needOrder_le_computeProcessFuel	MatchingEngine.TheoremsFuel	321	336	false	false
Matcher.LoopRun.mono	Matcher.Logic	402	416	false	true
Walk.IR.pos	Walk.EquivMatch	60	60	true	false
Matcher.loopRun_of_fold	Walk.LogicInv	38	63	true	false
EngineDbAbs.absOrderAlloc.eq_1	Bridge.EngineDbAbs	0	0	false	false
_private.Bridge.EngineDbAbs.0.EngineDbAbs.prioB.match_1.splitter	Bridge.EngineDbAbs	0	0	false	false
MatcherSpec.dec_aux1	Matcher.SpecStep	61	62	true	true
Matcher.Stmt.ext	Matcher.Lang	144	145	true	true
_private.Matcher.Refines.0.Matcher.bindResult.match_1.eq_2	Matcher.Refines	0	0	false	false
_private.Matcher.Logic.0.Matcher.execStmt.match_9.splitter	Matcher.Logic	0	0	false	false
MatcherSpec.mm_skip'	Matcher.SpecStep	45	50	true	true
_private.Matcher.Refines.0.Matcher.evalBin.match_1.eq_2	Matcher.Refines	0	0	false	false
EngineDbAbs.sideOfTree.eq_2	Matcher.Accept	0	0	false	false
EngineDbApi.OrderRow	Bridge.EngineDbApi	57	66	true	true
SideOk_mono	MatchingEngine.TheoremsFull	83	85	false	false
EngineDbAbs.CRequest.id	Bridge.EngineDbAbs	74	74	true	true
_private.Matcher.Logic.0.Matcher.exec_call.match_3.eq_2	Matcher.Logic	0	0	false	false
BookOk_empty	MatchingEngine.TheoremsFull	1403	1404	false	false
MatcherInner.HeadFacts.hrv	Matcher.Inner	367	367	false	true
Matcher.Stmt.skip.elim	Matcher.Lang	137	137	false	false
MatcherSpec.step_fill_full	Matcher.SpecStep	312	325	true	true
EngineDbAbs.toSpec_none_iff._proof_1_8	Bridge.EngineDbAbs	0	0	false	false
ProcessB.processB_AllInv	Bridge.ProcessB	459	461	false	false
MatcherSpec.decInc.eq_1	Walk.EquivMatch	0	0	false	false
_private.Matcher.Refines.0.Matcher.bindParams.match_1.eq_3	Matcher.Refines	0	0	false	false
findOrderOnBook.match_1	MatchingEngine.Cancel	0	0	true	true
Matcher.runExt_owner	Matcher.Logic	448	450	true	true
removeOrder	MatchingEngine.Book	88	92	false	false
MatcherInner.stpGroupOf_eq	Matcher.Inner	112	117	false	false
MatcherLoop.ev_outerCond	Matcher.LoopEnv	482	484	true	true
Matcher.Err.noReturn	Matcher.Lang	176	176	true	true
Matcher.runExt.match_5	Matcher.Lang	0	0	true	true
MatcherInner.decInc_aggr	Matcher.Inner	626	632	false	true
MatcherSpec.fillTrade	Matcher.SpecStep	306	310	true	true
ProcessB.processB_rejected	Bridge.ProcessB	335	346	false	false
isStopT	MatchingEngine.TheoremsFuel	47	49	false	false
MatcherLoop.ev_stp_eq	Matcher.LoopEnv	467	469	true	true
_private.Bridge.EngineDbAbs.0.EngineDbAbs.decodeOrderType.match_1.splitter	Bridge.EngineDbAbs	0	0	false	false
Matcher.instReprVal	Matcher.Lang	55	55	false	false
MatcherLoop.Loc.victim	Matcher.LoopEnv	149	149	true	true
_private.Matcher.Logic.0.Matcher.execStmt.match_7.eq_1	Matcher.Logic	0	0	false	false
MatcherRefines.side_length	Matcher.Refines	500	504	true	true
EngineDbAbs.better_of_not._proof_1_2	Bridge.EngineDbAbs	0	0	false	false
EngineDbApi.EngineDb.writeOrder_law	Bridge.EngineDbApi	359	359	true	true
EngineDbAbs.AbsStore.mk.inj	Bridge.EngineDbAbs	0	0	false	false
doMatch_sell_preserves_bids_sorted	MatchingEngine.Theorems	1139	1221	false	false
MatcherRefines.Eval.when_true	Matcher.Refines	299	301	true	true
_private.Walk.RefineInner.0.Walk.sideL_setHeadRem.match_1.eq_2	Walk.RefineInner	0	0	false	false
MatcherOuter.MCtx.t	Matcher.Outer	95	95	false	true
EngineDbApi.EngineDb.count_qInsertTail	Bridge.EngineDbApi	395	395	true	true
Trade.aggressorSide	MatchingEngine.Order	40	40	false	false
_private.Matcher.Refines.0.EngineDbAbs.decodeOrderType.match_1.eq_3	Matcher.Refines	0	0	false	false
Matcher.Expr.rec	Matcher.Lang	92	111	true	true
_private.Bridge.EngineDbAbs.0.EngineDbAbs.le_sum_map_of_mem	Bridge.EngineDbAbs	605	611	false	false
process_all_fuel_stable._proof_1_8	MatchingEngine.TheoremsFuel	0	0	false	false
_private.Matcher.Run.0.MatcherRun.specTrace.match_1.eq_1	Matcher.Run	0	0	false	false
EngineDbAbs.CStpMode.ctorElim	Bridge.EngineDbAbs	62	69	false	false
_private.Walk.Basic.0.Walk.innerStep.match_1.eq_1	Walk.Basic	0	0	false	false
Matcher.Val.code.sizeOf_spec	Matcher.Lang	0	0	false	false
Matcher.instDecidableEqVal.decEq._proof_28	Matcher.Lang	0	0	false	false
Matcher.instInhabitedVal.default	Matcher.Lang	55	55	false	false
cascade_step	MatchingEngine.TheoremsFull	961	971	false	false
EngineDbApi.better_antisymm	Bridge.EngineDbApiLaws	56	58	false	false
_private.Bridge.EngineDbApiLaws.0.EngineDbApi.better.match_1.eq_2	Bridge.EngineDbApiLaws	0	0	false	false
Matcher.Stmt.emit.sizeOf_spec	Matcher.Lang	0	0	false	false
_private.Matcher.Refines.0.Matcher.evalExpr.match_11.splitter	Matcher.Refines	0	0	true	true
ProcessB.obs	Bridge.ProcessB	133	136	false	false
List.head?.eq_2	MatchingEngine.TheoremsElegant	0	0	false	false
EngineDbApi.EngineDb.mk.noConfusion	Bridge.EngineDbApi	0	0	false	false
OrderType.marketToLimit	MatchingEngine.Basic	24	24	true	true
Matcher.foldl_loopStep_done	Matcher.Logic	331	339	true	true
EngineDbApi.Tree.ctorIdx	Bridge.EngineDbApi	0	0	true	true
_private.Bridge.EngineDbAbs.0.EngineDbAbs.LvPrio	Bridge.EngineDbAbs	499	499	true	true
Walk.length_le_sideCount	Walk.Basic	241	248	true	false
MatcherOuter.MCtx	Matcher.Outer	85	93	false	true
mkMTL	MatchingEngine.Tests	53	58	false	false
_private.Matcher.Refines.0.MatcherRefines.u8_lit	Matcher.Refines	180	181	true	true
Walk.WFr.casesOn	Walk.RefineOuter	29	35	false	false
Walk.dropBest.eq_1	Walk.EquivMatch	0	0	true	false
_private.Walk.LogicInv.0.Matcher.loopStep.match_1.eq_1	Walk.LogicInv	0	0	false	false
MatcherLoop.set_fill	Matcher.LoopEnv	207	208	true	true
EngineDbAbs.instReprLevelView.repr	Bridge.EngineDbAbs	390	390	false	false
Matcher.evalBin._sparseCasesOn_2	Matcher.Lang	223	238	true	true
instInhabitedBookState.default	MatchingEngine.Book	24	24	false	false
MatcherSpec.rest	Matcher.SpecStep	134	137	true	true
Matcher.LoopRun.stop	Matcher.Logic	293	295	true	true
Matcher.runEntry.eq_1	Matcher.Logic	0	0	false	false
MatcherLoop.restCond	Matcher.LoopEnv	94	95	true	true
Matcher.BinOp.ctorElim	Matcher.Lang	86	90	false	false
Order.displayQty	MatchingEngine.Order	25	25	true	true
le_dispose_clock	MatchingEngine.TheoremsFull	745	747	false	false
Matcher.BinOp.ne.elim	Matcher.Lang	88	88	false	false
Walk.sideL_dropBest	Walk.Basic	41	43	true	false
process_preserves_uncrossed	MatchingEngine.Theorems	3954	3967	false	false
MatcherInner.OCtx.r	Matcher.Inner	162	162	false	true
EngineDbAbs.COrderType.tif.eq_2	Bridge.EngineDbAbs	0	0	false	false
MatcherStore.drop_orders_resting	Matcher.StoreStep	244	251	true	true
Matcher.runExt	Matcher.Lang	356	438	true	true
Matcher.Ext.levelFree.sizeOf_spec	Matcher.Lang	0	0	false	false
EngineDbAbs.absBook_empty_view	Bridge.EngineDbAbs	466	466	false	false
Matcher.FunDef.mk._flat_ctor	Matcher.Lang	0	0	false	false
Matcher.Err.ctorIdx	Matcher.Lang	0	0	false	false
instDecidableEqSTPPolicy._proof_1	MatchingEngine.Basic	0	0	true	true
EngineDbApi.Db.levelUsed	Bridge.EngineDbApi	144	145	false	false
EngineDbAbs.bookView	Bridge.EngineDbAbs	403	405	true	true
processOrder._sunfold	MatchingEngine.Process	0	0	false	false
_private.Bridge.EngineDbAbs.0.EngineDbAbs.le_sum_map_of_mem._proof_1_3	Bridge.EngineDbAbs	0	0	false	false
Walk.done.eq_1	Walk.EquivMatch	0	0	false	false
MatcherRest.newLevel_clientInvM	Matcher.Rest	627	688	true	true
_private.MatchingEngine.TheoremsFull.0.canMatchPrice.match_1.eq_1	MatchingEngine.TheoremsFull	0	0	false	false
processCascade_preserves_uncrossed	MatchingEngine.Theorems	3888	3892	false	false
instDecidableEqOrderStatus	MatchingEngine.Basic	42	42	true	true
ProcessB.TradeObs.ctorIdx	Bridge.ProcessB	0	0	false	false
Matcher.BinOp.lt	Matcher.Lang	88	88	true	true
EngineDbAbs.absSide_pairwise	Bridge.EngineDbAbs	563	565	true	true
Matcher.Ext.qRemove.elim	Matcher.Lang	128	128	false	false
Walk.sideL	Walk.Spec	44	47	true	false
Matcher.St	Matcher.Lang	184	187	true	true
Matcher.Bound.lit.inj	Matcher.Lang	0	0	false	false
MatcherRefines.idOnBook_false_iff.match_1_1	Matcher.Refines	0	0	true	true
Walk.WR.stop	Walk.RefineInner	47	47	true	false
process_all_fuel_stable._proof_1_25	MatchingEngine.TheoremsFuel	0	0	false	false
MatcherRefines.Eval.when_false	Matcher.Refines	295	297	true	true
MatcherSpec.rest_noprice	Matcher.SpecStep	193	200	true	true
Matcher.BinOp.div	Matcher.Lang	87	87	true	true
Matcher.getOField.eq_6	Matcher.Cancel	0	0	false	false
Matcher.Expr.lit.noConfusion	Matcher.Lang	0	0	false	false
Matcher.Stmt.emit.inj	Matcher.Lang	0	0	false	false
PriceLevel.casesOn	MatchingEngine.Book	11	14	true	false
instBEqSide	MatchingEngine.Basic	19	19	false	false
ProcessB.Obs.rec	Bridge.ProcessB	123	128	false	false
Matcher.Expr.clit.inj	Matcher.Lang	0	0	false	false
MatcherInner.OCtx.Ok.px	Matcher.Inner	184	184	false	true
Side.sell	MatchingEngine.Basic	18	18	true	true
MatcherRest.join_restingCount._proof_1_3	Matcher.Rest	0	0	true	true
Walk.WF.resting	Walk.EquivEntry	25	25	true	false
EngineDbApi.hashInsert.post.eq_1	Bridge.EngineDbAbs	0	0	false	false
MatcherLoop.ev_subRem	Matcher.LoopEnv	403	408	true	true
Matcher.OField.qty.sizeOf_spec	Matcher.Lang	0	0	false	false
process_all_fuel_stable._proof_1_12	MatchingEngine.TheoremsFuel	0	0	false	false
Matcher.Program.ctorIdx	Matcher.Lang	0	0	false	false
MatcherSpec.rest_step	Matcher.SpecStep	139	147	true	true
MatcherLoop.ev_setRem	Matcher.LoopEnv	418	423	true	true
_private.Matcher.Logic.0.Matcher.execStmt_loop_eq.match_3.eq_1	Matcher.Logic	0	0	false	false
Matcher.getOField.eq_7	Matcher.Cancel	0	0	false	false
_private.Matcher.Logic.0.Matcher.runExt.match_5.eq_6	Matcher.Logic	0	0	false	false
MatcherProgram.cancelOrderFun.eq_1	Matcher.Refines	0	0	false	false
instReprPriceLevel.repr	MatchingEngine.Book	14	14	false	false
EngineDbAbs.pickBest.eq_1	Bridge.EngineDbAbs	0	0	false	false
MatcherRefines.Inv.wf	Matcher.Refines	91	91	true	true
EngineDbAbs.ClientInv_empty	Bridge.EngineDbAbs	456	462	false	false
_private.MatchingEngine.Theorems.0.StopsNoPostOnly_of_same_stops	MatchingEngine.Theorems	3628	3632	false	false
computeMatchFuel_gt_matchMeasure._proof_1_1	MatchingEngine.Theorems	0	0	true	true
MatcherInner.HeadFacts.mk._flat_ctor	Matcher.Inner	0	0	false	false
Matcher.Stmt.block.eq_1	Walk.RefineInner	0	0	false	false
STPPolicy.cancelNewest	MatchingEngine.Basic	45	45	true	true
instDecidableEqOrder.decEq._proof_7	MatchingEngine.Order	0	0	true	true
_private.MatchingEngine.Theorems.0.insertAsc.match_1.eq_1	MatchingEngine.Theorems	0	0	false	false
EngineDbAbs.OrderView.mk.inj	Bridge.EngineDbAbs	0	0	false	false
ProcessB.pairwise_of_asksSorted	Bridge.ProcessB	165	176	false	false
Matcher.runExt_hashInsert	Matcher.Logic	509	513	true	true
_private.Matcher.Inner.0.selfTradeConflict.match_1.eq_1	Matcher.Inner	0	0	false	false
MatcherRest.join_restingCount._proof_1_2	Matcher.Rest	0	0	true	true
ProcessResult._sizeOf_1	MatchingEngine.Process	0	0	false	false
MatcherCancel.resting_id_unique	Matcher.Cancel	106	126	true	true
Matcher.instReprBinOp	Matcher.Lang	90	90	false	false
MatcherLoop.ev_prem	Matcher.LoopEnv	410	416	true	true
_private.Matcher.Run.0.ProcessB.processB.match_5.splitter	Matcher.Run	0	0	false	false
Matcher.Ty.ctorIdx	Matcher.Lang	0	0	true	true
Walk.WHead.recOn	Walk.RefineInner	139	159	false	false
Matcher.Ext.tFind	Matcher.Lang	130	130	true	true
bidsSortedDescB.eq_3	Bridge.EngineDbAbs	0	0	false	false
_private.Matcher.SpecStep.0.insertOrder.match_1.eq_1	Matcher.SpecStep	0	0	false	false
EngineDbApi.orderFree.pre	Bridge.EngineDbApi	159	161	true	true
ProcessB.ResultCode.rejectedPostOnly.sizeOf_spec	Bridge.ProcessB	0	0	false	false
MatcherInner.inner_fill._proof_1_6	Matcher.Inner	0	0	false	true
MatcherRefines.hashFind_isSome_iff	Matcher.Refines	556	586	true	true
EngineDbApi.tInsert_preserves_WF._simp_1_1	Bridge.EngineDbApiLaws	0	0	true	true
_private.Bridge.EngineDbAbs.0.EngineDbAbs.betterB.match_1.splitter	Bridge.EngineDbAbs	0	0	false	false
MatcherLoop.Loc.mk	Matcher.LoopEnv	143	143	true	true
_private.Matcher.Refines.0.EngineDbAbs.decodeStpMode.match_1.eq_1	Matcher.Refines	0	0	false	false
Matcher.evalBin.eq_5	Matcher.Refines	0	0	false	false
MatcherInner.inner_dec._proof_1_1	Matcher.Inner	0	0	false	true
fifoLevelB	MatchingEngine.Invariants	47	50	false	false
EngineDbAbs.ClientInv.mk._flat_ctor	Bridge.EngineDbAbs	0	0	false	false
Matcher.asU64.eq_1	Matcher.Logic	0	0	false	false
Matcher.Expr.lit.sizeOf_spec	Matcher.Lang	0	0	false	false
ProcessB.Req.ctorIdx	Bridge.ProcessB	0	0	false	false
Matcher.bindParams.match_1	Matcher.Lang	0	0	true	true
MatcherStore.Frame.orders	Matcher.StoreStep	86	86	true	true
Matcher.inAnyTreeB	Matcher.Lang	253	253	true	true
_private.Matcher.Logic.0.Matcher.liveOrder.match_1.splitter	Matcher.Logic	0	0	false	false
ProcessB.instReprResultCode.repr.match_1	Bridge.ProcessB	0	0	false	false
EngineDbAbs.CStpMode.noConfusion	Bridge.EngineDbAbs	62	69	false	false
_private.Matcher.Refines.0.Matcher.bindParams.match_1.eq_1	Matcher.Refines	0	0	false	false
Matcher.execStmt._sparseCasesOn_10	Matcher.Lang	469	544	true	true
_private.MatchingEngine.Theorems.0.doMatch.match_1.splitter	MatchingEngine.Theorems	0	0	true	true
_private.Matcher.Logic.0.Matcher.instReprStmt.repr.match_1.eq_8	Matcher.Logic	0	0	false	false
Walk.WCore.prle	Walk.RefineInner	301	301	true	false
Walk.acct_iff	Walk.RefineInner	181	196	true	false
MatcherLoop.Loc.fill._default	Matcher.LoopEnv	0	0	false	false
EngineDbAbs.instDecidableEqOrderView.decEq._proof_1	Bridge.EngineDbAbs	0	0	false	false
MatcherRun.runEntry_mono	Matcher.Run	557	575	false	false
EngineDbAbs.COrderType.ioc.elim	Bridge.EngineDbAbs	58	58	false	false
MatcherAccept.book_rest	Matcher.Accept	120	152	false	true
MatcherSpec.mm_skip'._proof_1_1	Matcher.SpecStep	0	0	true	true
MatcherRefines.absSide_orders_perm	Matcher.Refines	494	498	true	true
Matcher.Ext.hashFind	Matcher.Lang	127	127	true	true
MatcherAccept.side_cont	Matcher.Accept	294	417	false	true
STPPolicy.ctorIdx	MatchingEngine.Basic	0	0	true	true
doMatch_output_stable	MatchingEngine.Theorems	3151	3166	false	false
MatcherLoop.ownT.eq_1	Matcher.Rest	0	0	false	false
MatcherRefines.specStep.eq_1	Matcher.Run	0	0	false	false
_private.Bridge.EngineDbAbs.0.EngineDbAbs.absQueue.match_1.eq_1	Bridge.EngineDbAbs	0	0	false	false
Walk.WCore.lo1	Walk.RefineInner	305	305	true	false
_private.MatchingEngine.TheoremsFull.0.canMatchPrice.match_1.splitter	MatchingEngine.TheoremsFull	0	0	false	false
EngineDbApi.Tree.bids.elim	Bridge.EngineDbApi	75	75	false	false
EngineDbAbs.AbsStore.recOn	Bridge.EngineDbAbs	715	719	false	false
Matcher.Bound._sizeOf_1	Matcher.Lang	0	0	false	false
Walk.innerRun_fr.match_1_1	Walk.RefineOuter	0	0	true	false
Matcher.liveLevel.eq_2	Matcher.Logic	0	0	false	false
instDecidableBookUncrossed._proof_1	MatchingEngine.Invariants	0	0	false	false
_private.Matcher.Refines.0.List.filter.match_1.eq_1	Matcher.Refines	0	0	false	false
EngineDbApi.LevelRow._sizeOf_inst	Bridge.EngineDbApi	0	0	false	false
_private.Bridge.EngineDbAbs.0.bidsSortedDescB.match_1.splitter	Bridge.EngineDbAbs	0	0	false	false
_private.Walk.RefineOuter.0.Walk.owner.match_1.splitter	Walk.RefineOuter	0	0	true	false
_private.Matcher.Refines.0.EngineDbAbs.CRequest.toSpec.match_1.splitter	Matcher.Refines	0	0	true	true
Walk.w_inner_body	Walk.RefineInner	378	682	true	false
Matcher.instReprTy.repr	Matcher.Lang	44	44	false	false
doMatch_sell_output_stable._proof_1_7	MatchingEngine.Theorems	0	0	false	false
TimeInForce.ioc.sizeOf_spec	MatchingEngine.Basic	0	0	false	false
EngineDbApi.orderFree_validL	Bridge.EngineDbApiLaws	574	575	false	false
Matcher.Stmt.rec	Matcher.Lang	136	151	true	true
EngineDbApi.Db.rec	Bridge.EngineDbApi	79	88	false	false
MatcherRest.levelDb.eq_1	Matcher.Rest	0	0	false	false
Matcher.Err._sizeOf_inst	Matcher.Lang	0	0	false	false
MatcherInner.HeadFacts.hcontra	Matcher.Inner	359	359	false	true
Matcher.execStmt.eq_8	Matcher.Logic	0	0	false	false
ProcessB.runB.eq_1	Matcher.Run	0	0	false	false
EngineDbAbs.CStpMode.noConfusionType	Bridge.EngineDbAbs	0	0	false	false
Order.mk.sizeOf_spec	MatchingEngine.Order	0	0	false	false
EngineDbApi.OrderRow.casesOn	Bridge.EngineDbApi	57	66	false	false
MatcherRest.rest_run	Matcher.Rest	416	524	true	true
Matcher.Err.contract.sizeOf_spec	Matcher.Lang	0	0	false	false
Walk.WF.nonempty	Walk.EquivEntry	24	24	true	false
Matcher.St._sizeOf_1	Matcher.Lang	0	0	false	false
stopW_sublist	MatchingEngine.TheoremsFuel	127	131	false	false
mem_partition_snd	MatchingEngine.TheoremsFull	977	980	false	false
TimeInForce.gtc	MatchingEngine.Basic	30	30	true	true
EngineDbAbs.better_trans._simp_1_1	Bridge.EngineDbAbs	0	0	false	false
EngineDbApi.EngineDb.init_levelsUsed	Bridge.EngineDbApi	347	347	false	false
MatcherSpec.drop1.eq_1	Matcher.Inner	0	0	false	false
MatcherInner.OCtx.mk._flat_ctor	Matcher.Inner	0	0	false	false
MatcherLoop.Loc.mk.sizeOf_spec	Matcher.LoopEnv	0	0	false	false
Matcher.bindParams.eq_3	Matcher.Refines	0	0	false	false
Walk.sideL_absBook	Walk.RefineInner	63	64	true	false
ProcessB.ResultCode.ctorElim	Bridge.ProcessB	48	57	false	false
MatcherOuter.OInv	Matcher.Outer	102	118	false	true
Matcher.Program.recOn	Matcher.Lang	168	172	false	false
selfTradeConflict.match_1	MatchingEngine.STP	0	0	true	true
EngineDbApi.EngineDb.init_count	Bridge.EngineDbApi	346	346	false	false
Matcher.OField._sizeOf_1	Matcher.Lang	0	0	false	false
Trade.noConfusion	MatchingEngine.Order	35	45	false	false
EngineDbApi.LevelRow.mk.sizeOf_spec	Bridge.EngineDbApi	0	0	false	false
Walk.WCore.w1	Walk.RefineInner	304	304	true	false
EngineDbApi.orderFree_valid	Bridge.EngineDbApiLaws	537	542	false	false
EngineDbAbs.sortLevels.eq_1	Bridge.EngineDbAbs	0	0	false	false
Walk.book_step	Walk.RefineInner	66	110	true	false
Matcher.lookupVar.eq_1	Matcher.Refines	0	0	false	false
instReprProcessResult.repr	MatchingEngine.Process	127	127	false	false
EngineDbApi.writeOrder_preserves_WF	Bridge.EngineDbApiLaws	292	317	true	true
Matcher.Val.bool.inj	Matcher.Lang	0	0	false	false
EngineDbAbs.AbsStore.mk.noConfusion	Bridge.EngineDbAbs	0	0	false	false
_private.Matcher.Refines.0.Matcher.asBool.match_1.eq_1	Matcher.Refines	0	0	false	false
MatcherRefines.ev_check1._simp_1_52	Matcher.Refines	0	0	false	false
insertOrder_sell_preserves_bids.match_1_1	MatchingEngine.Theorems	0	0	false	false
Walk.walkRemove_eq	Walk.EquivEntry	196	264	true	false
instReprPriceLevel	MatchingEngine.Book	14	14	false	false
ProcessB.ResultCode.rejectedDuplicate.sizeOf_spec	Bridge.ProcessB	0	0	false	false
BookState.asks	MatchingEngine.Book	19	19	true	true
OrderStatus.rejected	MatchingEngine.Basic	41	41	true	true
MatcherStore.InvM.casesOn	Matcher.StoreStep	391	399	false	false
TimeInForce.day.sizeOf_spec	MatchingEngine.Basic	0	0	false	false
MatcherRun.doMatch_norm	Matcher.Run	71	206	false	false
MatcherRefines.orderEnv.eq_1	Matcher.Refines	0	0	false	false
EngineDbAbs.CStpMode._sizeOf_1	Bridge.EngineDbAbs	0	0	false	false
MatcherInner.SInv.liveL	Matcher.Inner	218	220	false	true
MatcherRun.bookSize_nB	Matcher.Run	271	272	false	false
_private.Matcher.Logic.0.Matcher.execStmt.match_20.splitter	Matcher.Logic	0	0	false	false
process_all_fuel_stable._proof_1_24	MatchingEngine.TheoremsFuel	0	0	false	false
removeLevelOrder	MatchingEngine.Cancel	17	23	true	true
EngineDbAbs.mem_absQueue._proof_1_4	Bridge.EngineDbAbs	0	0	true	true
Matcher.instDecidableEqVal.decEq.match_1	Matcher.Lang	0	0	false	false
EngineDbAbs.LevelView	Bridge.EngineDbAbs	387	390	true	true
_private.Bridge.ProcessB.0.EngineDbAbs.CRequest.toSpec.match_1.eq_2	Bridge.ProcessB	0	0	true	true
EngineDbAbs.instEngineDbAbsStore._proof_22	Bridge.EngineDbAbs	0	0	false	false
EngineDbAbs.LevelView._sizeOf_inst	Bridge.EngineDbAbs	0	0	false	false
EngineDbApi.Db.mk.injEq	Bridge.EngineDbApi	0	0	false	false
MatcherCancel.sum_map_erase._proof_1_5	Matcher.Cancel	0	0	true	true
ProcessB.instDecidableEqResultCode._proof_2	Bridge.ProcessB	0	0	false	false
_private.Matcher.Cancel.0.Matcher.instReprOField.repr.match_1.eq_5	Matcher.Cancel	0	0	false	false
Matcher.Stmt.ext.noConfusion	Matcher.Lang	0	0	false	false
_private.Matcher.Logic.0.Matcher.instReprStmt.repr.match_1.eq_6	Matcher.Logic	0	0	false	false
Matcher.Stmt.loop.elim	Matcher.Lang	141	143	false	false
EngineDbApi.OrderRow.mk.noConfusion	Bridge.EngineDbApi	0	0	false	false
Walk.CO.recOn	Walk.EquivMatch	45	54	false	false
EngineDbAbs.absQueue.eq_def	Bridge.EngineDbAbs	0	0	false	false
MatcherInner.OCtx.Ok.recOn	Matcher.Inner	175	184	false	false
instReprOrderStatus.repr	MatchingEngine.Basic	42	42	false	false
MatcherRest.joinDb	Matcher.Rest	153	155	true	true
STPPolicy.casesOn	MatchingEngine.Basic	44	49	true	true
process_all_preserve_AllInv.match_1_5	MatchingEngine.Theorems	0	0	false	false
MatcherRun.nI_policy	Matcher.Run	63	63	false	false
Matcher.OField.side.sizeOf_spec	Matcher.Lang	0	0	false	false
MatcherCancel.mem_cancel_tree.match_1_3	Matcher.Cancel	0	0	true	true
runOrders	MatchingEngine.Tests	70	74	false	false
_private.Matcher.Inner.0.EngineDbAbs.instReprCStpMode.repr.match_1.splitter	Matcher.Inner	0	0	false	false
Walk.flat_find	Walk.EquivEntry	325	329	true	false
MatcherRun.nI_rem	Matcher.Run	59	59	false	false
MatcherStore.ClientInvM.recOn	Matcher.StoreStep	159	170	false	false
Walk.process	Walk.Spec	336	339	true	false
MatcherLoop.set_isnew	Matcher.LoopEnv	217	218	true	true
MatcherInner.ReqOk.mk._flat_ctor	Matcher.Inner	0	0	false	false
MatcherCancel.cancel_side_view	Matcher.Cancel	203	310	true	true
Walk.OW.recOn	Walk.EquivMatch	525	540	false	false
Matcher.Expr.getO.elim	Matcher.Lang	103	104	false	false
bidsSortedDescB.eq_1	Bridge.EngineDbAbs	0	0	false	false
FIFOLevel_nil	MatchingEngine.TheoremsFull	95	95	false	false
Matcher.Stmt.brecOn.eq	Matcher.Lang	0	0	false	false
_private.Bridge.EngineDbApiLaws.0.EngineDbApi.better.match_1.eq_1	Bridge.EngineDbApiLaws	0	0	false	false
MatcherRun.srch_side	Matcher.Run	349	359	false	false
EngineDbApi.better.eq_1	Bridge.EngineDbApiLaws	0	0	false	false
_private.Bridge.EngineDbAbs.0.EngineDbAbs.decodeStpMode.match_1.eq_5	Bridge.EngineDbAbs	0	0	false	false
_private.MatchingEngine.TheoremsFuel.0.canMatchPrice.match_1.splitter	MatchingEngine.TheoremsFuel	0	0	false	false
EngineDbAbs.ClientInv.hash_iff_queued	Bridge.EngineDbAbs	438	438	true	true
ProcessB.ResultCode.rejectedInvalid.elim	Bridge.ProcessB	52	52	false	false
_private.Matcher.Accept.0.Matcher.instReprTy.repr.match_1.eq_1	Matcher.Accept	0	0	false	false
MatcherRun.allBookOrders_nB	Matcher.Run	265	266	false	false
MatcherLoop.restStmts.eq_1	Matcher.Rest	0	0	false	false
Matcher.Ty.ofNat_ctorIdx	Matcher.Lang	0	0	true	true
MatcherRun.StepObs	Matcher.Run	518	520	false	false
ProcessB.processB_BookInvariant	Bridge.ProcessB	454	457	false	false
MatcherRest.insLevel_views.match_1_1	Matcher.Rest	0	0	true	true
_private.Matcher.Inner.0.EngineDbAbs.instReprCStpMode.repr.match_1.eq_4	Matcher.Inner	0	0	false	false
Matcher.Expr.getO.injEq	Matcher.Lang	0	0	false	false
Matcher.instReprOField	Matcher.Lang	74	74	false	false
MatcherLoop.Loc.prem	Matcher.LoopEnv	151	151	true	true
MatcherRest.sortLevels_map	Matcher.Rest	112	118	true	true
TimeInForce.gtc.elim	MatchingEngine.Basic	30	30	false	false
EngineDbAbs.BookView.mk.injEq	Bridge.EngineDbAbs	0	0	true	true
_private.MatchingEngine.TheoremsFuel.0.doMatch.match_9.splitter	MatchingEngine.TheoremsFuel	0	0	true	true
Matcher.Expr.isNullO.noConfusion	Matcher.Lang	0	0	false	false
_private.Bridge.EngineDbAbs.0.bidsSortedDescB.match_1.eq_3	Bridge.EngineDbAbs	0	0	false	false
Matcher.Ext.orderAlloc.elim	Matcher.Lang	123	123	false	false
_private.Walk.Basic.0.Walk.owner.match_1.eq_2	Walk.Basic	0	0	false	false
_private.Matcher.Logic.0.Matcher.instReprStmt.repr.match_1.eq_4	Matcher.Logic	0	0	false	false
_private.Bridge.EngineDbAbs.0.EngineDbAbs.pickBest.match_1.splitter	Bridge.EngineDbAbs	0	0	false	false
_private.MatchingEngine.Theorems.0.doMatch.match_7.eq_1	MatchingEngine.Theorems	0	0	false	false
OrderStatus.ctorElim	MatchingEngine.Basic	36	42	false	false
_private.MatchingEngine.TheoremsFuel.0.convertStop.match_1.splitter	MatchingEngine.TheoremsFuel	0	0	false	false
Walk.refines.match_1_3	Walk.Refine	0	0	true	false
ProcessB.Obs.ctorIdx	Bridge.ProcessB	0	0	false	false
Matcher.Expr.isNullO.injEq	Matcher.Lang	0	0	false	false
EngineDbAbs.COrderType.specType.eq_1	Bridge.EngineDbAbs	0	0	false	false
Side.buy.elim	MatchingEngine.Basic	17	17	false	false
MatcherSpec.processCascade_nostops	Matcher.SpecStep	368	378	true	true
Matcher.Ty._sizeOf_1	Matcher.Lang	0	0	false	false
MatcherProgram.sideFun.eq_1	Matcher.Refines	0	0	false	false
ProcessResult.mk.injEq	MatchingEngine.Process	0	0	false	false
Trade.mk._flat_ctor	MatchingEngine.Order	0	0	false	false
MatcherRefines.bookSize_absBook	Matcher.Refines	506	514	true	true
instDecidableEqOrderStatus._proof_1	MatchingEngine.Basic	0	0	true	true
Walk.WCore.q1	Walk.RefineInner	309	309	true	false
Matcher.OField.qty.elim	Matcher.Lang	73	73	false	false
_private.Matcher.Logic.0.Matcher.liveLevel.match_1.eq_1	Matcher.Logic	0	0	false	false
instReprTimeInForce	MatchingEngine.Basic	34	34	false	false
TimeInForce.rec	MatchingEngine.Basic	29	34	true	true
EngineDbAbs.prioB.eq_2	Bridge.EngineDbAbs	0	0	false	false
_private.Walk.LogicInv.0.Matcher.execStmt_loop_eq.match_1.eq_2	Walk.LogicInv	0	0	false	false
StopsNoPostOnly	MatchingEngine.Theorems	3584	3586	false	false
MatcherCancel.cancel_restingCount._proof_1_3	Matcher.Cancel	0	0	true	true
MatcherLoop.set_prem	Matcher.LoopEnv	209	210	true	true
Walk.CO.policy	Walk.EquivMatch	52	52	true	false
MatcherInner.inner_dec._proof_1_5	Matcher.Inner	0	0	false	true
EngineDbApi.OrderRow.ctorIdx	Bridge.EngineDbApi	0	0	false	false
doMatch.match_5	MatchingEngine.Match	0	0	true	true
EngineDbApi.Db.noConfusionType	Bridge.EngineDbApi	0	0	false	false
_private.Matcher.Refines.0.Matcher.evalExpr.match_9.eq_2	Matcher.Refines	0	0	false	false
MatcherRest.write_fresh	Matcher.Rest	179	186	true	true
Walk.ev_outerCond_walk	Walk.RefineOuter	424	431	true	false
MatcherCancel.le_sum_of_mem_nat._proof_1_4	Matcher.Cancel	0	0	true	true
MatcherOuter.outer_body._proof_1_2	Matcher.Outer	0	0	false	true
computeMatchFuel	MatchingEngine.Process	11	31	true	true
EngineDbAbs.CRequest.noConfusionType	Bridge.EngineDbAbs	0	0	false	false
_private.Matcher.Rest.0.MatcherRest.insSpec.match_1.splitter	Matcher.Rest	0	0	false	false
Matcher.Print.expr._sunfold	Matcher.Print	0	0	false	false
Walk.w_side_cont._proof_1_6	Walk.Refine	0	0	true	false
MatcherRefines.hashFind_isSome_iff._simp_1_1	Matcher.Refines	0	0	true	true
Walk.modAt_eq_map.match_1_1	Walk.Equiv	0	0	true	false
_private.Matcher.Accept.0.EngineDbAbs.decodeOrderType.match_1.eq_5	Matcher.Accept	0	0	true	true
_private.Walk.Basic.0.Walk.innerStep.match_1.splitter	Walk.Basic	0	0	true	false
Matcher.Ext.levelFree.elim	Matcher.Lang	124	124	false	false
EngineDbAbs.BookView.mk._flat_ctor	Bridge.EngineDbAbs	0	0	false	false
_private.Matcher.Logic.0.Matcher.runExt.match_5.eq_9	Matcher.Logic	0	0	false	false
Walk.outerStep_OW	Walk.EquivMatch	550	651	true	false
Walk.find_none_of_hasId	Walk.EquivEntry	318	323	true	false
MatcherOuter.MCtx.r	Matcher.Outer	87	87	false	true
Matcher.BinOp.recOn	Matcher.Lang	86	90	false	false
MatcherLoop.decStmts	Matcher.LoopEnv	38	45	true	true
EngineDbAbs.instEngineDbAbsStore._proof_38	Bridge.EngineDbAbs	0	0	false	false
Matcher.St.mk.noConfusion	Matcher.Lang	0	0	false	false
EngineDbApi.Db.WF.tree_live	Bridge.EngineDbApi	131	131	true	true
MatcherOuter.MCtx.Ok.mk	Matcher.Outer	97	97	false	true
MatcherInner.IncShape	Matcher.Inner	29	32	true	true
MatcherLoop.hashFailStmt	Matcher.LoopEnv	107	114	true	true
_private.Matcher.Logic.0.Matcher.asU64.match_1.eq_1	Matcher.Logic	0	0	false	false
_private.MatchingEngine.Theorems.0.bookUncrossedB.match_1.splitter	MatchingEngine.Theorems	0	0	false	false
Matcher.Ext.owner	Matcher.Lang	129	129	true	true
_private.Matcher.Refines.0.Matcher.instReprTy.repr.match_1.eq_5	Matcher.Refines	0	0	false	false
PriceLevel.ctorIdx	MatchingEngine.Book	0	0	false	false
MatcherInner.Core.lo1	Matcher.Inner	566	566	false	true
_private.Matcher.Refines.0.Matcher.evalBin.match_1.eq_13	Matcher.Refines	0	0	false	false
_private.Walk.LogicInv.0.Matcher.loopStep.match_3.eq_2	Walk.LogicInv	0	0	false	false
ProcessB.Req._sizeOf_inst	Bridge.ProcessB	0	0	false	false
Walk.Ctx.ctorIdx	Walk.Spec	0	0	false	false
Matcher.Program.mk._flat_ctor	Matcher.Lang	0	0	false	false
EngineDbAbs.OrderView.price	Bridge.EngineDbAbs	370	370	true	false
doMatch_preserves_sameSide	MatchingEngine.Theorems	164	178	false	false
MatcherAccept.term_bids_asks	Matcher.Accept	96	100	true	true
MatcherRun.nR	Matcher.Run	35	36	false	false
MatcherInner.HeadFacts.hrpos	Matcher.Inner	365	365	false	false
process_all_preserves_BookInvariant	MatchingEngine.TheoremsReachable	99	108	false	false
_private.MatchingEngine.TheoremsFuel.0.doMatch.match_1.eq_2	MatchingEngine.TheoremsFuel	0	0	false	false
_private.Matcher.Accept.0.wouldCross.match_1.eq_2	Matcher.Accept	0	0	false	false
_private.MatchingEngine.Theorems.0.bidsSortedDescB.match_1.splitter	MatchingEngine.Theorems	0	0	false	false
matchMeasure_drop_head_order	MatchingEngine.Theorems	2048	2069	true	true
Matcher.runExt.match_3	Matcher.Lang	0	0	true	true
MatcherInner.Core.w1	Matcher.Inner	565	565	false	true
EngineDbApi.orderAlloc.post	Bridge.EngineDbApi	151	157	true	true
EngineDbApi.hashRemove_preserves_WF	Bridge.EngineDbApiLaws	370	377	true	true
EngineDbAbs.instDecidableEqOrderView.decEq	Bridge.EngineDbAbs	379	379	false	false
MatcherSpec.cOf.match_1	Matcher.SpecStep	0	0	true	true
MatcherStore.InvM.client	Matcher.StoreStep	394	394	true	true
Matcher.Stmt.loop.sizeOf_spec	Matcher.Lang	0	0	false	false
BookUncrossed_no_bids	MatchingEngine.Theorems	205	209	false	false
Walk.innerRun_fr	Walk.RefineOuter	100	110	true	false
instInhabitedOrderStatus	MatchingEngine.Basic	42	42	true	true
EngineDbApi.levelAlloc_full	Bridge.EngineDbApiLaws	550	550	false	false
Walk.WHead.hhash	Walk.RefineInner	157	157	true	false
EngineDbApi.tFind.post.eq_2	Bridge.EngineDbApiLaws	0	0	false	false
insertAsc.eq_def	MatchingEngine.Theorems	0	0	true	true
EngineDbApi.EngineDb.mk	Bridge.EngineDbApi	316	316	true	true
processOrder.eq_def	MatchingEngine.Theorems	0	0	false	false
_private.MatchingEngine.TheoremsFuel.0.fill_budget._proof_1_1	MatchingEngine.TheoremsFuel	0	0	false	false
_private.Walk.EquivEntry.0.Walk.processOrder_eq.match_1.splitter	Walk.EquivEntry	0	0	false	false
insertOrder_clock	MatchingEngine.TheoremsFull	725	728	false	false
Matcher.Outcome.normal.sizeOf_spec	Matcher.Lang	0	0	false	false
MatcherRun.insertDesc_nL	Matcher.Run	286	295	true	false
MatcherAccept.restOrd_view	Matcher.Accept	206	220	false	true
Walk.hashFind	Walk.Spec	102	104	true	false
EngineDbApi.upd	Bridge.EngineDbApi	90	91	true	true
EngineDbApi.LevelRow.mk.injEq	Bridge.EngineDbApi	0	0	false	false
Matcher.Print.extCall.match_1	Matcher.Print	0	0	false	false
Matcher.liveOrder.eq_3	Matcher.Logic	0	0	false	false
_private.Walk.EquivEntry.0.List.filterMap.match_1.splitter	Walk.EquivEntry	0	0	false	false
Walk.WCore	Walk.RefineInner	290	314	true	false
MatcherAccept.specOrd_of	Matcher.Accept	42	66	true	true
EngineDbAbs.CRequest.restRow.eq_1	Matcher.Rest	0	0	false	false
MatcherLoop.ev_assign	Matcher.LoopEnv	236	240	true	true
_private.Matcher.Inner.0.EngineDbAbs.instReprCStpMode.repr.match_1.eq_1	Matcher.Inner	0	0	false	false
MatcherStore.InvM.rec	Matcher.StoreStep	391	399	false	false
Matcher.LField._sizeOf_1	Matcher.Lang	0	0	false	false
MatcherLoop.ev_rem0	Matcher.LoopEnv	261	263	true	true
ProcessB.ResultCode.toCtorIdx	Bridge.ProcessB	0	0	false	false
Matcher.viewOf.eq_1	Matcher.Cancel	0	0	false	false
Matcher.Ext.tInsert.elim	Matcher.Lang	131	131	false	false
_private.Walk.Equiv.0.wouldCross.match_3.eq_2	Walk.Equiv	0	0	false	false
EngineDbApi.nextIn.eq_def	Bridge.EngineDbApiLaws	0	0	false	false
Matcher.Outcome.ret.injEq	Matcher.Lang	0	0	false	false
MatcherInner.HeadFacts	Matcher.Inner	354	377	false	true
_private.Walk.EquivMatch.0.selfTradeConflict.match_1.eq_2	Walk.EquivMatch	0	0	false	false
Matcher.Ty.code.elim	Matcher.Lang	40	40	false	false
EngineDbAbs.instDecidableEqOrderView.decEq._proof_6	Bridge.EngineDbAbs	0	0	false	false
MatcherLoop.Loc.stop	Matcher.LoopEnv	145	145	true	true
Matcher.Ext.setL.inj	Matcher.Lang	0	0	false	false
MatcherCancel.cancelDb_tree	Matcher.Cancel	183	195	true	true
Side.ctorElimType	MatchingEngine.Basic	0	0	false	false
BookUncrossed_with_ltp	MatchingEngine.Theorems	189	192	false	false
MatcherRefines.idOnBook_absBook._simp_1_2	Matcher.Refines	0	0	true	true
EngineDbApi.Db.lLive	Bridge.EngineDbApi	88	88	true	true
EngineDbAbs.orderView	Bridge.EngineDbAbs	381	385	true	true
_private.Matcher.Refines.0.Matcher.evalExpr.match_5.eq_1	Matcher.Refines	0	0	false	false
Matcher.runExt_orderAlloc	Matcher.Logic	495	497	true	true
Walk.Agree	Walk.EquivEntry	98	100	true	false
_private.MatchingEngine.TheoremsFull.0.canMatchPrice.match_1.eq_2	MatchingEngine.TheoremsFull	0	0	false	false
_private.Matcher.Logic.0.Matcher.execStmt.match_20.eq_1	Matcher.Logic	0	0	false	false
Matcher.instReprOutcome	Matcher.Lang	182	182	false	false
instReprOrderType.repr.match_1	MatchingEngine.Basic	0	0	false	false
MatcherRest.ev_hashInsert	Matcher.Rest	285	289	true	true
ProcessB.Obs._sizeOf_1	Bridge.ProcessB	0	0	false	false
MatcherStore.InvM.wf	Matcher.StoreStep	393	393	true	true
Walk.Ctx._sizeOf_inst	Walk.Spec	0	0	false	false
MatcherCancel.le_sum_of_mem_nat._proof_1_3	Matcher.Cancel	0	0	true	true
_private.Bridge.EngineDbApiLaws.0.EngineDbApi.live_write	Bridge.EngineDbApiLaws	169	175	true	true
doMatch_incoming_postOnly	MatchingEngine.TheoremsFull	1270	1278	false	false
MatcherRun.insertOrder_nB	Matcher.Run	311	315	false	false
_private.Walk.EquivEntry.0.Walk.cancel.match_1.eq_2	Walk.EquivEntry	0	0	false	false
ProcessB.obsSpec.eq_1	Walk.EquivEntry	0	0	false	false
MatcherRest.join_clientInv	Matcher.Rest	553	590	true	true
EngineDbAbs.CStpMode._sizeOf_inst	Bridge.EngineDbAbs	0	0	false	false
insertOrder_preserves_stops	MatchingEngine.Theorems	253	259	true	true
EngineDbAbs.CRequest.staticReject	Bridge.EngineDbAbs	154	159	false	false
Matcher.instDecidableEqOutcome.decEq._proof_4	Matcher.Lang	0	0	false	false
MatcherRest.ev_tFind	Matcher.Rest	274	277	true	true
MatcherRun.nP	Matcher.Run	347	347	false	false
Matcher.Stmt.casesOn	Matcher.Lang	136	151	true	true
_private.Matcher.SpecStep.0.doMatch.match_1.splitter	Matcher.SpecStep	0	0	false	false
Matcher.Outcome.recOn	Matcher.Lang	179	182	false	false
Walk.innerStep_progress._proof_1_3	Walk.Basic	0	0	false	false
Matcher.Stmt.loop.inj	Matcher.Lang	0	0	false	false
MatcherCancel.cancelDb_levels_of_nonempty	Matcher.Cancel	179	181	true	true
MatcherRefines.absQueue_length.match_1_1	Matcher.Refines	0	0	true	true
computeMatchFuel.eq_1	Matcher.SpecStep	0	0	false	false
ProcessB.TradeObs.rec	Bridge.ProcessB	112	118	true	true
_private.MatchingEngine.Theorems.0.processCascade.match_1.splitter	MatchingEngine.Theorems	0	0	false	false
_private.MatchingEngine.Theorems.0.doMatch.match_7.splitter	MatchingEngine.Theorems	0	0	false	false
Matcher.evalExpr.eq_10	Matcher.Refines	0	0	false	false
_private.MatchingEngine.TheoremsElegant.0.List.getLast?.match_1.splitter	MatchingEngine.TheoremsElegant	0	0	false	false
OrderProcOk	MatchingEngine.Theorems	3576	3582	false	false
_private.Walk.EquivEntry.0.Walk.innerStep.match_1.eq_1	Walk.EquivEntry	0	0	false	false
Matcher.Bound.capPlus.elim	Matcher.Lang	118	118	false	false
_private.Walk.RefineInner.0.Matcher.Stmt.block.match_1.eq_1	Walk.RefineInner	0	0	false	false
Matcher.asBool	Matcher.Lang	300	302	true	true
doMatch_buy_output_stable._proof_1_7	MatchingEngine.Theorems	0	0	false	false
Matcher.Stmt.seq.elim	Matcher.Lang	138	138	false	false
process_all_fuel_stable._proof_1_19	MatchingEngine.TheoremsFuel	0	0	false	false
fifoLevelB._sunfold	MatchingEngine.Invariants	0	0	false	false
_private.Matcher.Cancel.0.Matcher.instReprOField.repr.match_1.eq_4	Matcher.Cancel	0	0	false	false
_private.MatchingEngine.Theorems.0.convertStop.match_1.splitter	MatchingEngine.Theorems	0	0	false	false
EngineDbApi.EngineDb.count_orderFree	Bridge.EngineDbApi	387	387	true	true
MatcherLoop.umin_toNat._proof_1_2	Matcher.LoopEnv	0	0	true	true
MatcherRun.nO	Matcher.Run	30	31	true	false
MatcherAccept.SpecOrd.disp	Matcher.Accept	36	36	true	true
_private.Walk.Basic.0.Walk.innerRun.match_1.splitter	Walk.Basic	0	0	true	false
Walk.stops_setSideL	Walk.EquivMatch	141	142	true	false
matchedBook_BookOk	MatchingEngine.TheoremsFull	863	870	false	false
noGhostsB	MatchingEngine.Invariants	25	27	false	false
process_all_fuel_stable._proof_1_18	MatchingEngine.TheoremsFuel	0	0	false	false
MatcherStore.drop_restingCount._proof_1_1	Matcher.StoreStep	0	0	true	true
Walk.outerRun_ok.match_1_1	Walk.Basic	0	0	true	false
MatcherAccept.wouldCross_iff	Matcher.Accept	251	280	false	true
Matcher.inHashB.eq_1	Matcher.Cancel	0	0	false	false
_private.MatchingEngine.Theorems.0.bidsSortedDescB_drop_head_pattern	MatchingEngine.Theorems	835	846	false	false
_private.Matcher.SpecStep.0.wouldCross.match_3.eq_2	Matcher.SpecStep	0	0	false	false
ProcessB.qmax_bound	Bridge.ProcessB	64	69	false	false
MatcherOuter.outer_body._proof_1_3	Matcher.Outer	0	0	false	true
doMatch_buy_output_stable._proof_1_5	MatchingEngine.Theorems	0	0	false	false
AllInv.uncrossed	MatchingEngine.Theorems	59	59	false	false
mkIceberg	MatchingEngine.Tests	39	44	false	false
test_postOnly	MatchingEngine.Tests	181	189	false	false
Trade.mk.noConfusion	MatchingEngine.Order	0	0	false	false
MatcherProgram.processOrderFun.eq_1	Matcher.Refines	0	0	false	false
Trade.noConfusionType	MatchingEngine.Order	0	0	false	false
Matcher.Stmt.brecOn	Matcher.Lang	136	151	false	false
_private.Bridge.EngineDbAbs.0.EngineDbAbs.COrderType.specType.match_1.splitter	Bridge.EngineDbAbs	0	0	false	false
Matcher.Ext.setO.elim	Matcher.Lang	125	125	false	false
Walk.innerRun_ok._proof_1_10	Walk.Basic	0	0	true	false
MatcherInner.RowView.rem	Matcher.Inner	85	85	true	true
EngineDbApi.EngineDb.orderFree	Bridge.EngineDbApi	321	321	true	true
Walk.mkTrade.eq_1	Walk.RefineInner	0	0	false	false
EngineDbAbs.mem_insLevel	Bridge.EngineDbAbs	480	491	true	true
_private.Matcher.Refines.0.Matcher.evalBin.match_1.eq_14	Matcher.Refines	0	0	false	false
Matcher.OField.stpMode.elim	Matcher.Lang	73	73	false	false
MatcherRefines.Refines	Matcher.Refines	103	114	true	true
Matcher.instDecidableEqLField._proof_1	Matcher.Lang	0	0	false	false
Elegant.doMatch_trichotomy	MatchingEngine.TheoremsElegant	68	111	false	false
Matcher.Err.overflow.elim	Matcher.Lang	175	175	false	false
EngineDbAbs.AbsStore.mk	Bridge.EngineDbAbs	718	718	false	false
MatcherRest.ev_newLevel._proof_1_1	Matcher.Rest	0	0	true	true
Matcher.evalExpr._sunfold	Matcher.Lang	0	0	false	false
Matcher.loopStep.eq_1	Matcher.Logic	0	0	false	false
_private.Matcher.Refines.0.EngineDbAbs.decodeStpMode.match_1.eq_4	Matcher.Refines	0	0	false	false
EngineDbApi.Db.validL	Bridge.EngineDbApiLaws	512	512	false	false
process_all_fuel_stable._proof_1_26	MatchingEngine.TheoremsFuel	0	0	false	false
MatcherInner.HeadFacts.rv	Matcher.Inner	368	368	false	true
Matcher.OField.ctorElim	Matcher.Lang	71	74	false	false
MatcherOuter.MCtx.casesOn	Matcher.Outer	85	93	false	false
Matcher.bindResult.eq_3	Matcher.Refines	0	0	false	false
ProcessB.instDecidableEqTradeObs.decEq._proof_1	Bridge.ProcessB	0	0	false	false
Walk.process.eq_2	Walk.Basic	0	0	false	false
EngineDbAbs.instEngineDbAbsStore._proof_6	Bridge.EngineDbAbs	0	0	false	false
MatcherOuter.MCtx.ctorIdx	Matcher.Outer	0	0	false	false
Walk.WFr	Walk.RefineOuter	29	35	true	false
MatcherStore.drop_orders_resting.match_1_2	Matcher.StoreStep	0	0	true	true
_private.Matcher.Run.0.MatcherRun.matcherRun.match_1.splitter	Matcher.Run	0	0	false	false
PriceLevel._sizeOf_inst	MatchingEngine.Book	0	0	false	false
MatcherLoop.newLevelStmt	Matcher.LoopEnv	97	105	true	true
doMatch_preserves_inc_price	MatchingEngine.Theorems	1543	1549	false	false
instBEqTrade.beq.match_1	MatchingEngine.Order	0	0	false	false
Matcher.BinOp.ctorIdx	Matcher.Lang	0	0	true	true
MatcherLoop.ev_premWhen_pos	Matcher.LoopEnv	447	450	true	true
STPPolicy	MatchingEngine.Basic	44	49	true	true
_private.Matcher.Logic.0.Matcher.loopStep.match_3.splitter	Matcher.Logic	0	0	true	true
MatcherLoop.dropS	Matcher.LoopEnv	291	292	true	true
Matcher.Ext.tRemove.injEq	Matcher.Lang	0	0	false	false
wouldCross	MatchingEngine.Process	79	91	true	true
MatcherOuter.free_levels_resting	Matcher.Outer	196	218	true	true
EngineDbAbs.CRequest.recOn	Bridge.EngineDbAbs	71	81	false	false
MatcherCancel.refines_cancel_resting._simp_1_8	Matcher.Cancel	0	0	true	true
_private.MatchingEngine.TheoremsFuel.0.doMatch.match_5.eq_3	MatchingEngine.TheoremsFuel	0	0	false	false
ProcessResult._sizeOf_inst	MatchingEngine.Process	0	0	false	false
EngineDbAbs.instReprBookView.repr	Bridge.EngineDbAbs	401	401	false	false
instDecidableEqOrderType._proof_1	MatchingEngine.Basic	0	0	true	true
_private.Matcher.Logic.0.Matcher.execStmt.match_22.eq_2	Matcher.Logic	0	0	false	false
Matcher.Expr.lit	Matcher.Lang	93	93	true	true
EngineDbApi.EngineDb.levelsUsed_orderAlloc	Bridge.EngineDbApi	403	403	true	true
MatcherProgram.minFun	Matcher.Program	90	96	true	true
_private.Matcher.LoopEnv.0.Matcher.setOField.match_1.eq_5	Matcher.LoopEnv	0	0	false	false
EngineDbAbs.instDecidableEqCRequest.decEq._proof_3	Bridge.EngineDbAbs	0	0	false	false
MatcherSpec.doMatch_fuel_stable._proof_1_1	Matcher.SpecStep	0	0	true	true
Trade.passiveId	MatchingEngine.Order	39	39	true	true
_private.Bridge.EngineDbAbs.0.EngineDbAbs.COrderType.specType.match_1.eq_2	Bridge.EngineDbAbs	0	0	false	false
Matcher.evalExpr.eq_3	Matcher.Refines	0	0	false	false
Matcher.BinOp.le	Matcher.Lang	88	88	true	true
Matcher.execStmt_loop_eq.match_3	Matcher.Logic	0	0	true	true
MatcherLoop.Loc.ok	Matcher.LoopEnv	155	155	true	true
FIFOLevel	MatchingEngine.Invariants	56	57	false	false
Walk.w_inner_run_none	Walk.RefineInner	800	841	true	false
instDecidableEqOrder.decEq._proof_11	MatchingEngine.Order	0	0	true	true
MatcherRest.insSpec_fresh.match_1_1	Matcher.Rest	0	0	true	true
Walk.WCore.rec	Walk.RefineInner	290	314	false	false
MatchResult.mk._flat_ctor	MatchingEngine.Match	0	0	false	false
Walk.innerRun_exit	Walk.Basic	145	147	true	false
OrderType.casesOn	MatchingEngine.Basic	21	27	true	true
MatcherCancel.rowOf.eq_1	Matcher.Cancel	0	0	false	false
MatcherCancel.cancelDb	Matcher.Cancel	93	104	true	true
Walk.WF.casesOn	Walk.EquivEntry	19	29	false	false
orderSum_singleton	MatchingEngine.Theorems	1902	1903	false	false
ProcessB.instReprTradeObs	Bridge.ProcessB	118	118	false	false
ProcessB.qmax	Bridge.ProcessB	59	62	true	true
Walk.eraseP_eq_filter	Walk.EquivEntry	153	169	true	false
MatcherRun.runEntry_mono.match_1_3	Matcher.Run	0	0	false	false
Matcher.Stmt.seq.noConfusion	Matcher.Lang	0	0	false	false
Matcher.Expr.getO	Matcher.Lang	103	104	true	true
Matcher.foldl_loopStep_done.match_1_1	Matcher.Logic	0	0	true	true
_private.Matcher.Refines.0.MatcherRefines.entryOf.match_1.eq_2	Matcher.Refines	0	0	false	false
_private.Bridge.EngineDbApiLaws.0.EngineDbApi.levelAlloc.post.match_1.eq_1	Bridge.EngineDbApiLaws	0	0	false	false
MatcherInner.IInv.tbound	Matcher.Inner	207	207	false	true
Matcher.Expr.bin.noConfusion	Matcher.Lang	0	0	false	false
Matcher.Expr.isNullL.elim	Matcher.Lang	102	102	false	false
_private.Matcher.Logic.0.Matcher.runExt.match_5.eq_15	Matcher.Logic	0	0	false	false
ProcessB.Obs.mk.injEq	Bridge.ProcessB	0	0	false	false
EngineDbAbs.LevelView.mk.noConfusion	Bridge.EngineDbAbs	0	0	true	true
Matcher.BinOp._sizeOf_inst	Matcher.Lang	0	0	false	false
EngineDbApi.Db.mk.sizeOf_spec	Bridge.EngineDbApi	0	0	false	false
Walk.State.rem	Walk.Spec	164	164	true	false
insertOrder_buy_preserves_uncrossed	MatchingEngine.Theorems	277	338	false	false
_private.MatchingEngine.TheoremsFuel.0.doMatch.match_5.eq_4	MatchingEngine.TheoremsFuel	0	0	false	false
MatcherStore.Frame.casesOn	Matcher.StoreStep	80	86	false	false
Matcher.bindResult	Matcher.Lang	440	444	true	true
Matcher.Val.bool.injEq	Matcher.Lang	0	0	true	true
Matcher.Val.code.injEq	Matcher.Lang	0	0	false	false
instDecidableBookUncrossed._proof_3	MatchingEngine.Invariants	0	0	false	false
stpGuaranteeB	MatchingEngine.Invariants	112	117	false	false
Matcher.FunDef.recOn	Matcher.Lang	158	166	false	false
MatcherOuter.oc	Matcher.Outer	184	187	false	true
_private.Matcher.Logic.0.Matcher.liveOrder.match_1.eq_3	Matcher.Logic	0	0	false	false
EngineDbApi.OrderRow.mk	Bridge.EngineDbApi	58	58	true	true
_private.Matcher.Refines.0.Matcher.evalBin.match_1.eq_11	Matcher.Refines	0	0	false	false
Matcher.Stmt.ret.sizeOf_spec	Matcher.Lang	0	0	false	false
EngineDbAbs.COrderType.ctorElimType	Bridge.EngineDbAbs	0	0	false	false
Walk.modAt.eq_def	Walk.EquivEntry	0	0	false	false
BookState.noConfusion	MatchingEngine.Book	17	24	true	false
_private.Walk.Equiv.0.insertOrder.match_3.eq_2	Walk.Equiv	0	0	false	false
Matcher.bindParams._sunfold	Matcher.Lang	0	0	false	false
BookState.lastTradePrice	MatchingEngine.Book	21	21	true	true
MatcherRest.restRow_eq	Matcher.Rest	209	212	false	false
MatcherStore.InvM.count_eq	Matcher.StoreStep	397	397	true	true
Matcher.Print.extReturns._sparseCasesOn_1	Matcher.Print	122	126	false	false
_private.MatchingEngine.Theorems.0.insertAsc.match_1.eq_2	MatchingEngine.Theorems	0	0	false	false
EngineDbAbs.absBook_BookInvariant	Bridge.EngineDbAbs	688	693	false	false
OrderType.limit	MatchingEngine.Basic	22	22	true	true
_private.Matcher.Refines.0.Except.map.match_1.eq_1	Matcher.Refines	0	0	false	false
totalRemaining_drop_head_order	MatchingEngine.Theorems	1914	1947	true	true
Matcher.Eval.block_cons_ret	Matcher.Logic	281	285	true	true
ProcessB.Obs.mk._flat_ctor	Bridge.ProcessB	0	0	false	false
_private.Matcher.LoopEnv.0.Matcher.setOField.match_1.eq_4	Matcher.LoopEnv	0	0	false	false
_private.Bridge.EngineDbAbs.0.EngineDbAbs.decodeOrderType_market	Bridge.EngineDbAbs	182	188	false	false
length_drop_head_order_le	MatchingEngine.Theorems	2007	2018	true	true
MatcherInner.RowView.casesOn	Matcher.Inner	82	88	false	false
_private.MatchingEngine.TheoremsFuel.0.canMatchPrice.match_1.eq_2	MatchingEngine.TheoremsFuel	0	0	false	false
TimeInForce.ofNat	MatchingEngine.Basic	0	0	true	true
Matcher.divU	Matcher.Lang	219	221	true	true
EngineDbAbs.instReprCStpMode	Bridge.EngineDbAbs	69	69	false	false
ProcessB.processB_trades_ok	Bridge.ProcessB	463	487	false	false
_private.Matcher.Logic.0.Matcher.execStmt.match_14.eq_4	Matcher.Logic	0	0	false	false
Matcher.Ext.setL.sizeOf_spec	Matcher.Lang	0	0	false	false
_private.Matcher.Refines.0.List.lookup.match_1.eq_1	Matcher.Refines	0	0	false	false
MatcherRest.rest_inv._proof_1_2	Matcher.Rest	0	0	true	true
_private.MatchingEngine.TheoremsFull.0.doMatch.match_5.eq_4	MatchingEngine.TheoremsFull	0	0	false	false
ProcessB.bookSize	Bridge.ProcessB	71	72	true	true
test_bug2	MatchingEngine.Tests	120	138	false	false
Matcher.Val.order.noConfusion	Matcher.Lang	0	0	false	false
MatcherInner.OCtx.mk.sizeOf_spec	Matcher.Inner	0	0	false	false
Matcher.instInhabitedStmt	Matcher.Lang	151	151	false	false
_private.Walk.EquivEntry.0.Walk.cancel.match_1.splitter	Walk.EquivEntry	0	0	false	false
Matcher.Bound.capPlus.noConfusion	Matcher.Lang	0	0	false	false
MatcherAccept.SpecOrd.price	Matcher.Accept	29	29	true	true
ProcessInv	MatchingEngine.TheoremsReachable	47	50	false	false
MatcherStore.free_absSide	Matcher.StoreStep	361	369	true	true
ProcessB.instReprResultCode.repr	Bridge.ProcessB	57	57	false	false
instReprTimeInForce.repr	MatchingEngine.Basic	34	34	false	false
MatcherRun.postOnlyCode_cases	Matcher.Run	438	440	true	false
_private.Bridge.ProcessB.0.cancelOrder.match_3.eq_1	Bridge.ProcessB	0	0	false	false
EngineDbAbs.CRequest	Bridge.EngineDbAbs	71	81	true	true
Walk.rest_none	Walk.Equiv	151	153	true	false
Matcher.Program.mk.inj	Matcher.Lang	0	0	false	false
Matcher.OField.price.elim	Matcher.Lang	73	73	false	false
MatcherSpec.rest_step_done	Matcher.SpecStep	149	159	true	true
totalRemaining.match_1	MatchingEngine.Theorems	0	0	true	true
_private.Matcher.Refines.0.EngineDbAbs.decodeSide.match_1.eq_1	Matcher.Refines	0	0	false	false
Walk.WO.mk	Walk.RefineOuter	166	166	true	false
Matcher.Stmt.ctorElim	Matcher.Lang	136	151	false	false
_private.Bridge.ProcessB.0.cancelOrder.match_3.splitter	Bridge.ProcessB	0	0	false	false
Walk.modAt._unsafe_rec	Walk.Spec	0	0	false	false
Matcher.Ext.ctorElim	Matcher.Lang	121	134	false	false
Walk.processOrder_eq	Walk.EquivEntry	67	96	true	false
MatcherRefines.decodeOrderType_none_iff	Matcher.Refines	183	187	true	true
Walk.innerRun._unsafe_rec	Walk.Spec	0	0	false	false
ProcessB.ResultCode.cancelled.elim	Bridge.ProcessB	50	50	false	false
Walk.tBest_eq	Walk.Basic	45	45	true	false
_private.Matcher.Refines.0.List.lookup.match_1.eq_2	Matcher.Refines	0	0	false	false
MatcherLoop.Loc	Matcher.LoopEnv	143	155	true	true
instBEqTrade	MatchingEngine.Order	45	45	false	false
matchMeasure_skip_empty_level._proof_1_1	MatchingEngine.Theorems	0	0	true	true
MatcherAccept.lookup_side	Matcher.Accept	534	537	true	true
TimeInForce.day.elim	MatchingEngine.Basic	33	33	false	false
EngineDbAbs.OrderView.orderType	Bridge.EngineDbAbs	368	368	true	false
Walk.WR.trades	Walk.RefineInner	48	48	true	false
instDecidableEqOrder.decEq._proof_5	MatchingEngine.Order	0	0	true	true
instReprMatchResult.repr	MatchingEngine.Match	27	27	false	false
_private.Matcher.Accept.0.wouldCross.match_1.splitter	Matcher.Accept	0	0	false	false
instReprSide.repr.match_1	MatchingEngine.Basic	0	0	false	false
Matcher.Print.oField.match_1	Matcher.Print	0	0	false	false
EngineDbApi.tBest.post	Bridge.EngineDbApi	299	303	true	true
Matcher.Eval.ite_true	Matcher.Logic	233	236	true	true
MatcherLoop.crossB	Matcher.LoopEnv	489	490	true	true
Walk.sideCount_cons	Walk.Basic	56	58	true	false
MatcherOuter.count_le_cap_lc._proof_1_1	Matcher.Outer	0	0	true	true
EngineDbAbs.instEngineDbAbsStore._proof_2	Bridge.EngineDbAbs	0	0	false	false
allBookOrders.eq_1	Walk.Basic	0	0	false	false
instBEqOrderType	MatchingEngine.Basic	27	27	true	true
Matcher.Err.contract	Matcher.Lang	175	175	true	true
MatcherSpec.step_fill_part	Matcher.SpecStep	327	344	true	true
MatcherOuter.OInv.casesOn	Matcher.Outer	102	118	false	false
_private.Matcher.Logic.0.Matcher.execStmt.match_9.eq_2	Matcher.Logic	0	0	false	false
contraLevels.eq_2	Matcher.SpecStep	0	0	false	false
_private.Bridge.EngineDbApiLaws.0.EngineDbApi.orderAlloc.post.match_1.splitter	Bridge.EngineDbApiLaws	0	0	false	false
Order	MatchingEngine.Order	15	32	true	true
MatcherInner.Core.fler	Matcher.Inner	554	554	false	true
Matcher.instDecidableEqLField	Matcher.Lang	80	80	false	false
PriceLevel.rec	MatchingEngine.Book	11	14	true	false
MatcherSpec.AtHead.recOn	Matcher.SpecStep	216	223	false	false
OrderStatus.new_.sizeOf_spec	MatchingEngine.Basic	0	0	false	false
MatcherInner.Core.part	Matcher.Inner	560	560	false	true
OrderType.ofNat	MatchingEngine.Basic	0	0	true	true
doMatch_incoming_timestamp	MatchingEngine.TheoremsFull	446	454	false	false
_private.Bridge.EngineDbAbs.0.EngineDbAbs.decodeStpMode.match_1.eq_2	Bridge.EngineDbAbs	0	0	false	false
Matcher.Expr.getL	Matcher.Lang	105	106	true	true
Walk.outerRun.eq_2	Walk.Basic	0	0	false	false
matchOrder_budget	MatchingEngine.TheoremsFuel	153	157	false	false
_private.Walk.RefineInner.0.Walk.setHeadRem.match_1.eq_1	Walk.RefineInner	0	0	false	false
MatcherProgram.and'	Matcher.Program	73	73	true	true
Matcher.instDecidableEqOutcome.decEq._proof_1	Matcher.Lang	0	0	false	false
process_all_fuel_stable._proof_1_17	MatchingEngine.TheoremsFuel	0	0	false	false
_private.Matcher.LoopEnv.0.Matcher.setOField.match_1.splitter	Matcher.LoopEnv	0	0	false	false
MatcherRefines.ev_check3._simp_1_52	Matcher.Refines	0	0	false	false
_private.Matcher.Refines.0.MatcherRefines.capU_ne	Matcher.Refines	349	353	true	true
Walk.sideL.eq_1	Walk.Basic	0	0	false	false
EngineDbApi.Db.mk._flat_ctor	Bridge.EngineDbApi	0	0	false	false
FIFOLevel_append_newest	MatchingEngine.TheoremsFull	112	121	false	false
MatcherInner.ReqOk.stp	Matcher.Inner	63	63	false	true
Walk.nO_restOrder	Walk.Equiv	106	118	true	false
Matcher.FunDef.rec	Matcher.Lang	158	166	false	false
_private.Bridge.EngineDbAbs.0.EngineDbAbs.decodeSide.match_1.splitter	Bridge.EngineDbAbs	0	0	false	false
EngineDbApi.tRemove.post	Bridge.EngineDbApi	296	297	true	true
EngineDbAbs.instReprCOrderType.repr.match_1	Bridge.EngineDbAbs	0	0	false	false
EngineDbAbs.OrderView.mk.sizeOf_spec	Bridge.EngineDbAbs	0	0	false	false
_private.Bridge.EngineDbAbs.0.EngineDbAbs.asksSorted_of_pairwise.match_1_1	Bridge.EngineDbAbs	0	0	false	false
Walk.ev_innerCond_walk	Walk.RefineInner	353	376	true	false
EngineDbAbs.absHashInsert.eq_1	Bridge.EngineDbAbs	0	0	false	false
_private.Matcher.Run.0.Except.map.match_1.eq_2	Matcher.Run	0	0	false	false
Walk.WR.rem	Walk.RefineInner	46	46	true	false
ProcessB.ResultCode.rejectedUnknownId	Bridge.ProcessB	56	56	true	true
Matcher.Eval.ite_inv	Walk.LogicInv	94	112	true	false
MatcherInner.OCtx.Ok	Matcher.Inner	175	184	false	true
Walk.State.trades	Walk.Spec	166	166	true	false
EngineDbAbs.instDecidableEqLevelView.decEq.match_1	Bridge.EngineDbAbs	0	0	false	false
MatcherRefines.idOnBook_false_iff	Matcher.Refines	783	798	true	true
EngineDbAbs.CRequest.orderType	Bridge.EngineDbAbs	77	77	true	true
MatcherProgram.OT_IOC.eq_1	Matcher.Refines	0	0	false	false
EngineDbApi.instDecidableEqOrderRow.decEq._proof_3	Bridge.EngineDbApi	0	0	false	false
_private.Matcher.Logic.0.Matcher.runExt.match_5.eq_13	Matcher.Logic	0	0	false	false
MatcherRest.ev_newLevel._simp_1_4	Matcher.Rest	0	0	true	true
Matcher.Expr.getO.sizeOf_spec	Matcher.Lang	0	0	false	false
MatcherProgram.v.eq_1	Matcher.Refines	0	0	false	false
_private.Matcher.Refines.0.Matcher.evalExpr.match_11.eq_7	Matcher.Refines	0	0	false	false
MatcherSpec.doMatch_fuel_stable._proof_1_2	Matcher.SpecStep	0	0	true	true
Matcher.Val.order.injEq	Matcher.Lang	0	0	false	false
ProcessB.Req.order	Bridge.ProcessB	44	44	true	true
Matcher.instReprBound	Matcher.Lang	119	119	false	false
MatcherSpec.drop1	Matcher.SpecStep	206	208	true	true
MatcherInner.inner_run._proof_1_1	Matcher.Inner	0	0	false	true
Matcher.execStmt_loop_finish	Matcher.Logic	317	329	true	true
findOrderOnBook	MatchingEngine.Cancel	7	15	true	true
Matcher.Ext.qFirst	Matcher.Lang	128	128	true	true
Walk.IR.casesOn	Walk.EquivMatch	56	60	false	false
EngineDbApi.EngineDb.casesOn	Bridge.EngineDbApi	309	412	false	false
EngineDbApi.OrderRow.noConfusionType	Bridge.EngineDbApi	0	0	false	false
_private.Matcher.Logic.0.Matcher.execStmt_loop_eq.match_1.eq_2	Matcher.Logic	0	0	false	false
TradesOk_append	MatchingEngine.TheoremsFull	561	566	false	false
Matcher.St.mk	Matcher.Lang	184	184	true	true
Trade.mk.injEq	MatchingEngine.Order	0	0	false	false
ProcessB.ResultCode.ctorIdx	Bridge.ProcessB	0	0	true	true
_private.Bridge.EngineDbAbs.0.EngineDbAbs.COrderType.tif.match_1.eq_1	Bridge.EngineDbAbs	0	0	false	false
MatcherLoop.ev_innerCond	Matcher.LoopEnv	478	480	true	true
EngineDbAbs.instEngineDbAbsStore._proof_40	Bridge.EngineDbAbs	0	0	false	false
Walk.process.eq_1	Walk.Basic	0	0	false	false
Walk.Ctx.recOn	Walk.Spec	143	147	false	false
MatcherSpec.dec_aux2._proof_1_1	Matcher.SpecStep	0	0	true	true
Matcher.instDecidableEqUnOp._proof_1	Matcher.Lang	0	0	false	false
MatcherProgram.cancelOrderFun	Matcher.Program	257	263	true	true
Walk.WHead.rv	Walk.RefineInner	147	147	true	false
MatcherRefines.Inv.recOn	Matcher.Refines	86	97	false	false
Walk.IR.recOn	Walk.EquivMatch	56	60	false	false
BookState.recOn	MatchingEngine.Book	17	24	false	false
Walk.sideL.eq_2	Walk.Basic	0	0	false	false
MatcherProgram.sideFun	Matcher.Program	104	198	true	true
Matcher.Err.noConfusionType	Matcher.Lang	0	0	false	false
ProcessB.ResultCode.accepted.elim	Bridge.ProcessB	49	49	false	false
EngineDbAbs.restingOrder	Bridge.EngineDbAbs	311	321	true	true
Matcher.Val.level.sizeOf_spec	Matcher.Lang	0	0	false	false
SideOk	MatchingEngine.TheoremsFull	59	61	false	false
Matcher.instReprBound.repr	Matcher.Lang	119	119	false	false
Matcher.evalExpr.eq_1	Matcher.Refines	0	0	false	false
MatcherInner.inner_cancelOld	Matcher.Inner	460	534	false	true
EngineDbAbs.instEngineDbAbsStore._proof_12	Bridge.EngineDbAbs	0	0	false	false
fifoLevelB.match_1	MatchingEngine.Invariants	0	0	false	false
MatcherRefines.runEntry_fuel_stable	Matcher.Refines	42	69	false	false
_private.Matcher.Refines.0.Matcher.asBool.match_1.eq_2	Matcher.Refines	0	0	false	false
Matcher.evalExpr._unsafe_rec	Matcher.Lang	0	0	false	false
Walk.outerRun._unsafe_rec	Walk.Spec	0	0	false	false
Walk.State.ctorIdx	Walk.Spec	0	0	false	false
MatchResult.rec	MatchingEngine.Match	21	27	false	false
BookOk	MatchingEngine.TheoremsFull	67	69	false	false
EngineDbApi.tBest_unique	Bridge.EngineDbApiLaws	60	68	false	false
ProcessB.ResultCode.rejectedDuplicate.elim	Bridge.ProcessB	53	53	false	false
MatcherInner.OCtx.mk	Matcher.Inner	161	161	false	true
MatcherCancel.cancel_clientInv	Matcher.Cancel	515	566	true	true
MatcherLoop.umin_le_right	Matcher.LoopEnv	377	377	true	true
Walk.refines.match_1_5	Walk.Refine	0	0	true	false
_private.Matcher.Refines.0.MatcherRefines.entryOf.match_1.eq_1	Matcher.Refines	0	0	false	false
_private.MatchingEngine.Theorems.0.matching_dispose_noCross_buy	MatchingEngine.Theorems	3336	3400	false	false
_private.Matcher.Cancel.0.ProcessB.processB.match_5.splitter	Matcher.Cancel	0	0	false	false
MatcherOuter.MCtx._sizeOf_1	Matcher.Outer	0	0	false	false
Walk.own_frame	Walk.EquivMatch	144	145	true	false
Matcher.BinOp.add.elim	Matcher.Lang	87	87	false	false
MatcherInner.RowView.id	Matcher.Inner	84	84	true	true
TimeInForce.gtc.sizeOf_spec	MatchingEngine.Basic	0	0	false	false
_private.Matcher.Logic.0.Matcher.execStmt.match_3.splitter	Matcher.Logic	0	0	false	false
EngineDbAbs.toSpec_wellFormed	Bridge.EngineDbAbs	228	252	true	false
BookUncrossed_of_bids_asks_eq	MatchingEngine.Theorems	69	74	false	false
MatcherOuter.MCtx.mk.injEq	Matcher.Outer	0	0	false	false
MatcherInner.Core.mk	Matcher.Inner	551	551	false	true
Matcher.Program	Matcher.Lang	168	172	true	true
FullBookInv	MatchingEngine.TheoremsFull	1244	1249	false	false
EngineDbAbs.ClientInv.casesOn	Bridge.EngineDbAbs	429	450	false	false
fifoWithinLevelB	MatchingEngine.Invariants	52	54	false	false
EngineDbApi.tInsert_valid	Bridge.EngineDbApiLaws	620	622	false	false
MatcherInner.Core.rl1	Matcher.Inner	573	573	false	true
_private.Walk.EquivMatch.0.canMatchPrice.match_1.eq_2	Walk.EquivMatch	0	0	false	false
Walk.wcore._proof_1_1	Walk.RefineInner	0	0	true	false
EngineDbAbs.bookView.eq_1	Bridge.ProcessB	0	0	false	false
EngineDbApi.EngineDb.owner_law	Bridge.EngineDbApi	365	365	true	true
doMatch_buy_preserves_uncrossed	MatchingEngine.Theorems	1227	1291	false	false
_private.Matcher.Refines.0.Matcher.evalBin.match_1.eq_9	Matcher.Refines	0	0	false	false
MatcherCancel.sum_map_erase	Matcher.Cancel	578	590	true	true
AllInv.asks_sorted	MatchingEngine.Theorems	62	63	false	false
process_all_clock_ge	MatchingEngine.TheoremsFull	757	826	false	false
Matcher.Print.cTy.match_1	Matcher.Print	0	0	false	false
EngineDbApi.Db.orderId	Bridge.EngineDbApi	113	115	true	true
Matcher.LField.noConfusionType	Matcher.Lang	0	0	false	false
EngineDbAbs.instDecidableEqLevelView.decEq._proof_2	Bridge.EngineDbAbs	0	0	false	false
doMatch_buy_preserves_asks_sorted	MatchingEngine.Theorems	1039	1137	false	false
EngineDbApi.Db.orderLive.eq_1	Bridge.EngineDbApiLaws	0	0	false	false
Matcher.Stmt	Matcher.Lang	136	151	true	true
EngineDbApi.upd_other	Bridge.EngineDbApi	96	97	true	true
processBook	MatchingEngine.TheoremsReachable	43	45	false	false
Matcher.runExt.eq_3	Matcher.Logic	0	0	false	false
EngineDbApi.qFirst_valid	Bridge.EngineDbApiLaws	638	640	false	false
Matcher.Expr.clit.elim	Matcher.Lang	94	94	false	false
EngineDbApi.queue_after_insertTail	Bridge.EngineDbApiLaws	108	113	false	false
MatcherCancel.Emptied	Matcher.Cancel	452	453	true	true
MatcherOuter.OInv.recOn	Matcher.Outer	102	118	false	false
EngineDbApi.levelFree.pre	Bridge.EngineDbApi	173	175	true	true
Walk.IR.rec	Walk.EquivMatch	56	60	false	false
Matcher.instDecidableEqErr	Matcher.Lang	177	177	false	false
MatcherRefines.findOrderOnBook_none_iff	Matcher.Refines	767	781	true	true
EngineDbAbs.CStpMode.cancelNew.sizeOf_spec	Bridge.EngineDbAbs	0	0	false	false
EngineDbAbs.instDecidableEqCStpMode._proof_1	Bridge.EngineDbAbs	0	0	false	false
_private.Walk.EquivMatch.0.Walk.innerStep.match_1.eq_2	Walk.EquivMatch	0	0	false	false
MatcherAccept.Static	Matcher.Accept	158	163	true	true
EngineDbAbs.OrderView.id	Bridge.EngineDbAbs	366	366	true	false
EngineDbAbs.sideCode.eq_1	Matcher.Cancel	0	0	false	false
Matcher.Ext.setO	Matcher.Lang	125	125	true	true
MatcherProgram.nec.eq_1	Matcher.Refines	0	0	false	false
_private.MatchingEngine.Theorems.0.canMatchPrice.match_1.splitter	MatchingEngine.Theorems	0	0	false	false
Walk.WO.stop	Walk.RefineOuter	171	171	true	false
EngineDbAbs.instDecidableEqBookView.decEq.match_1	Bridge.EngineDbAbs	0	0	false	false
MatcherSpec.mm_drop1	Matcher.SpecStep	348	351	true	true
Matcher.inTreeB.eq_1	Matcher.Cancel	0	0	false	false
Matcher.execStmt.match_7	Matcher.Lang	0	0	true	true
Matcher.instDecidableEqVal.decEq._proof_8	Matcher.Lang	0	0	false	false
process_all_fuel_stable._proof_1_23	MatchingEngine.TheoremsFuel	0	0	false	false
Matcher.lookupVar.match_1	Matcher.Lang	0	0	true	true
EngineDbApi.owner_valid	Bridge.EngineDbApiLaws	647	648	false	false
EngineDbAbs.toSpec_none_iff._proof_1_6	Bridge.EngineDbAbs	0	0	false	false
process_all_fuel_stable._proof_1_15	MatchingEngine.TheoremsFuel	0	0	false	false
Matcher.St.ctorIdx	Matcher.Lang	0	0	false	false
MatcherSpec.mm_drop'	Matcher.SpecStep	33	43	true	true
Matcher.liveLevel.eq_3	Matcher.Logic	0	0	false	false
EngineDbApi.writeLevel_preserves_WF	Bridge.EngineDbApiLaws	319	346	true	true
_private.Matcher.Cancel.0.EngineDbAbs.sideOfTree.match_1.eq_1	Matcher.Cancel	0	0	false	false
MatcherProgram.OT_LIMIT.eq_1	Matcher.Refines	0	0	false	false
Matcher.UnOp	Matcher.Lang	82	84	true	true
EngineDbApi.Db.WF.levels_live	Bridge.EngineDbApi	138	138	true	true
MatcherRefines.cancelEnv.eq_1	Matcher.Refines	0	0	false	false
Matcher.Outcome.rec	Matcher.Lang	179	182	true	true
EngineDbAbs.instEngineDbAbsStore._proof_31	Bridge.EngineDbAbs	0	0	false	false
ProcessB.Obs.noConfusion	Bridge.ProcessB	123	128	false	false
_private.Matcher.Run.0.Except.map.match_1.splitter	Matcher.Run	0	0	false	false
MatcherRest.appAt_views	Matcher.Rest	130	138	true	true
MatcherProgram.STP_DECREMENT	Matcher.Program	49	49	true	true
doMatch_trades_length_le	MatchingEngine.TheoremsFuel	159	165	false	false
Matcher.Ext.tInsert.noConfusion	Matcher.Lang	0	0	false	false
Matcher.Expr.getO.noConfusion	Matcher.Lang	0	0	false	false
EngineDbAbs.absHashInsert	Bridge.EngineDbAbs	849	851	false	false
MatcherRest.insSpec_exists._proof_1_10	Matcher.Rest	0	0	true	true
instBEqTimeInForce	MatchingEngine.Basic	34	34	true	true
MatcherStore.ClientInv.toM	Matcher.StoreStep	172	174	true	true
ProcessB.processB	Bridge.ProcessB	94	110	true	true
EngineDbApi.Db.queued	Bridge.EngineDbApi	106	107	true	true
Order.qty	MatchingEngine.Order	22	22	true	true
MatcherInner.HeadFacts.ah	Matcher.Inner	369	369	false	true
ProcessB.ResultCode.rejectedUnknownId.sizeOf_spec	Bridge.ProcessB	0	0	false	false
MatcherStore.Inv.toM	Matcher.StoreStep	401	403	true	true
MatcherStore.free_tree_length._proof_1_3	Matcher.StoreStep	0	0	true	true
Matcher.Ext.tBest.noConfusion	Matcher.Lang	0	0	false	false
_private.Matcher.Refines.0.ProcessB.processB.match_5.splitter	Matcher.Refines	0	0	false	false
needOrder_le_computeProcessFuel._proof_1_2	MatchingEngine.TheoremsFuel	0	0	false	false
insertOrder_BookOkAt	MatchingEngine.TheoremsFull	689	715	false	false
Matcher.Expr.isNullO.sizeOf_spec	Matcher.Lang	0	0	false	false
Matcher.evalBin.eq_12	Matcher.Refines	0	0	false	false
bookInvariantB	MatchingEngine.Invariants	131	139	false	false
doMatch_tradeBudget_le	MatchingEngine.TheoremsFuel	33	45	false	false
EngineDbAbs.instDecidableEqCOrderType._proof_2	Bridge.EngineDbAbs	0	0	true	true
EngineDbAbs.CStpMode.recOn	Bridge.EngineDbAbs	62	69	false	false
MatcherCancel.refines_cancel_resting._proof_1_11	Matcher.Cancel	0	0	true	true
EngineDbApi.OrderRow.account	Bridge.EngineDbApi	60	60	true	true
reachable_all_invariants_prefix	MatchingEngine.TheoremsReachable	177	182	false	false
Walk.hashFind_none_of._simp_1_2	Walk.Equiv	0	0	true	false
MatcherRefines.dupEnv	Matcher.Refines	654	658	true	true
EngineDbAbs.LevelView.mk	Bridge.EngineDbAbs	387	387	true	true
processOrder.eq_2	MatchingEngine.TheoremsFuel	0	0	true	true
EngineDbAbs.CStpMode.casesOn	Bridge.EngineDbAbs	62	69	true	true
Matcher.Err.bound	Matcher.Lang	176	176	true	true
EngineDbApi.readLevel_writeLevel_other	Bridge.EngineDbFrame	59	63	false	false
Matcher.Outcome	Matcher.Lang	179	182	true	true
Matcher.OField.side	Matcher.Lang	73	73	true	true
instDecidableEqOrder.decEq._proof_1	MatchingEngine.Order	0	0	true	true
MatcherRun.findOrderOnBook_nB	Matcher.Run	361	370	false	false
OrderType.ofNat_ctorIdx	MatchingEngine.Basic	0	0	true	true
MatcherAccept.SpecOrd.st	Matcher.Accept	38	38	true	true
EngineDbAbs.instEngineDbAbsStore._proof_5	Bridge.EngineDbAbs	0	0	false	false
Matcher.Expr.getL.inj	Matcher.Lang	0	0	false	false
_private.Matcher.Refines.0.MatcherRefines.entryOf.match_1.splitter	Matcher.Refines	0	0	false	false
_private.Matcher.Refines.0.Matcher.evalExpr.match_7.splitter	Matcher.Refines	0	0	false	false
_private.Walk.RefineInner.0.Matcher.Stmt.block.match_1.eq_2	Walk.RefineInner	0	0	false	false
EngineDbAbs.instDecidableEqCRequest.decEq	Bridge.EngineDbAbs	81	81	false	false
Matcher.Outcome.ctorElimType	Matcher.Lang	0	0	false	false
_private.MatchingEngine.TheoremsFuel.0.doMatch.match_7.splitter	MatchingEngine.TheoremsFuel	0	0	true	true
MatcherRefines.lookup_process_order	Matcher.Refines	131	134	true	true
Walk.w_outer_loop	Walk.RefineOuter	510	523	true	false
ProcessB.ResultCode.rejectedCapacity	Bridge.ProcessB	54	54	true	true
instDecidableEqOrder.decEq._proof_4	MatchingEngine.Order	0	0	true	true
_private.Bridge.EngineDbAbs.0.EngineDbAbs.absQueue.match_1.eq_2	Bridge.EngineDbAbs	0	0	false	false
MatcherRest.insLevel_map	Matcher.Rest	102	110	true	true
BookOkAt_mono	MatchingEngine.TheoremsFull	87	89	false	false
_private.Matcher.Refines.0.Matcher.evalExpr.match_11.eq_10	Matcher.Refines	0	0	false	false
doMatch_sell_preserves_inc_tif	MatchingEngine.Theorems	1676	1713	false	false
ProcessB.TradeObs	Bridge.ProcessB	112	118	true	true
EngineDbAbs.CStpMode.decrement.elim	Bridge.EngineDbAbs	68	68	false	false
stopW_mergeSort	MatchingEngine.TheoremsFuel	143	146	false	false
MatcherRest.ev_restCond_false	Matcher.Rest	394	399	true	true
Walk.canMatch_iff	Walk.EquivMatch	111	119	true	false
EngineDbAbs.pickBest.eq_2	Bridge.EngineDbAbs	0	0	false	false
MatcherOuter.count_le_cap_lc	Matcher.Outer	168	178	true	true
Matcher.Ext.tBest	Matcher.Lang	133	133	true	true
MatcherCancel.cancel_restingCount._proof_1_4	Matcher.Cancel	0	0	true	true
Walk.OW.stops	Walk.EquivMatch	533	533	true	false
MatcherProgram.or'.eq_1	Matcher.Refines	0	0	false	false
_private.Bridge.EngineDbAbs.0.EngineDbAbs.prioB_trans._proof_1_5	Bridge.EngineDbAbs	0	0	true	true
doMatch.eq_2	Matcher.SpecStep	0	0	true	true
MatcherInner.inner_cancelOld._proof_1_2	Matcher.Inner	0	0	false	true
_private.MatchingEngine.TheoremsFull.0.doMatch.match_7.eq_1	MatchingEngine.TheoremsFull	0	0	false	false
ProcessB.instReprTradeObs.repr	Bridge.ProcessB	118	118	false	false
EngineDbAbs.instEngineDbAbsStore._proof_35	Bridge.EngineDbAbs	0	0	false	false
Matcher.liveO	Matcher.Lang	248	248	true	true
MatcherInner.inner_dec	Matcher.Inner	634	753	false	true
MatcherProgram.SIDE_BUY	Matcher.Program	39	39	true	true
FIFOLevel.eq_1	MatchingEngine.TheoremsFull	0	0	false	false
_private.Matcher.Run.0.MatcherRun.matcherRun.match_1.eq_2	Matcher.Run	0	0	false	false
ProcessB.processB.match_1	Bridge.ProcessB	0	0	true	true
Walk.WHead.hrow	Walk.RefineInner	151	151	true	false
_private.Matcher.Cancel.0.Matcher.instReprOField.repr.match_1.eq_6	Matcher.Cancel	0	0	false	false
Matcher.instReprErr.repr	Matcher.Lang	177	177	false	false
Walk.modAt	Walk.Spec	58	61	true	false
Matcher.Ty.default.eq_4	Matcher.Refines	0	0	false	false
Walk.inner_sim	Walk.EquivMatch	416	495	true	false
EngineDbApi.Db.WF.queue_unique	Bridge.EngineDbApi	127	127	true	true
_private.MatchingEngine.Theorems.0.insertOrder.match_1.eq_1	MatchingEngine.Theorems	0	0	false	false
Walk.processOrder.eq_1	Walk.Basic	0	0	false	false
EngineDbApi.EngineDb.readLevel	Bridge.EngineDbApi	326	326	true	true
MatcherCancel.le_sum_of_mem_nat	Matcher.Cancel	730	736	true	true
Matcher.setOField.eq_3	Matcher.LoopEnv	0	0	false	false
_private.MatchingEngine.TheoremsFuel.0.processTriggeredStops.match_1.eq_2	MatchingEngine.TheoremsFuel	0	0	false	false
_private.Matcher.Logic.0.Matcher.liveLevel.match_1.splitter	Matcher.Logic	0	0	false	false
Walk.sideProc_agree._proof_1_1	Walk.Equiv	0	0	true	false
Trade.aggPostOnly	MatchingEngine.Order	41	41	false	false
Walk.crosses_iff	Walk.RefineOuter	176	179	true	false
_private.Matcher.Accept.0.EngineDbAbs.decodeOrderType.match_1.eq_3	Matcher.Accept	0	0	false	false
Matcher.evalExpr.eq_9	Matcher.Refines	0	0	false	false
Matcher.evalBin.eq_2	Matcher.Refines	0	0	false	false
_private.Matcher.SpecStep.0.insertOrder.match_1.splitter	Matcher.SpecStep	0	0	false	false
StopsWF	MatchingEngine.TheoremsFull	498	506	false	false
MatcherInner.Core.v1	Matcher.Inner	563	563	false	true
noEmptyLevelsB	MatchingEngine.Invariants	91	93	false	false
EngineDbAbs.ClientInv	Bridge.EngineDbAbs	429	450	true	true
MatcherAccept.sideOf_isBuy	Matcher.Accept	72	74	true	true
OrderType.marketToLimit.sizeOf_spec	MatchingEngine.Basic	0	0	false	false
Walk.WRefines	Walk.Refine	392	397	true	false
MatcherRest.insLevel_views	Matcher.Rest	120	128	true	true
processTriggeredStops.eq_3	MatchingEngine.TheoremsFuel	0	0	false	false
MatcherCancel.prioB_asymm	Matcher.Cancel	72	74	true	true
_private.Matcher.Refines.0.Matcher.evalBin.match_1.eq_15	Matcher.Refines	0	0	false	false
Walk.State.mk._flat_ctor	Walk.Spec	0	0	false	false
MatcherCancel.sum_map_update	Matcher.Cancel	592	609	true	true
Walk.WF	Walk.EquivEntry	19	29	true	false
Matcher.Expr.un.injEq	Matcher.Lang	0	0	false	false
EngineDbAbs.instEngineDbAbsStore._proof_21	Bridge.EngineDbAbs	0	0	false	false
MatcherRefines.absQueue_ids	Matcher.Refines	488	492	true	true
Trade.casesOn	MatchingEngine.Order	35	45	false	false
Matcher.loopFinish	Matcher.Logic	305	315	true	true
MatcherCancel.sum_map_update._proof_1_3	Matcher.Cancel	0	0	true	true
Order.id	MatchingEngine.Order	16	16	true	true
_private.Matcher.Refines.0.Matcher.evalExpr.match_3.eq_2	Matcher.Refines	0	0	false	false
STPPolicy.cancelOldest	MatchingEngine.Basic	46	46	true	true
insertOrder_preserves_uncrossed.match_1	MatchingEngine.Theorems	0	0	false	false
Matcher.instDecidableEqOutcome.decEq	Matcher.Lang	182	182	false	false
bidsSortedDescB._sunfold	MatchingEngine.Invariants	0	0	false	false
MatcherAccept.restOrd.eq_1	Matcher.Accept	0	0	false	false
_private.Matcher.Logic.0.Matcher.runExt.match_5.eq_18	Matcher.Logic	0	0	false	false
_private.Walk.Equiv.0.Walk.owner.match_1.splitter	Walk.Equiv	0	0	false	false
_private.Matcher.Cancel.0.Matcher.instReprOField.repr.match_1.eq_3	Matcher.Cancel	0	0	false	false
_private.Matcher.Run.0.ProcessB.processB.match_5.eq_1	Matcher.Run	0	0	false	false
EngineDbApi.EngineDb.owner	Bridge.EngineDbApi	329	329	true	true
_private.Matcher.Rest.0.MatcherRest.insSpec.match_1.eq_2	Matcher.Rest	0	0	false	false
Matcher.LField.ctorIdx	Matcher.Lang	0	0	false	false
Walk.popHead.eq_1	Walk.EquivMatch	0	0	false	false
EngineDbAbs.AbsStore._sizeOf_inst	Bridge.EngineDbAbs	0	0	false	false
Matcher.setOField	Matcher.Lang	268	277	true	true
Matcher.FunDef.body	Matcher.Lang	165	165	true	true
EngineDbAbs.COrderType.market.sizeOf_spec	Bridge.EngineDbAbs	0	0	false	false
MatcherRun.nL_price	Matcher.Run	65	65	false	false
processOrder_computeProcessFuel_stable	MatchingEngine.TheoremsFuel	338	346	false	false
_private.Matcher.Logic.0.Matcher.execStmt.match_7.eq_4	Matcher.Logic	0	0	false	false
_private.MatchingEngine.TheoremsFuel.0.doMatch.match_5.congr_eq_2	MatchingEngine.TheoremsFuel	0	0	true	true
Matcher.Err.rec	Matcher.Lang	174	177	false	false
MatcherStore.Frame.levelPrice_eq	Matcher.StoreStep	119	120	true	true
matchMeasure_skip_empty_level	MatchingEngine.Theorems	1968	1985	true	true
EngineDbAbs.ClientInv.recOn	Bridge.EngineDbAbs	429	450	false	false
EngineDbApi.Db.recOn	Bridge.EngineDbApi	79	88	false	false
Order.mk.injEq	MatchingEngine.Order	0	0	true	false
_private.MatchingEngine.Theorems.0.doMatch_sell_result_bids_acc	MatchingEngine.Theorems	631	695	false	false
EngineDbAbs.CRequest.mk.noConfusion	Bridge.EngineDbAbs	0	0	false	false
MatcherStore.ClientInvM.mk	Matcher.StoreStep	160	160	true	true
EngineDbApi.writeLevel_frame	Bridge.EngineDbFrame	65	80	false	false
_private.Bridge.EngineDbAbs.0.EngineDbAbs.decodeOrderType.match_1.eq_5	Bridge.EngineDbAbs	0	0	false	false
ProcessB.pairwise_of_bidsSorted	Bridge.ProcessB	142	153	false	false
MatcherRest.insSpec_fresh	Matcher.Rest	30	51	true	true
EngineDbAbs.instReprCRequest	Bridge.EngineDbAbs	81	81	false	false
Walk.WCore.part	Walk.RefineInner	300	300	true	false
Matcher.Expr.clit.sizeOf_spec	Matcher.Lang	0	0	false	false
EngineDbApi.EngineDb.rec	Bridge.EngineDbApi	309	412	false	false
MatcherRest.rest_prefix._proof_1_3	Matcher.Rest	0	0	true	true
EngineDbApi.hashInsert.pre	Bridge.EngineDbApi	223	223	true	true
_private.MatchingEngine.Theorems.0.processTriggeredStops.match_1.splitter	MatchingEngine.Theorems	0	0	false	false
MatcherRun.matcherRun_mono	Matcher.Run	577	597	false	false
MatcherOuter.MCtx.rec	Matcher.Outer	85	93	false	false
Matcher.runExt_setL_price	Matcher.Logic	520	525	true	true
EngineDbAbs.absBook_uncrossed.match_1_1	Bridge.EngineDbAbs	0	0	false	false
MatcherInner.RowView.recOn	Matcher.Inner	82	88	false	false
MatcherOuter.OInv.tbound	Matcher.Outer	112	112	false	true
MatcherLoop.Loc.nextp	Matcher.LoopEnv	148	148	true	true
MatcherRefines.Inv.mk	Matcher.Refines	90	90	true	true
EngineDbApi.instReprTree.repr.match_1	Bridge.EngineDbApi	0	0	false	false
TimeInForce._sizeOf_inst	MatchingEngine.Basic	0	0	false	false
MatcherRun.nO.eq_1	Matcher.Run	0	0	false	false
Matcher.runExt.eq_19	Matcher.Logic	0	0	false	false
_private.MatchingEngine.Theorems.0.insertOrder.match_1.splitter	MatchingEngine.Theorems	0	0	false	false
_private.Matcher.Logic.0.Matcher.execStmt_loop_eq.match_3.eq_3	Matcher.Logic	0	0	false	false
Matcher.queuedB	Matcher.Lang	250	250	true	true
EngineDbAbs.CStpMode.cancelNew	Bridge.EngineDbAbs	65	65	true	true
Matcher.evalExpr.eq_6	Matcher.Refines	0	0	false	false
EngineDbApi.Tree	Bridge.EngineDbApi	73	77	true	true
Walk.sideProc	Walk.Spec	288	296	true	false
shouldTrigger._sparseCasesOn_1	MatchingEngine.Process	102	109	true	true
asksSortedAscB.eq_2	Bridge.EngineDbAbs	0	0	false	false
MatcherProgram.eqc	Matcher.Program	70	70	true	true
ProcessB.TradeObs.mk.injEq	Bridge.ProcessB	0	0	true	true
MatcherAccept.dispose_norest	Matcher.Accept	195	204	true	true
EngineDbApi.tFind.post.eq_1	Bridge.EngineDbApiLaws	0	0	false	false
EngineDbApi.OrderRow.stpMode	Bridge.EngineDbApi	62	62	true	true
_private.Matcher.Logic.0.Matcher.instReprOutcome.repr.match_1.eq_1	Matcher.Logic	0	0	false	false
MatcherCancel.absQueue_views	Matcher.Cancel	29	35	true	true
Matcher.Bound.noConfusion	Matcher.Lang	113	119	false	false
Walk.processOrder_eq.match_1	Walk.EquivEntry	0	0	true	false
_private.MatchingEngine.Theorems.0.convertStop.match_1.eq_2	MatchingEngine.Theorems	0	0	false	false
ProcessResult.mk._flat_ctor	MatchingEngine.Process	0	0	false	false
EngineDbAbs.LevelView.rec	Bridge.EngineDbAbs	387	390	true	true
EngineDbApi.instDecidableEqTree._proof_2	Bridge.EngineDbApi	0	0	true	true
EngineDbAbs.LevelView.noConfusionType	Bridge.EngineDbAbs	0	0	true	true
Matcher.Stmt.ctorIdx	Matcher.Lang	0	0	false	false
processCascade.eq_1	MatchingEngine.TheoremsFuel	0	0	false	false
Walk.outerStep_fr	Walk.RefineOuter	112	147	true	false
processTriggeredStops._sunfold	MatchingEngine.Process	0	0	false	false
MatcherRest.absLevel_fresh	Matcher.Rest	708	716	true	true
_private.Walk.LogicInv.0.Matcher.loopStep.match_3.eq_4	Walk.LogicInv	0	0	false	false
_private.Walk.Basic.0.Walk.process.match_1.eq_1	Walk.Basic	0	0	false	false
Matcher.Program._sizeOf_inst	Matcher.Lang	0	0	false	false
MatcherOuter.MCtx.Ok.casesOn	Matcher.Outer	97	100	false	false
STPPolicy.decrement.sizeOf_spec	MatchingEngine.Basic	0	0	false	false
Matcher.Expr.bin.sizeOf_spec	Matcher.Lang	0	0	false	false
ProcessB.Req.cancel.elim	Bridge.ProcessB	45	45	false	false
MatcherInner.Core.rd1	Matcher.Inner	568	568	false	true
Matcher.loopStep._sparseCasesOn_8	Matcher.Logic	19	32	true	true
_private.Matcher.Run.0.wouldCross.match_1.eq_1	Matcher.Run	0	0	false	false
Walk.WFr.mk._flat_ctor	Walk.RefineOuter	0	0	false	false
Matcher.Print.trapCode.match_1	Matcher.Print	0	0	false	false
Walk.cancel_eq	Walk.EquivEntry	359	442	true	false
Matcher.exec_call.match_3	Matcher.Logic	0	0	true	true
ProcessB.requestMayRest.match_1	Bridge.ProcessB	0	0	true	true
Matcher.exec_ite	Matcher.Logic	89	92	true	true
STPPolicy._sizeOf_inst	MatchingEngine.Basic	0	0	false	false
Matcher.execStmt._sparseCasesOn_9	Matcher.Lang	469	544	true	true
MatcherRefines.ev_check2._simp_1_52	Matcher.Refines	0	0	false	false
EngineDbApi.levelAlloc_valid	Bridge.EngineDbApiLaws	544	548	false	false
EngineDbApi.hashFind.post.eq_1	Bridge.EngineDbApiLaws	0	0	false	false
MatcherLoop.Loc.lvl._default	Matcher.LoopEnv	0	0	false	false
Matcher.Expr.casesOn	Matcher.Lang	92	111	true	true
shouldTrigger	MatchingEngine.Process	102	109	true	true
_private.MatchingEngine.Theorems.0.doMatch_dispose_preserves_AllInv	MatchingEngine.Theorems	3546	3574	false	false
EngineDbAbs.insLevel._unsafe_rec	Bridge.EngineDbAbs	0	0	false	false
tradeBudget	MatchingEngine.TheoremsFuel	27	28	false	false
Matcher.FunDef.mk.inj	Matcher.Lang	0	0	false	false
MatcherInner.IInv.passive	Matcher.Inner	205	205	false	true
test_mtl	MatchingEngine.Tests	170	179	false	false
Matcher.LoopRun.below	Matcher.Logic	0	0	false	false
MatcherStore.drop_queued	Matcher.StoreStep	208	215	true	true
Walk.hashFind_none_of	Walk.Equiv	53	65	true	false
Matcher.Bound.lit.noConfusion	Matcher.Lang	0	0	false	false
process_all_preserve_AllInv.match_1_8	MatchingEngine.Theorems	0	0	false	false
BookState	MatchingEngine.Book	17	24	true	true
ProcessB.postOnlyCode.eq_1	Matcher.Accept	0	0	false	false
_private.Matcher.Refines.0.Matcher.evalExpr.match_11.eq_15	Matcher.Refines	0	0	false	false
Matcher.UnOp.ctorIdx	Matcher.Lang	0	0	false	false
MatcherProgram.processOrderStmts	Matcher.Program	200	229	true	true
MatcherRun.removeLevelOrder_nL	Matcher.Run	333	341	false	false
Matcher.instDecidableEqOField._proof_2	Matcher.Lang	0	0	true	true
_private.Bridge.EngineDbApiLaws.0.EngineDbApi.nextIn.match_1.eq_1	Bridge.EngineDbApiLaws	0	0	false	false
MatcherInner.ReqOk.rec	Matcher.Inner	58	63	false	false
Matcher.execStmt.match_14	Matcher.Lang	0	0	true	true
_private.Bridge.EngineDbAbs.0.EngineDbAbs.COrderType.isPostOnly.match_1.eq_2	Bridge.EngineDbAbs	0	0	false	false
EngineDbAbs.CRequest.qty	Bridge.EngineDbAbs	80	80	true	true
MatcherAccept.ev_call_side.match_1_2	Matcher.Accept	0	0	true	true
MatcherLoop.set_stop	Matcher.LoopEnv	193	194	true	true
_private.Walk.Basic.0.Walk.sideL.match_1.splitter	Walk.Basic	0	0	false	false
_private.Walk.Basic.0.Walk.owner.match_1.splitter	Walk.Basic	0	0	false	false
EngineDbAbs.better_of_not	Bridge.EngineDbAbs	760	761	false	false
Matcher.Stmt._sizeOf_inst	Matcher.Lang	0	0	false	false
_private.Matcher.Refines.0.Matcher.evalExpr.match_11.eq_8	Matcher.Refines	0	0	true	true
Walk.nodup_flatMap_of	Walk.WFInv	35	49	true	false
MatcherProgram.cancelOrderStmts	Matcher.Program	241	255	true	true
MatchResult.noConfusionType	MatchingEngine.Match	0	0	false	false
Matcher.runExt_levelFree	Matcher.Logic	490	493	true	true
EngineDbAbs.COrderType.tif	Bridge.EngineDbAbs	130	132	true	true
EngineDbApi.EngineDb.init_view	Bridge.EngineDbApi	345	345	false	false
MatcherStore.ClientInvM.mk._flat_ctor	Matcher.StoreStep	0	0	false	false
Order.recOn	MatchingEngine.Order	15	32	false	false
Matcher.Expr.nullO	Matcher.Lang	99	99	true	true
SideOk_cons	MatchingEngine.TheoremsFull	134	139	false	false
Matcher.bindResult.eq_2	Matcher.Refines	0	0	false	false
MatcherProgram.OT_POST_ONLY.eq_1	Matcher.Refines	0	0	false	false
MatcherInner.ReqOk.casesOn	Matcher.Inner	58	63	false	false
Matcher.instDecidableEqVal.decEq._proof_9	Matcher.Lang	0	0	false	false
Matcher.runExt.eq_13	Matcher.Logic	0	0	false	false
Walk.modHead	Walk.Spec	53	56	true	false
MatcherLoop.crossesE	Matcher.LoopEnv	25	26	true	true
EngineDbAbs.instEngineDbAbsStore._proof_8	Bridge.EngineDbAbs	0	0	false	false
TimeInForce.noConfusion	MatchingEngine.Basic	29	34	false	false
process_all_BookOk	MatchingEngine.TheoremsFull	1035	1238	false	false
MatcherStore.free_restingCount	Matcher.StoreStep	345	351	true	true
EngineDbApi.EngineDb.tFind	Bridge.EngineDbApi	337	337	true	true
tradeBudget.eq_1	MatchingEngine.TheoremsFuel	0	0	false	false
Matcher.instReprFunDef.repr	Matcher.Lang	166	166	false	false
Matcher.Stmt.ite.sizeOf_spec	Matcher.Lang	0	0	false	false
Walk.reject	Walk.Spec	302	303	true	false
Matcher.loopStep.match_6	Matcher.Logic	0	0	true	true
MatcherStore.free_clientInv	Matcher.StoreStep	301	343	true	true
EngineDbAbs.instEngineDbAbsStore._proof_37	Bridge.EngineDbAbs	0	0	false	false
Matcher.Err.invalidHandle.sizeOf_spec	Matcher.Lang	0	0	false	false
Matcher.Val.ty	Matcher.Lang	57	62	true	true
instDecidableEqOrderStatus._proof_2	MatchingEngine.Basic	0	0	true	true
ProcessB.cancelOrder_preserves_ProcessInv	Bridge.ProcessB	282	299	false	false
Matcher.Err.ctorElimType	Matcher.Lang	0	0	false	false
_private.MatchingEngine.TheoremsFuel.0.doMatch.match_3.splitter	MatchingEngine.TheoremsFuel	0	0	true	true
_private.Matcher.SpecStep.0.insertOrder.match_3.eq_2	Matcher.SpecStep	0	0	false	false
Walk.Ctx._sizeOf_1	Walk.Spec	0	0	false	false
_private.Walk.Basic.0.Walk.innerRun.match_1.eq_2	Walk.Basic	0	0	false	false
MatcherInner.OCtx.noConfusionType	Matcher.Inner	0	0	false	false
_private.Matcher.Logic.0.Matcher.execStmt.match_18.eq_1	Matcher.Logic	0	0	false	false
Matcher.evalBin	Matcher.Lang	223	238	true	true
Matcher.instDecidableEqVal.decEq._proof_21	Matcher.Lang	0	0	false	false
noRestingMtlB	MatchingEngine.Invariants	73	75	false	false
MatcherOuter.OInv.aggr	Matcher.Outer	109	109	false	true
MatcherLoop.umin_le_right._proof_1_1	Matcher.LoopEnv	0	0	true	true
EngineDbAbs.restingOrder.eq_1	Bridge.EngineDbAbs	0	0	false	false
Order.noConfusionType	MatchingEngine.Order	0	0	true	true
MatcherInner.Core.premq	Matcher.Inner	558	558	false	true
PriceLevel.orders	MatchingEngine.Book	13	13	true	true
EngineDbApi.Tree._sizeOf_inst	Bridge.EngineDbApi	0	0	false	false
EngineDbAbs.BookView.asks	Bridge.EngineDbAbs	399	399	false	false
_private.Matcher.Logic.0.Matcher.runExt.match_5.eq_7	Matcher.Logic	0	0	false	false
_private.Matcher.Inner.0.selfTradeConflict.match_1.splitter	Matcher.Inner	0	0	false	false
Matcher.runExt.eq_5	Matcher.Logic	0	0	false	false
EngineDbApi.Db.count.eq_1	Bridge.EngineDbAbs	0	0	false	false
ProcessB.instReprReq.repr.match_1	Bridge.ProcessB	0	0	true	true
MatcherRefines.ev_check3	Matcher.Refines	318	325	true	true
orderCount._sunfold	MatchingEngine.Theorems	0	0	false	false
_private.Matcher.Accept.0.EngineDbAbs.sideOfTree.match_1.eq_2	Matcher.Accept	0	0	false	false
Matcher.boundVal.eq_1	Matcher.LoopEnv	0	0	false	false
Matcher.setVar.eq_1	Matcher.Refines	0	0	false	false
Matcher.Stmt.ite.injEq	Matcher.Lang	0	0	false	false
MatcherSpec.AtHead.mk	Matcher.SpecStep	217	217	true	true
FIFOLevel_replace_head	MatchingEngine.TheoremsFull	103	110	false	false
Matcher.Ext.tFind.elim	Matcher.Lang	130	130	false	false
EngineDbApi.hashFind_valid	Bridge.EngineDbApiLaws	628	630	false	false
MatcherStore.ClientInvM.order_ok	Matcher.StoreStep	164	164	true	true
EngineDbApi.EngineDb.levelsUsed	Bridge.EngineDbApi	344	344	true	true
MatcherProgram.and'.eq_1	Matcher.Refines	0	0	false	false
Matcher.instInhabitedBound.default	Matcher.Lang	119	119	false	false
Matcher.instDecidableEqVal.decEq._proof_24	Matcher.Lang	0	0	false	false
bookUncrossedB._sparseCasesOn_1	MatchingEngine.Invariants	10	13	false	false
Matcher.Ty.rec	Matcher.Lang	38	44	true	true
ProcessInv_empty	MatchingEngine.TheoremsReachable	59	61	false	false
processTriggeredStops._unsafe_rec	MatchingEngine.Process	0	0	false	false
doMatch_sell_output_stable._proof_1_6	MatchingEngine.Theorems	0	0	false	false
Walk.WHead.hread	Walk.RefineInner	152	152	true	false
MatcherOuter.MCtx._sizeOf_inst	Matcher.Outer	0	0	false	false
Walk.process.match_1	Walk.Spec	0	0	true	false
MatcherLoop.umin_le_left._proof_1_1	Matcher.LoopEnv	0	0	true	true
Matcher.bindResult.eq_1	Matcher.Refines	0	0	false	false
MatcherAccept.Static.ty	Matcher.Accept	159	159	true	true
_private.Bridge.EngineDbAbs.0.EngineDbAbs.betterB.match_1.eq_2	Bridge.EngineDbAbs	0	0	false	false
OrderStatus.new_	MatchingEngine.Basic	37	37	true	true
Matcher.Ty.order.elim	Matcher.Lang	42	42	false	false
Matcher.Ext.tRemove.elim	Matcher.Lang	132	132	false	false
EngineDbApi.instReprOrderRow	Bridge.EngineDbApi	66	66	false	false
convertStop	MatchingEngine.Process	111	121	true	true
OrderStatus.noConfusionType	MatchingEngine.Basic	0	0	false	false
_private.MatchingEngine.Theorems.0.matching_dispose_noCross	MatchingEngine.Theorems	3467	3498	false	false
buyMatchStable	MatchingEngine.Theorems	1808	1813	false	false
_private.MatchingEngine.Theorems.0.processOrder.match_1.eq_1	MatchingEngine.Theorems	0	0	false	false
_private.Matcher.Run.0.findOrderOnBook.match_1.eq_1	Matcher.Run	0	0	false	false
MatcherRest.ev_qInsert	Matcher.Rest	279	283	true	true
Matcher.Expr.blit.injEq	Matcher.Lang	0	0	false	false
Matcher.Ty.casesOn	Matcher.Lang	38	44	true	true
MatcherStore.setRemDb.eq_1	Matcher.StoreStep	0	0	false	false
MatcherRest.insSpec_exists.match_1_1	Matcher.Rest	0	0	true	true
EngineDbAbs.COrderType.market.elim	Bridge.EngineDbAbs	57	57	false	false
_private.Matcher.Refines.0.List.lookup.match_1.splitter	Matcher.Refines	0	0	false	false
MatcherInner.OCtx.casesOn	Matcher.Inner	160	171	false	false
StopsWF_of_same_stops	MatchingEngine.TheoremsFull	717	719	false	false
Matcher.Ty.order	Matcher.Lang	42	42	true	true
_private.Matcher.SpecStep.0.doMatch.match_9.splitter	Matcher.SpecStep	0	0	false	false
Matcher.instInhabitedExpr	Matcher.Lang	111	111	false	false
MatcherCancel.tree_ne_of_mem	Matcher.Cancel	322	325	true	true
Matcher.evalExpr.eq_14	Matcher.Refines	0	0	false	false
EngineDbAbs.pickBest_some	Bridge.EngineDbAbs	781	815	false	false
ownLevels.eq_1	MatchingEngine.TheoremsFull	0	0	false	false
Walk.wcore	Walk.RefineInner	316	347	true	false
Matcher.Ty.ctorElimType	Matcher.Lang	0	0	false	false
EngineDbApi.hashFind_unique	Bridge.EngineDbApiLaws	40	46	false	false
MatcherStore.prioB_of_better._proof_1_2	Matcher.StoreStep	0	0	true	true
MatcherInner.IInv.trades	Matcher.Inner	206	206	false	true
MatcherStore.ClientInvM.rec	Matcher.StoreStep	159	170	false	false
_private.Matcher.Logic.0.Matcher.execStmt_loop_eq.match_1.eq_1	Matcher.Logic	0	0	false	false
MatcherStore.mem_drop_queue.match_1_2	Matcher.StoreStep	0	0	true	true
BookState.empty	MatchingEngine.Book	27	29	false	false
EngineDbApi.LevelRow.mk._flat_ctor	Bridge.EngineDbApi	0	0	false	false
Matcher.Program.tradeCap	Matcher.Lang	171	171	true	true
MatcherRun.nO_comp	Matcher.Run	45	45	false	false
MatcherOuter.MCtx.mk.noConfusion	Matcher.Outer	0	0	false	false
MatcherInner.ordV_congr	Matcher.Inner	222	224	true	true
test_minQty	MatchingEngine.Tests	191	198	false	false
_private.Matcher.Logic.0.Matcher.execStmt.match_9.eq_1	Matcher.Logic	0	0	false	false
_private.Matcher.Run.0.MatcherRun.specTrace.match_1.splitter	Matcher.Run	0	0	false	false
ProcessB.ResultCode.rejectedUnknownId.elim	Bridge.ProcessB	56	56	false	false
MatcherCancel.cancel_restingCount._proof_1_1	Matcher.Cancel	0	0	true	true
Matcher.Ext.tBest.elim	Matcher.Lang	133	133	false	false
MatcherStore.Frame.restSide_eq	Matcher.StoreStep	101	108	true	true
_private.Bridge.EngineDbAbs.0.EngineDbAbs.pickBest.match_1.eq_1	Bridge.EngineDbAbs	0	0	false	false
Matcher.LField.count.sizeOf_spec	Matcher.Lang	0	0	false	false
OrderType.market.elim	MatchingEngine.Basic	23	23	false	false
OrderStatus.recOn	MatchingEngine.Basic	36	42	false	false
EngineDbApi.Db.levelUsed.eq_1	Bridge.EngineDbAbs	0	0	false	false
EngineDbApi.EngineDb.orderFree_law	Bridge.EngineDbApi	351	351	true	true
Matcher.BinOp.div.elim	Matcher.Lang	87	87	false	false
_private.Bridge.EngineDbAbs.0.EngineDbAbs.prioB.match_1.eq_1	Bridge.EngineDbAbs	0	0	false	false
MatcherInner.OCtx.ctorIdx	Matcher.Inner	0	0	false	false
OrderType.ctorElimType	MatchingEngine.Basic	0	0	false	false
_private.MatchingEngine.TheoremsFuel.0.processOrder.match_1.eq_2	MatchingEngine.TheoremsFuel	0	0	false	false
ProcessB.TradeObs.mk.noConfusion	Bridge.ProcessB	0	0	true	true
Walk.whead	Walk.RefineInner	161	179	true	false
Matcher.OField.remaining.sizeOf_spec	Matcher.Lang	0	0	false	false
EngineDbAbs.better_refl._simp_1_1	Bridge.EngineDbAbs	0	0	false	false
Walk.State.mk.sizeOf_spec	Walk.Spec	0	0	false	false
_private.Walk.Equiv.0.wouldCross.match_1.splitter	Walk.Equiv	0	0	false	false
Walk.outerRun_stable	Walk.Basic	171	187	false	false
_private.Matcher.Refines.0.EngineDbAbs.decodeOrderType.match_1.eq_1	Matcher.Refines	0	0	false	false
Matcher.exec_seq	Matcher.Logic	83	87	true	true
_private.MatchingEngine.Theorems.0.processCascade.match_3.eq_2	MatchingEngine.Theorems	0	0	false	false
canMatchPrice.match_1	MatchingEngine.Match	0	0	true	true
MatcherInner.inner_dec._proof_1_4	Matcher.Inner	0	0	false	true
_private.Walk.Equiv.0.insertOrder.match_3.splitter	Walk.Equiv	0	0	false	false
Walk.sideProc_isSome	Walk.Basic	303	311	true	false
Side.ofNat	MatchingEngine.Basic	0	0	true	true
Walk.processOrder	Walk.Spec	305	318	true	false
MatcherRun.processB_congr	Matcher.Run	442	512	false	false
Matcher.LoopRun.below.ret	Matcher.Logic	0	0	false	false
MatcherProgram.nec	Matcher.Program	71	71	true	true
ProcessB.asksSorted_of_pairwise'.match_1_1	Bridge.ProcessB	0	0	false	false
Matcher.Ext.hashInsert	Matcher.Lang	127	127	true	true
ProcessB.Obs.recOn	Bridge.ProcessB	123	128	false	false
OrderStatus.noConfusion	MatchingEngine.Basic	36	42	false	false
EngineDbAbs.COrderType.specPrice.eq_1	Bridge.EngineDbAbs	0	0	false	false
EngineDbAbs.betterB	Bridge.EngineDbAbs	745	748	false	false
Walk.w_outer_run	Walk.RefineOuter	433	468	true	false
MatcherSpec.mrOf.eq_1	Matcher.SpecStep	0	0	false	false
EngineDbAbs.orderView.eq_1	Matcher.Inner	0	0	false	false
MatcherLoop.lookup_min	Matcher.LoopEnv	379	380	true	true
MatcherLoop.freeStmt	Matcher.LoopEnv	66	69	true	true
Matcher.Ext.qNext	Matcher.Lang	128	128	true	true
Walk.modAt_insLevel.match_1_1	Walk.Equiv	0	0	true	false
EngineDbApi.EngineDb	Bridge.EngineDbApi	309	412	true	true
ProcessB.runB_ProcessInv.match_1_1	Bridge.ProcessB	0	0	false	false
EngineDbApi.tRemove.pre	Bridge.EngineDbApi	294	294	true	true
minQtyCheck	MatchingEngine.Process	71	76	true	true
_private.Matcher.Cancel.0.Matcher.instReprOField.repr.match_1.eq_7	Matcher.Cancel	0	0	false	false
Matcher.Ext.tFind.noConfusion	Matcher.Lang	0	0	false	false
EngineDbAbs.BookView.mk	Bridge.EngineDbAbs	397	397	true	true
MatcherLoop.ev_min	Matcher.LoopEnv	382	401	true	true
doMatch_preserves_TradesOk	MatchingEngine.TheoremsFull	586	601	false	false
EngineDbAbs.CStpMode.ctorIdx	Bridge.EngineDbAbs	0	0	false	false
Walk.modAt.eq_1	Walk.EquivEntry	0	0	false	false
MatcherRefines.Inv.mk._flat_ctor	Matcher.Refines	0	0	false	false
_private.Bridge.EngineDbAbs.0.EngineDbAbs.insLevel.match_1.eq_2	Bridge.EngineDbAbs	0	0	false	false
_private.Matcher.Refines.0.Matcher.evalExpr.match_5.splitter	Matcher.Refines	0	0	false	false
Matcher.Stmt.skip.sizeOf_spec	Matcher.Lang	0	0	false	false
PriceLevel	MatchingEngine.Book	11	14	true	true
EngineDbApi.instReprOrderRow.repr	Bridge.EngineDbApi	66	66	false	false
EngineDbApi.nextIn.eq_3	Bridge.EngineDbApiLaws	0	0	false	false
Matcher.Outcome.ctorElim	Matcher.Lang	179	182	false	false
MatcherSpec.processCascade_nostops.match_1_1	Matcher.SpecStep	0	0	true	true
MatcherInner.IncShape.group	Matcher.Inner	39	39	true	true
MatcherRest.absQueue_append._proof_1_3	Matcher.Rest	0	0	true	true
Matcher.setOField.eq_8	Matcher.LoopEnv	0	0	false	false
Walk.invM_drop._proof_1_2	Walk.RefineInner	0	0	true	false
MatcherRefines.entryOf	Matcher.Refines	33	35	true	true
Matcher.instReprLField.repr.match_1	Matcher.Lang	0	0	true	true
_private.MatchingEngine.TheoremsFull.0.convertStop.match_1.eq_2	MatchingEngine.TheoremsFull	0	0	false	false
doMatch_buy_noCross_after_match	MatchingEngine.Theorems	2616	2630	false	false
EngineDbAbs.COrderType.specType._sparseCasesOn_1	Bridge.EngineDbAbs	126	128	true	true
MatcherProgram.or'	Matcher.Program	74	74	true	true
insertOrder_preserves_uncrossed	MatchingEngine.Theorems	398	409	false	false
_private.Matcher.Refines.0.List.filter.match_1.eq_2	Matcher.Refines	0	0	false	false
EngineDbAbs.instDecidableEqOrderView.decEq._proof_12	Bridge.EngineDbAbs	0	0	false	false
Walk.innerStep_stop	Walk.RefineOuter	60	75	true	false
Matcher.Err.noFun.sizeOf_spec	Matcher.Lang	0	0	false	false
_private.Bridge.EngineDbApiLaws.0.EngineDbApi.orderLive_upd_other	Bridge.EngineDbApiLaws	189	191	false	false
Matcher.BinOp.or	Matcher.Lang	89	89	true	true
instDecidableBookUncrossed._proof_5	MatchingEngine.Invariants	0	0	false	false
_private.MatchingEngine.TheoremsFull.0.insertAsc.match_1.eq_1	MatchingEngine.TheoremsFull	0	0	false	false
Matcher.Print.extCall._sparseCasesOn_2	Matcher.Print	99	120	false	false
Matcher.Ext.hashFind.elim	Matcher.Lang	127	127	false	false
EngineDbAbs.COrderType.toCtorIdx	Bridge.EngineDbAbs	0	0	false	false
Matcher.loopStep._sparseCasesOn_7	Matcher.Logic	19	32	true	true
Walk.invM_drop._proof_1_1	Walk.RefineInner	0	0	true	false
EngineDbApi.EngineDb.count_writeLevel	Bridge.EngineDbApi	392	392	true	true
EngineDbApi.qInsertTail.pre	Bridge.EngineDbApi	241	242	true	true
ProcessB.Obs.book	Bridge.ProcessB	128	128	false	false
EngineDbAbs.AbsStore.mk.injEq	Bridge.EngineDbAbs	0	0	false	false
_private.Bridge.EngineDbAbs.0.EngineDbAbs.decodeStpMode_isSome._proof_1_2	Bridge.EngineDbAbs	0	0	false	false
bookUncrossedB.match_1	MatchingEngine.Invariants	0	0	false	false
Walk.setSideL.match_1	Walk.Spec	0	0	true	false
test_stp	MatchingEngine.Tests	215	248	false	false
doMatch_preserves_uncrossed	MatchingEngine.Theorems	1342	1351	false	false
MatcherSpec.processWithId_postOnly._proof_1_10	Matcher.SpecStep	0	0	true	true
EngineDbAbs.insLevel.eq_1	Bridge.EngineDbAbs	0	0	false	false
Matcher.Outcome.noConfusion	Matcher.Lang	179	182	false	false
Walk.innerRun_stable.match_1_1	Walk.Basic	0	0	false	false
instDecidableEqOrder.decEq._proof_8	MatchingEngine.Order	0	0	true	true
Matcher.LField.casesOn	Matcher.Lang	76	80	true	true
EngineDbApi.OrderRow.qty	Bridge.EngineDbApi	64	64	true	true
MatcherSpec.AtHead.head	Matcher.SpecStep	221	221	true	true
Walk.WO.casesOn	Walk.RefineOuter	165	174	false	false
Matcher.Ext.qRemove	Matcher.Lang	128	128	true	true
MatcherRest.rest_run._proof_1_9	Matcher.Rest	0	0	true	true
OrderRestOk_of_WellFormed	MatchingEngine.TheoremsFull	1396	1401	false	false
Matcher.instReprExpr.repr	Matcher.Lang	111	111	false	false
BookState.mk.sizeOf_spec	MatchingEngine.Book	0	0	false	false
Matcher.runExt_qRemove	Matcher.Logic	468	473	true	true
EngineDbApi.EngineDb.capacity	Bridge.EngineDbApi	317	317	true	true
EngineDbAbs.CStpMode.none	Bridge.EngineDbAbs	64	64	true	true
MatcherRun.levelView_nL	Matcher.Run	235	236	true	false
MatcherRefines.eval_dup	Matcher.Refines	663	673	true	true
_private.MatchingEngine.Theorems.0.doMatch.match_1.eq_1	MatchingEngine.Theorems	0	0	false	false
Matcher.runExt_tFind	Matcher.Logic	464	466	true	true
Matcher.OField.stpMode	Matcher.Lang	73	73	true	true
Matcher.loopRun_of_fold.match_1_1	Walk.LogicInv	0	0	true	false
MatcherOuter.OInv.stopT	Matcher.Outer	116	116	false	true
Walk.State.mk.noConfusion	Walk.Spec	0	0	false	false
_private.Matcher.Accept.0.EngineDbAbs.decodeOrderType.match_1.eq_2	Matcher.Accept	0	0	false	false
Walk.WO	Walk.RefineOuter	165	174	true	false
EngineDbApi.qRemove.post	Bridge.EngineDbApi	254	256	true	true
process_preserves_BookInvariant	MatchingEngine.TheoremsFull	1413	1425	false	false
Order.rec	MatchingEngine.Order	15	32	true	true
Elegant.matchAndDispose_preserves_AllInv	MatchingEngine.TheoremsElegant	175	273	false	false
Trade.aggStpPolicy	MatchingEngine.Order	44	44	false	false
_private.Walk.Basic.0.Walk.owner.match_1.eq_1	Walk.Basic	0	0	false	false
_private.MatchingEngine.Theorems.0.convertStop.match_1.eq_1	MatchingEngine.Theorems	0	0	false	false
EngineDbAbs.stpPolicyOf	Bridge.EngineDbAbs	118	124	true	true
EngineDbAbs.mem_absQueue	Bridge.EngineDbAbs	577	586	true	true
MatcherSpec.rest_start	Matcher.SpecStep	161	165	true	true
Matcher.FunDef.name	Matcher.Lang	159	159	true	true
MatcherRun.specTrace.eq_2	Matcher.Run	0	0	false	false
_private.MatchingEngine.Theorems.0.partition_fst_subset	MatchingEngine.Theorems	3615	3619	false	false
MatcherLoop.cancelOldBlock	Matcher.LoopEnv	32	36	true	true
Matcher.Ext.noConfusion	Matcher.Lang	121	134	false	false
Walk.WHead.hpv	Walk.RefineInner	146	146	true	false
Walk.IR.zero	Walk.EquivMatch	59	59	true	false
MatcherLoop.set_ok	Matcher.LoopEnv	219	220	true	true
EngineDbAbs.OrderView.tif	Bridge.EngineDbAbs	369	369	true	false
EngineDbApi.EngineDb.levelsUsed_writeOrder	Bridge.EngineDbApi	405	405	true	true
EngineDbAbs.insLevel.match_1	Bridge.EngineDbAbs	0	0	true	true
Walk.postOnly_iff._simp_1_4	Walk.Equiv	0	0	false	false
MatcherLoop.ev_tBest	Matcher.LoopEnv	252	255	true	true
Matcher.instReprTy	Matcher.Lang	44	44	false	false
Walk.count_sides	Walk.Equiv	42	46	true	false
_private.Walk.EquivEntry.0.Walk.modHead.match_1.eq_2	Walk.EquivEntry	0	0	false	false
OrderStatus.filled.sizeOf_spec	MatchingEngine.Basic	0	0	false	false
insertOrder_buy_preserves_uncrossed.match_1_5	MatchingEngine.Theorems	0	0	false	false
Matcher.liveO.eq_1	Matcher.Cancel	0	0	false	false
_private.Matcher.Logic.0.Matcher.execStmt.match_1.eq_2	Matcher.Logic	0	0	false	false
doMatch_preserves_bids_sorted	MatchingEngine.Theorems	1353	1363	false	false
EngineDbApi.Db.WF.rec	Bridge.EngineDbApi	122	139	false	false
MatcherLoop.Loc.ok._default	Matcher.LoopEnv	0	0	false	false
_private.Bridge.EngineDbAbs.0.EngineDbAbs.prioB_total._proof_1_4	Bridge.EngineDbAbs	0	0	true	true
MatcherCancel.prioB_asymm._proof_1_2	Matcher.Cancel	0	0	true	true
TimeInForce.recOn	MatchingEngine.Basic	29	34	false	false
Matcher.Print.stmt.match_5	Matcher.Print	0	0	false	false
Walk.boundVal_capPlus1'	Walk.RefineInner	843	846	true	false
EngineDbAbs.CRequest.stpMode	Bridge.EngineDbAbs	78	78	true	true
Matcher.Program.noConfusion	Matcher.Lang	168	172	false	false
Matcher.Expr.isNullL.noConfusion	Matcher.Lang	0	0	false	false
_private.Matcher.Logic.0.Matcher.execStmt_loop_eq.match_1.splitter	Matcher.Logic	0	0	false	false
Matcher.Ty.default.eq_1	Matcher.Refines	0	0	false	false
Walk.qRemoveTail	Walk.Spec	118	120	true	false
EngineDbApi.hashRemove.post	Bridge.EngineDbApi	234	235	true	true
EngineDbAbs.instReprCRequest.repr	Bridge.EngineDbAbs	81	81	false	false
SideOk_drop_head_order	MatchingEngine.TheoremsFull	141	158	false	false
_private.MatchingEngine.Theorems.0.totalRemaining_foldl_acc._proof_1_3	MatchingEngine.Theorems	0	0	true	true
EngineDbApi.levelAlloc_preserves_WF	Bridge.EngineDbApiLaws	245	268	true	true
instReprTimeInForce.repr.match_1	MatchingEngine.Basic	0	0	false	false
MatcherLoop.Loc.victim._default	Matcher.LoopEnv	0	0	false	false
Walk.processOrder_entry	Walk.EquivEntry	108	141	true	false
ProcessB.ResultCode._sizeOf_inst	Bridge.ProcessB	0	0	false	false
Order.wellFormed	MatchingEngine.Order	48	93	false	false
_private.Matcher.Refines.0.Matcher.asBool.match_1.splitter	Matcher.Refines	0	0	false	false
EngineDbApi.Db.WF.tree_disjoint	Bridge.EngineDbApi	133	133	true	true
Matcher.instReprExt.repr.match_1	Matcher.Lang	0	0	false	false
EngineDbApi.Tree.bids	Bridge.EngineDbApi	75	75	true	true
MatcherRest.levelDb	Matcher.Rest	148	151	true	true
ProcessB.runB	Bridge.ProcessB	489	492	false	false
Matcher.execStmt.match_3	Matcher.Lang	0	0	true	true
Matcher.Ext.qRemove.sizeOf_spec	Matcher.Lang	0	0	false	false
Matcher.Ty._sizeOf_inst	Matcher.Lang	0	0	false	false
MatcherAccept.Static.qty	Matcher.Accept	162	162	true	true
MatcherStore.ordV	Matcher.StoreStep	68	69	true	true
matchedBook	MatchingEngine.TheoremsFull	856	861	false	false
matchMeasure	MatchingEngine.Theorems	1871	1880	true	true
EngineDbAbs.LevelView.orders	Bridge.EngineDbAbs	389	389	true	false
_private.Walk.Equiv.0.wouldCross.match_1.eq_1	Walk.Equiv	0	0	false	false
Matcher.Eval.emit	Matcher.Logic	254	260	true	true
Matcher.Expr.clit.injEq	Matcher.Lang	0	0	false	false
LevelOk.eq_1	MatchingEngine.TheoremsFull	0	0	false	false
_private.Walk.LogicInv.0.Matcher.loopStep.match_3.eq_3	Walk.LogicInv	0	0	true	false
Matcher.Val.code.noConfusion	Matcher.Lang	0	0	false	false
MatcherInner.inner_loop._proof_1_2	Matcher.Inner	0	0	false	true
Matcher.UnOp.ofNat	Matcher.Lang	0	0	false	false
MatcherRefines.processB_static	Matcher.Refines	253	289	true	true
_private.Bridge.EngineDbAbs.0.EngineDbAbs.bidsSorted_of_pairwise.match_1_1	Bridge.EngineDbAbs	0	0	false	false
EngineDbAbs.BookView.mk.sizeOf_spec	Bridge.EngineDbAbs	0	0	false	false
Matcher.instDecidableEqVal.decEq._proof_12	Matcher.Lang	0	0	false	false
Trade.mk	MatchingEngine.Order	35	35	true	true
EngineDbApi.EngineDb.hashFind_law	Bridge.EngineDbApi	366	366	true	true
MatcherInner.rowView_of	Matcher.Inner	90	94	true	true
_private.Matcher.Logic.0.Matcher.instReprOutcome.repr.match_1.splitter	Matcher.Logic	0	0	false	false
_private.Walk.RefineOuter.0.Walk.innerStep.match_3.eq_1	Walk.RefineOuter	0	0	false	false
MatcherProgram.eqc.eq_1	Matcher.Refines	0	0	false	false
convertStop_OrderRestOk	MatchingEngine.TheoremsFull	531	537	false	false
MatcherCancel.mem_cancel_tree	Matcher.Cancel	455	477	true	true
EngineDbApi.orderAlloc_preserves_WF	Bridge.EngineDbApiLaws	201	224	true	true
_private.Matcher.Refines.0.Matcher.evalExpr.match_9.eq_1	Matcher.Refines	0	0	false	false
_private.Matcher.Cancel.0.findOrderOnBook.match_1.splitter	Matcher.Cancel	0	0	false	false
Walk.sideProc_agree	Walk.Equiv	201	390	true	false
_private.Matcher.Logic.0.Matcher.execStmt.match_5.splitter	Matcher.Logic	0	0	false	false
MatcherInner.SInv.empty	Matcher.Inner	190	190	false	true
EngineDbApi.instReprTree	Bridge.EngineDbApi	77	77	false	false
MatcherInner.OCtx.mr	Matcher.Inner	167	167	false	true
MROk	MatchingEngine.TheoremsFull	225	227	false	false
Walk.innerRun._sunfold	Walk.Spec	0	0	false	false
Walk.innerStep_fr	Walk.RefineOuter	90	98	true	false
Matcher.Print.args	Matcher.Print	83	83	false	false
Matcher.instDecidableEqErr._proof_2	Matcher.Lang	0	0	false	false
Walk.absSide_ids_perm	Walk.WFInv	61	73	true	false
MatcherRefines.requestMayRest_iff	Matcher.Refines	588	595	true	true
EngineDbApi.Db.orders	Bridge.EngineDbApi	80	80	true	true
EngineDbAbs.betterB.eq_2	Bridge.EngineDbAbs	0	0	false	false
_private.MatchingEngine.TheoremsFuel.0.doMatch.match_7.congr_eq_1	MatchingEngine.TheoremsFuel	0	0	true	true
_private.Matcher.SpecStep.0.canMatchPrice.match_1.splitter	Matcher.SpecStep	0	0	false	false
Walk.matcher_refines	Walk.Refine	504	515	true	false
EngineDbApi.hash_find_after_remove	Bridge.EngineDbApiLaws	97	106	false	false
bidsSortedDescB.eq_def	MatchingEngine.Theorems	0	0	false	false
Matcher.Ext.setO.inj	Matcher.Lang	0	0	false	false
MatcherInner.SInv	Matcher.Inner	186	194	false	true
MatcherAccept.static_of	Matcher.Accept	165	185	true	true
_private.MatchingEngine.Theorems.0.asksSortedAscB_modify_head	MatchingEngine.Theorems	792	805	false	false
EngineDbAbs.mem_absQueue.match_1_1	Bridge.EngineDbAbs	0	0	true	true
MatcherAccept.SpecOrd.id	Matcher.Accept	27	27	true	true
asksSortedAscB	MatchingEngine.Invariants	105	108	false	false
ProcessB.Obs.code	Bridge.ProcessB	126	126	false	false
MatcherLoop.Loc.rem._default	Matcher.LoopEnv	0	0	false	false
Matcher.foldl_loopStep_error.match_1_1	Matcher.Logic	0	0	true	true
Matcher.Ext	Matcher.Lang	121	134	true	true
Matcher.OField.recOn	Matcher.Lang	71	74	false	false
Matcher.Val.casesOn	Matcher.Lang	46	55	true	true
Walk.outerStep	Walk.Spec	224	238	true	false
totalRemaining	MatchingEngine.Theorems	1858	1862	true	true
EngineDbApi.LevelRow.price	Bridge.EngineDbApi	70	70	true	true
_private.MatchingEngine.Theorems.0.sameInput.match_1.splitter	MatchingEngine.Theorems	0	0	false	false
MatcherRefines.ev_qmax._proof_1_1	Matcher.Refines	0	0	true	true
MatcherInner.conflict_iff	Matcher.Inner	119	140	false	true
Matcher.Stmt.ite.noConfusion	Matcher.Lang	0	0	false	false
EngineDbAbs.instDecidableEqOrderView.decEq._proof_9	Bridge.EngineDbAbs	0	0	false	false
Matcher.UnOp.noConfusionType	Matcher.Lang	0	0	false	false
Matcher.Stmt.call.sizeOf_spec	Matcher.Lang	0	0	false	false
OrderType.limit.sizeOf_spec	MatchingEngine.Basic	0	0	false	false
Order.WellFormed	MatchingEngine.Order	96	120	true	false
_private.Matcher.Refines.0.Matcher.instReprTy.repr.match_1.eq_2	Matcher.Refines	0	0	false	false
Walk.nodup_flatMap_of.match_1_1	Walk.WFInv	0	0	true	false
Matcher.BinOp.ne	Matcher.Lang	88	88	true	true
Matcher.Stmt.call.elim	Matcher.Lang	146	147	false	false
_private.Walk.Basic.0.Walk.sideL_setHeadRem.match_1.splitter	Walk.Basic	0	0	false	false
EngineDbApi.EngineDb.count_qRemove	Bridge.EngineDbApi	396	396	true	true
MatcherInner.OCtx.Ok.rec	Matcher.Inner	175	184	false	false
EngineDbApi.upd.eq_1	Bridge.EngineDbApi	0	0	false	false
_private.Matcher.SpecStep.0.doMatch.match_7.eq_2	Matcher.SpecStep	0	0	false	false
Trade.qty	MatchingEngine.Order	37	37	true	true
EngineDbAbs.instEngineDbAbsStore._proof_33	Bridge.EngineDbAbs	0	0	false	false
Matcher.Expr.clit	Matcher.Lang	94	94	true	true
Matcher.Eval.ret	Matcher.Logic	243	245	true	true
PriceLevel.mk.inj	MatchingEngine.Book	0	0	false	false
EngineDbAbs.COrderType.recOn	Bridge.EngineDbAbs	53	60	false	false
Order.price	MatchingEngine.Order	20	20	true	true
_private.Matcher.Refines.0.MatcherRefines.cap_mod	Matcher.Refines	336	339	true	true
Matcher.Print.lField.match_1	Matcher.Print	0	0	false	false
EngineDbApi.Db.WF.hash_nodup	Bridge.EngineDbApi	129	129	true	true
Matcher.instDecidableEqVal.decEq._proof_25	Matcher.Lang	0	0	false	false
_private.Walk.EquivEntry.0.cancelOrder.match_1.eq_1	Walk.EquivEntry	0	0	false	false
EngineDbApi.EngineDb.ctorIdx	Bridge.EngineDbApi	0	0	false	false
Matcher.Print.extCall	Matcher.Print	99	120	false	false
doMatch_buy_output_stable._proof_1_3	MatchingEngine.Theorems	0	0	false	false
_private.Matcher.Accept.0.EngineDbAbs.decodeSide.match_1.eq_1	Matcher.Accept	0	0	false	false
TimeInForce.fok	MatchingEngine.Basic	32	32	true	true
Matcher.execStmt.eq_def	Matcher.Logic	0	0	false	false
_private.Walk.Basic.0.Walk.sideL.match_1.eq_2	Walk.Basic	0	0	false	false
_private.Matcher.Refines.0.Matcher.instReprVal.repr.match_1.eq_4	Matcher.Refines	0	0	false	false
Elegant.dispose_empty_contra_preserves.match_1	MatchingEngine.TheoremsElegant	0	0	false	false
MatcherInner.HeadFacts.hqd	Matcher.Inner	376	376	false	true
doMatch_preserves_inc_orderType	MatchingEngine.Theorems	1629	1635	false	false
Walk.sideCount	Walk.Basic	47	48	true	false
Matcher.LoopRun.below.step	Matcher.Logic	0	0	false	false
canMatchPrice	MatchingEngine.Match	12	18	true	true
Walk.owner.match_1	Walk.Spec	0	0	true	false
BookUncrossed	MatchingEngine.Invariants	15	18	false	false
ownLevels.match_1	MatchingEngine.TheoremsFull	0	0	false	false
Matcher.Outcome.ret.sizeOf_spec	Matcher.Lang	0	0	false	false
_private.Matcher.Run.0.ProcessB.runB.match_1.splitter	Matcher.Run	0	0	false	false
ProcessResult.ctorIdx	MatchingEngine.Process	0	0	false	false
MatcherStore.ClientInvM.queue_in_tree	Matcher.StoreStep	162	162	true	true
processTriggeredStops.match_1	MatchingEngine.Process	0	0	true	true
Matcher.Expr	Matcher.Lang	92	111	true	true
MatcherRun.conflict_n	Matcher.Run	67	67	false	false
_private.MatchingEngine.TheoremsFull.0.doMatch.match_5.eq_1	MatchingEngine.TheoremsFull	0	0	false	false
Matcher.LoopRun.brecOn	Matcher.Logic	0	0	false	false
STPPolicy.cancelNewest.sizeOf_spec	MatchingEngine.Basic	0	0	false	false
instReprSTPPolicy.repr.match_1	MatchingEngine.Basic	0	0	false	false
EngineDbApi.LevelH	Bridge.EngineDbApi	55	55	true	true
Matcher.Stmt.ctorElimType	Matcher.Lang	0	0	false	false
Matcher.evalBin.eq_14	Matcher.Refines	0	0	false	false
Matcher.Expr.getL.noConfusion	Matcher.Lang	0	0	false	false
Walk.IR.mk	Walk.EquivMatch	57	57	true	false
_private.Bridge.EngineDbAbs.0.EngineDbAbs.decodeSide_isSome	Bridge.EngineDbAbs	171	172	false	false
MatcherRun.nI_nI	Matcher.Run	43	43	false	false
_private.Matcher.SpecStep.0.insertOrder.match_3.splitter	Matcher.SpecStep	0	0	false	false
MatcherInner.SInv.recOn	Matcher.Inner	186	194	false	false
Trade._sizeOf_1	MatchingEngine.Order	0	0	false	false
EngineDbApi.LevelRow.mk.inj	Bridge.EngineDbApi	0	0	false	false
Walk.CO.casesOn	Walk.EquivMatch	45	54	false	false
MatcherOuter.MCtx.noConfusion	Matcher.Outer	85	93	false	false
_private.Matcher.Logic.0.Matcher.execStmt.match_22.eq_1	Matcher.Logic	0	0	false	false
MatcherLoop.Loc._sizeOf_1	Matcher.LoopEnv	0	0	false	false
Walk.w_inner_run	Walk.RefineInner	760	798	true	false
_private.Matcher.Rest.0.MatcherRest.insSpec.match_1.eq_1	Matcher.Rest	0	0	false	false
Matcher.setVar.match_1	Matcher.Lang	0	0	true	true
matchStable	MatchingEngine.Theorems	3145	3149	false	false
MatcherAccept.dispose_rest	Matcher.Accept	187	193	true	true
_private.MatchingEngine.TheoremsElegant.0.List.getLast?.match_1.eq_1	MatchingEngine.TheoremsElegant	0	0	false	false
Matcher.Ty.level.elim	Matcher.Lang	43	43	false	false
Matcher.Val.noConfusionType	Matcher.Lang	0	0	true	true
Walk.innerStep_rem_le	Walk.RefineOuter	43	58	true	false
Walk.Ctx.mk._flat_ctor	Walk.Spec	0	0	false	false
_private.Matcher.Run.0.ProcessB.processB.match_1.eq_1	Matcher.Run	0	0	false	false
MatcherInner.OCtx.dbR	Matcher.Inner	170	170	false	true
Walk.Ctx.casesOn	Walk.Spec	143	147	true	false
Walk.WCore.casesOn	Walk.RefineInner	290	314	false	false
MatcherRest.insSpec	Matcher.Rest	25	28	true	true
Matcher.instDecidableEqVal.decEq._proof_20	Matcher.Lang	0	0	false	false
MatcherInner.HeadFacts.hread	Matcher.Inner	364	364	false	true
MatcherRun.nR.eq_1	Matcher.Run	0	0	false	false
Trade.mk.sizeOf_spec	MatchingEngine.Order	0	0	false	false
EngineDbAbs.absQueue._unsafe_rec	Bridge.EngineDbAbs	0	0	false	false
EngineDbAbs.CRequest.mkOrder.eq_1	Bridge.EngineDbAbs	0	0	false	false
Walk.qInsertTail	Walk.Spec	135	137	true	false
instInhabitedOrderType.default	MatchingEngine.Basic	27	27	true	true
Matcher.instDecidableEqUnOp	Matcher.Lang	84	84	false	false
MatcherCancel.refines_cancel_resting._proof_1_2	Matcher.Cancel	0	0	true	true
Walk.OW.rel	Walk.EquivMatch	536	536	true	false
TimeInForce.toCtorIdx	MatchingEngine.Basic	0	0	false	false
insertAsc.eq_1	MatchingEngine.TheoremsFull	0	0	false	false
_private.MatchingEngine.Theorems.0.processCascade.match_3.eq_3	MatchingEngine.Theorems	0	0	false	false
MatcherAccept.side_cont._proof_1_1	Matcher.Accept	0	0	false	true
Walk.idOnBook_sides._simp_1_2	Walk.Refine	0	0	true	false
EngineDbAbs.COrderType._sizeOf_inst	Bridge.EngineDbAbs	0	0	false	false
MatcherStore.ClientInvM.price_pos	Matcher.StoreStep	168	168	true	true
EngineDbAbs.CRequest.restRow	Bridge.EngineDbAbs	407	411	true	true
_private.Bridge.EngineDbAbs.0.EngineDbAbs.decodeStpMode.match_1.splitter	Bridge.EngineDbAbs	0	0	false	false
Matcher.instReprStmt.repr._sunfold	Matcher.Lang	0	0	false	false
EngineDbAbs.instEngineDbAbsStore._proof_4	Bridge.EngineDbAbs	0	0	false	false
_private.Matcher.Logic.0.Matcher.runExt.match_5.eq_19	Matcher.Logic	0	0	false	false
Matcher.Expr.un.sizeOf_spec	Matcher.Lang	0	0	false	false
EngineDbAbs.absBook_order._proof_1_1	Bridge.EngineDbAbs	0	0	false	false
EngineDbApi.Db	Bridge.EngineDbApi	79	88	true	true
_private.Bridge.EngineDbAbs.0.EngineDbAbs.decodeStpMode.match_1.eq_3	Bridge.EngineDbAbs	0	0	false	false
Matcher.instDecidableEqOField	Matcher.Lang	74	74	true	true
asksSortedAscB.eq_3	Bridge.EngineDbAbs	0	0	false	false
EngineDbAbs.BookView._sizeOf_inst	Bridge.EngineDbAbs	0	0	false	false
EngineDbAbs.instDecidableEqCRequest.decEq.match_1	Bridge.EngineDbAbs	0	0	false	false
MatcherRest.not_queued_fresh	Matcher.Rest	411	414	true	true
BookOkAt	MatchingEngine.TheoremsFull	63	65	false	false
EngineDbApi.EngineDb.tRemove_law	Bridge.EngineDbApi	382	382	true	true
EngineDbAbs.instEngineDbAbsStore._proof_48	Bridge.EngineDbAbs	0	0	false	false
MatcherInner.core_facts	Matcher.Inner	577	624	false	true
Order.stopPrice	MatchingEngine.Order	21	21	true	true
MatcherRefines.ev_capcheck._proof_1_1	Matcher.Refines	0	0	true	true
Matcher.Err.recOn	Matcher.Lang	174	177	false	false
MatcherRun.matcherRun._sparseCasesOn_3	Matcher.Run	545	555	false	false
MatcherProgram.codeOf.match_1	Matcher.Program	0	0	true	true
MatcherRefines.Inv.casesOn	Matcher.Refines	86	97	false	false
Matcher.evalBin.eq_11	Matcher.Refines	0	0	false	false
MatcherAccept.side_cont._proof_1_2	Matcher.Accept	0	0	false	true
Walk.qRemove.eq_1	Walk.EquivEntry	0	0	false	false
STPPolicy.decrement	MatchingEngine.Basic	48	48	true	true
MatchResult.mk.injEq	MatchingEngine.Match	0	0	false	false
List.lookup.eq_2	Matcher.Refines	0	0	false	false
EngineDbAbs.AbsStore.db	Bridge.EngineDbAbs	719	719	false	false
EngineDbAbs.instReprLevelView	Bridge.EngineDbAbs	390	390	false	false
MatcherAccept.dupEnvR.eq_1	Matcher.Accept	0	0	false	false
EngineDbAbs.decodeSide.match_1	Bridge.EngineDbAbs	0	0	true	true
Matcher.Print.trapCode	Matcher.Print	85	92	false	false
EngineDbAbs.COrderType.isPostOnly.eq_1	Bridge.EngineDbAbs	0	0	false	false
_private.Bridge.EngineDbApiLaws.0.EngineDbApi.nextIn.match_1.eq_3	Bridge.EngineDbApiLaws	0	0	false	false
Matcher.Expr.noConfusionType	Matcher.Lang	0	0	false	false
MatcherCancel.refines_cancel_resting	Matcher.Cancel	742	1027	true	true
Walk.outerRun._sunfold	Walk.Spec	0	0	false	false
Matcher.Ext.orderFree.elim	Matcher.Lang	124	124	false	false
Matcher.execStmt.match_5	Matcher.Lang	0	0	true	true
MatcherRefines.tacticMeval	Matcher.Refines	121	125	false	false
Matcher.Stmt.ret	Matcher.Lang	150	150	true	true
EngineDbAbs.CRequest.mk.inj	Bridge.EngineDbAbs	0	0	false	false
Matcher.loopStep	Matcher.Logic	19	32	true	true
OrderStatus.partiallyFilled.sizeOf_spec	MatchingEngine.Basic	0	0	false	false
MatcherLoop.Loc.isnew	Matcher.LoopEnv	154	154	true	true
_private.Matcher.Run.0.wouldCross.match_1.splitter	Matcher.Run	0	0	false	false
STPPolicy.ctorElimType	MatchingEngine.Basic	0	0	false	false
EngineDbAbs.COrderType.tif.match_1	Bridge.EngineDbAbs	0	0	true	true
EngineDbAbs.ClientInv.uncrossed	Bridge.EngineDbAbs	449	449	true	true
Matcher.Err.arity.sizeOf_spec	Matcher.Lang	0	0	false	false
EngineDbAbs.COrderType	Bridge.EngineDbAbs	53	60	true	true
_private.Matcher.Refines.0.EngineDbAbs.decodeSide.match_1.eq_3	Matcher.Refines	0	0	true	true
MatcherInner.SInv.casesOn	Matcher.Inner	186	194	false	false
MatcherInner.Core.recOn	Matcher.Inner	549	575	false	false
ProcessResult.mk.noConfusion	MatchingEngine.Process	0	0	false	false
Matcher.execStmt.match_20	Matcher.Lang	0	0	true	true
instDecidableEqOrder.decEq._proof_15	MatchingEngine.Order	0	0	true	true
EngineDbApi.Db.WF.lLive_nodup	Bridge.EngineDbApi	139	139	true	true
Matcher.subU	Matcher.Lang	213	214	true	true
EngineDbApi.EngineDb.tInsert_law	Bridge.EngineDbApi	380	380	true	true
MatcherRun.nI_group	Matcher.Run	62	62	false	false
_private.Matcher.Refines.0.Matcher.instReprVal.repr.match_1.eq_3	Matcher.Refines	0	0	false	false
ProcessB.Req.cancel.noConfusion	Bridge.ProcessB	0	0	false	false
_private.Matcher.Refines.0.List.filter.match_1.splitter	Matcher.Refines	0	0	false	false
Walk.owner	Walk.Spec	106	112	true	false
Matcher.Ty.default.eq_2	Matcher.Refines	0	0	false	false
Matcher.Val.bool.sizeOf_spec	Matcher.Lang	0	0	false	false
MatcherLoop.Loc.recOn	Matcher.LoopEnv	143	155	false	false
MatcherAccept.Static.recOn	Matcher.Accept	158	163	false	false
Matcher.FunDef.locals	Matcher.Lang	161	161	true	true
_private.MatchingEngine.TheoremsFull.0.ownLevels.match_1.eq_1	MatchingEngine.TheoremsFull	0	0	false	false
MatcherInner.Core.hash1	Matcher.Inner	571	571	false	true
Walk.WHead	Walk.RefineInner	139	159	true	false
Matcher.evalExpr.eq_13	Matcher.Refines	0	0	false	false
_private.Bridge.EngineDbAbs.0.EngineDbAbs.insLevel.match_1.eq_1	Bridge.EngineDbAbs	0	0	false	false
Matcher.Eval.loop	Matcher.Logic	392	400	true	true
Nat.toUInt64.eq_1	Matcher.Cancel	0	0	true	true
BookState.mk._flat_ctor	MatchingEngine.Book	0	0	false	false
Matcher.Expr.count	Matcher.Lang	109	110	true	true
_private.Bridge.EngineDbAbs.0.EngineDbAbs.absQueue.match_1.splitter	Bridge.EngineDbAbs	0	0	false	false
EngineDbApi.Db.levelPrice.eq_1	Bridge.EngineDbApiLaws	0	0	false	false
_private.MatchingEngine.TheoremsFull.0.insertAsc.match_1.eq_2	MatchingEngine.TheoremsFull	0	0	false	false
selfTradeConflict	MatchingEngine.STP	17	21	true	true
StopsWF_empty	MatchingEngine.TheoremsFull	1406	1407	false	false
MatcherRefines.sortLevels_perm	Matcher.Refines	467	481	true	true
MatcherLoop.innerBody	Matcher.LoopEnv	57	62	true	true
BookInvariant	MatchingEngine.Invariants	142	150	false	false
MatcherRefines.ev_capcheck	Matcher.Refines	682	692	true	true
MatcherAccept.side_cont._proof_1_4	Matcher.Accept	0	0	false	true
_private.Matcher.Refines.0.Matcher.evalExpr.match_11.eq_6	Matcher.Refines	0	0	false	false
_private.Walk.EquivMatch.0.Walk.sideL_setHeadRem.match_1.splitter	Walk.EquivMatch	0	0	false	false
EngineDbAbs.LevelView.casesOn	Bridge.EngineDbAbs	387	390	true	true
MatcherOuter.MCtx.mk._flat_ctor	Matcher.Outer	0	0	false	false
_private.Matcher.Refines.0.Matcher.evalExpr.match_11.eq_5	Matcher.Refines	0	0	false	false
MatcherCancel.filterMap_view	Matcher.Cancel	50	70	true	true
MatcherRefines.orderSt.eq_1	Matcher.Refines	0	0	false	false
ProcessB.Obs.mk.noConfusion	Bridge.ProcessB	0	0	false	false
EngineDbApi.Db.WF.mk	Bridge.EngineDbApi	124	124	true	true
_private.Matcher.Logic.0.Matcher.execStmt.match_1.splitter	Matcher.Logic	0	0	false	false
instInhabitedOrder.default	MatchingEngine.Order	32	32	true	true
MatcherLoop.mkSt.eq_1	Matcher.LoopEnv	0	0	false	false
Walk.State._sizeOf_inst	Walk.Spec	0	0	false	false
Matcher.Expr.below	Matcher.Lang	92	111	true	true
EngineDbApi.levelAlloc.post.match_1	Bridge.EngineDbApi	0	0	true	true
Matcher.Expr.clit.noConfusion	Matcher.Lang	0	0	false	false
_private.Matcher.Logic.0.Matcher.liveLevel.match_1.eq_3	Matcher.Logic	0	0	false	false
MatcherRest.insSpec_exists._proof_1_7	Matcher.Rest	0	0	true	true
Matcher.evalBin.eq_8	Matcher.Refines	0	0	false	false
Matcher.Val.u64.elim	Matcher.Lang	47	47	true	true
MatcherInner.HeadFacts.incRem	Matcher.Inner	370	370	false	true
Matcher.instReprUnOp.repr.match_1	Matcher.Lang	0	0	false	false
MatcherOuter.OInv.own	Matcher.Outer	106	106	false	true
EngineDbAbs.instDecidableEqOrderView.decEq._proof_13	Bridge.EngineDbAbs	0	0	false	false
Matcher.Eval.det	Matcher.Logic	204	210	true	false
Matcher.Ty.u64.elim	Matcher.Lang	39	39	false	false
Walk.CO.group	Walk.EquivMatch	51	51	true	false
EngineDbAbs.CStpMode.policy	Bridge.EngineDbAbs	106	112	true	true
MatcherStore.frame_drop	Matcher.StoreStep	137	144	true	true
runFrom._sunfold	MatchingEngine.TheoremsReachable	0	0	false	false
Walk.levelCount	Walk.Spec	69	70	true	false
MatcherInner.inner_dec._proof_1_7	Matcher.Inner	0	0	false	true
Matcher.Bound.ctorElimType	Matcher.Lang	0	0	false	false
_private.MatchingEngine.TheoremsFuel.0.processTriggeredStops.match_1.eq_1	MatchingEngine.TheoremsFuel	0	0	false	false
MatcherSpec.afterMatch	Matcher.SpecStep	387	390	true	true
Matcher.Ext.hashInsert.sizeOf_spec	Matcher.Lang	0	0	false	false
test_ioc	MatchingEngine.Tests	150	156	false	false
_private.MatchingEngine.Theorems.0.sameInput.match_1.eq_1	MatchingEngine.Theorems	0	0	false	false
EngineDbAbs.instDecidableEqOrderView.decEq._proof_8	Bridge.EngineDbAbs	0	0	false	false
sameInput	MatchingEngine.Theorems	27	29	false	false
EngineDbApi.levelAlloc.post	Bridge.EngineDbApi	166	171	true	true
Walk.normC_cons_nil	Walk.EquivMatch	42	43	true	false
Matcher.Program.noConfusionType	Matcher.Lang	0	0	false	false
Walk.contraCount	Walk.Basic	50	51	true	false
MatcherInner.HeadFacts.notc	Matcher.Inner	371	371	false	true
noRestingMarketsB	MatchingEngine.Invariants	64	66	false	false
Matcher.BinOp.add.sizeOf_spec	Matcher.Lang	0	0	false	false
MatcherSpec.term	Matcher.SpecStep	118	122	true	true
_private.Bridge.EngineDbAbs.0.EngineDbAbs.absBook_RestOk	Bridge.EngineDbAbs	639	648	false	false
Matcher.Ext.setL.injEq	Matcher.Lang	0	0	false	false
EngineDbAbs.OrderView.casesOn	Bridge.EngineDbAbs	363	379	true	true
Walk.WO.rem	Walk.RefineOuter	170	170	true	false
_private.Matcher.SpecStep.0.canMatchPrice.match_1.eq_1	Matcher.SpecStep	0	0	false	false
EngineDbAbs.absLevel.eq_1	Bridge.EngineDbAbs	0	0	false	false
Matcher.Err.noConfusion	Matcher.Lang	174	177	false	false
MatcherCancel.queuedB_false_of	Matcher.Cancel	720	724	true	true
EngineDbAbs.CStpMode.policy.eq_4	Matcher.Inner	0	0	false	false
_private.Matcher.Logic.0.Matcher.runExt.match_5.eq_14	Matcher.Logic	0	0	false	false
EngineDbAbs.processWithId_PostOnlyGuarantee	Bridge.EngineDbAbs	290	292	false	false
_private.Bridge.ProcessB.0.ProcessB.processB.match_1.splitter	Bridge.ProcessB	0	0	false	false
Matcher.Ext.tBest.injEq	Matcher.Lang	0	0	false	false
MatcherLoop.restStmt	Matcher.LoopEnv	132	132	true	true
EngineDbAbs.absSide.eq_1	Matcher.Outer	0	0	false	false
MatcherSpec.processWithId_postOnly	Matcher.SpecStep	439	505	true	true
Matcher.Stmt.emit	Matcher.Lang	148	149	true	true
MatcherStore.Frame.refl	Matcher.StoreStep	88	89	false	true
totalRemaining_drop_head_order._proof_1_2	MatchingEngine.Theorems	0	0	true	true
MatcherOuter.MCtx.mk.sizeOf_spec	Matcher.Outer	0	0	false	false
MatcherLoop.«_aux_Matcher_LoopEnv___macroRules_MatcherLoop_tacticLsimp[_]_1»	Matcher.LoopEnv	173	185	false	false
Matcher.bindResult.match_1	Matcher.Lang	0	0	true	true
_private.Matcher.Cancel.0.ProcessB.processB.match_5.eq_1	Matcher.Cancel	0	0	false	false
MatcherRefines.lookup_cancel_order	Matcher.Refines	136	139	true	true
selfTradeConflict._sparseCasesOn_1	MatchingEngine.STP	17	21	true	true
MatcherOuter.stopX_of_best._proof_1_3	Matcher.Outer	0	0	true	true
EngineDbApi.writeLevel_valid	Bridge.EngineDbApiLaws	588	596	false	false
EngineDbApi.EngineDb.levelFree_law	Bridge.EngineDbApi	356	356	true	true
Matcher.execStmt.match_22	Matcher.Lang	0	0	true	true
MatcherInner.inner_loop._proof_1_1	Matcher.Inner	0	0	false	true
Walk.eq_of_nodup_ids	Walk.EquivEntry	44	55	true	false
Matcher.UnOp._sizeOf_1	Matcher.Lang	0	0	false	false
MatcherStore.levels_le_count._proof_1_1	Matcher.StoreStep	0	0	true	true
Matcher.Ext.qInsertTail.sizeOf_spec	Matcher.Lang	0	0	false	false
Matcher.Err.noReturn.sizeOf_spec	Matcher.Lang	0	0	false	false
MatcherSpec.dm_done	Matcher.SpecStep	175	180	true	true
MatcherStore.ClientInvM.toInv	Matcher.StoreStep	176	185	true	true
ProcessB.toSpec_not_stop	Bridge.ProcessB	376	388	true	true
EngineDbApi.Db.queued.eq_1	Bridge.EngineDbAbs	0	0	false	false
BookState.mk.inj	MatchingEngine.Book	0	0	false	false
AllInv.with_clock	MatchingEngine.Theorems	227	229	false	false
_private.Walk.RefineInner.0.Walk.setHeadRem.match_1.eq_2	Walk.RefineInner	0	0	false	false
Matcher.Expr.var.inj	Matcher.Lang	0	0	false	false
_private.MatchingEngine.Theorems.0.modLevelPrices	MatchingEngine.Theorems	415	430	false	false
EngineDbApi.EngineDb.hashInsert	Bridge.EngineDbApi	331	331	true	true
_private.Walk.RefineOuter.0.Walk.owner.match_1.eq_1	Walk.RefineOuter	0	0	false	false
stopW_sublist._proof_1_2	MatchingEngine.TheoremsFuel	0	0	false	false
MatcherStore.levelView_absLevel	Matcher.StoreStep	71	74	true	true
Matcher.exec_call.match_1	Matcher.Logic	0	0	true	true
Matcher.Print.stmt.match_3	Matcher.Print	0	0	false	false
EngineDbApi.Db.WF.tree_prices	Bridge.EngineDbApi	134	134	true	true
Matcher.execStmt.match_1	Matcher.Lang	0	0	true	true
Matcher.instReprOutcome.repr	Matcher.Lang	182	182	false	false
doMatch_sell_output_stable._proof_1_1	MatchingEngine.Theorems	0	0	false	false
EngineDbAbs.COrderType.limit.elim	Bridge.EngineDbAbs	56	56	false	false
_private.Matcher.Run.0.MatcherRun.specTrace.match_1.eq_2	Matcher.Run	0	0	false	false
MatcherLoop.umin_toNat._proof_1_1	Matcher.LoopEnv	0	0	true	true
Matcher.LoopRun.casesOn	Matcher.Logic	291	303	true	false
MatcherCancel.sum_map_erase._proof_1_3	Matcher.Cancel	0	0	true	true
Trade.pasStpGroup	MatchingEngine.Order	43	43	false	false
MatcherSpec.asksOf.eq_2	Matcher.SpecStep	0	0	false	false
runOrders.match_1	MatchingEngine.Tests	0	0	false	false
Matcher.Stmt.noConfusionType	Matcher.Lang	0	0	false	false
Matcher.getOField.eq_1	Matcher.Cancel	0	0	false	false
EngineDbApi.Tree.asks	Bridge.EngineDbApi	76	76	true	true
_private.Matcher.Logic.0.Matcher.execStmt_loop_eq.match_1.eq_4	Matcher.Logic	0	0	false	false
Matcher.Val.order.elim	Matcher.Lang	51	52	true	true
_private.MatchingEngine.Theorems.0.orderCount_foldl_acc._proof_1_1	MatchingEngine.Theorems	0	0	true	true
EngineDbAbs.CStpMode.none.elim	Bridge.EngineDbAbs	64	64	false	false
EngineDbApi.LevelRow.rec	Bridge.EngineDbApi	68	71	true	true
test_bug1._sparseCasesOn_4	MatchingEngine.Tests	104	118	false	false
Matcher.instReprFunDef	Matcher.Lang	166	166	false	false
EngineDbAbs.insLevel._sunfold	Bridge.EngineDbAbs	0	0	false	false
BookUncrossed_no_asks	MatchingEngine.Theorems	199	203	false	false
MatcherRun.cancelOrder_nB	Matcher.Run	372	380	false	false
EngineDbApi.EngineDb.noConfusion	Bridge.EngineDbApi	309	412	false	false
Walk.WO.recOn	Walk.RefineOuter	165	174	false	false
MatcherRest.sortLevels_map.match_1_1	Matcher.Rest	0	0	true	true
MatcherRun.canMatch_n	Matcher.Run	68	68	false	false
Matcher.execStmt.eq_2	Matcher.Logic	0	0	false	false
_private.Matcher.Refines.0.Matcher.evalExpr.match_11.eq_16	Matcher.Refines	0	0	false	false
Walk.count.eq_1	Walk.Basic	0	0	false	false
MatcherInner.HeadFacts.hlv	Matcher.Inner	360	360	false	true
MatcherAccept.dupEnvR	Matcher.Accept	529	532	true	true
_private.MatchingEngine.TheoremsFuel.0.processOrder.match_1.splitter	MatchingEngine.TheoremsFuel	0	0	false	false
_private.Matcher.Accept.0.EngineDbAbs.sideOfTree.match_1.eq_1	Matcher.Accept	0	0	false	false
MatcherRest.insSpec.eq_2	Matcher.Rest	0	0	false	false
_private.MatchingEngine.Theorems.0.sameInput.match_1.eq_2	MatchingEngine.Theorems	0	0	false	false
Matcher.loopStep._sparseCasesOn_3	Matcher.Logic	19	32	true	true
MatcherRun.specTrace.match_1	Matcher.Run	0	0	false	false
MatcherSpec.cOf.eq_1	Matcher.SpecStep	0	0	false	false
Matcher.Expr.nullO.elim	Matcher.Lang	99	99	false	false
EngineDbApi.instDecidableEqLevelRow.decEq._proof_2	Bridge.EngineDbApi	0	0	false	false
EngineDbAbs.AbsStore.ctorIdx	Bridge.EngineDbAbs	0	0	false	false
PriceLevel.recOn	MatchingEngine.Book	11	14	false	false
Matcher.runExt_setO	Matcher.Logic	527	531	true	true
_private.Matcher.Inner.0.selfTradeConflict.match_1.eq_2	Matcher.Inner	0	0	false	false
RestOk_mono	MatchingEngine.TheoremsFull	75	77	false	false
MatcherInner.inner_dec._proof_1_3	Matcher.Inner	0	0	false	true
postOnlyGuaranteeB	MatchingEngine.Invariants	124	125	false	false
ProcessB.TradeObs.price	Bridge.ProcessB	116	116	false	false
MatcherInner.HeadFacts.mk	Matcher.Inner	355	355	false	true
_private.Matcher.SpecStep.0.doMatch.match_5.eq_3	Matcher.SpecStep	0	0	false	false
Matcher.getOField.eq_2	Matcher.Cancel	0	0	false	false
Matcher.Ext.setO.sizeOf_spec	Matcher.Lang	0	0	false	false
EngineDbAbs.COrderType.ofNat	Bridge.EngineDbAbs	0	0	true	true
EngineDbAbs.OrderView.stopPrice	Bridge.EngineDbAbs	371	371	true	false
Matcher.Err.toCtorIdx	Matcher.Lang	0	0	false	false
EngineDbApi.qInsertTail_valid	Bridge.EngineDbApiLaws	610	613	false	false
Side.casesOn	MatchingEngine.Basic	16	19	true	true
MatcherRun.postOnlyCode_nB	Matcher.Run	278	279	false	false
EngineDbApi.readOrder_writeOrder_other	Bridge.EngineDbFrame	30	34	false	false
Walk.w_outer_run_none	Walk.RefineOuter	470	508	true	false
Matcher.Ext.levelAlloc.sizeOf_spec	Matcher.Lang	0	0	false	false
_private.Walk.EquivEntry.0.List.findSome?.match_1.eq_1	Walk.EquivEntry	0	0	false	false
MatcherOuter.MCtx.tm	Matcher.Outer	91	91	false	true
Order.mk.inj	MatchingEngine.Order	0	0	false	false
Walk.WHead.mk	Walk.RefineInner	140	140	true	false
MatcherInner.Core.mk._flat_ctor	Matcher.Inner	0	0	false	false
MatcherLoop.umin_le_left	Matcher.LoopEnv	376	376	true	true
List.head?.eq_1	MatchingEngine.TheoremsElegant	0	0	false	false
EngineDbApi.OrderRow.recOn	Bridge.EngineDbApi	57	66	false	false
Matcher.instDecidableEqErr._proof_1	Matcher.Lang	0	0	false	false
_private.Bridge.EngineDbAbs.0.EngineDbAbs.betterB.match_1.eq_1	Bridge.EngineDbAbs	0	0	false	false
EngineDbApi.EngineDb.qRemove	Bridge.EngineDbApi	334	334	true	true
Matcher.instReprExpr.repr.match_1	Matcher.Lang	0	0	false	false
MatcherLoop.restStmts	Matcher.LoopEnv	116	130	true	true
Matcher.Print.bound.match_1	Matcher.Print	0	0	false	false
MatcherSpec.bidsOf.match_1	Matcher.SpecStep	0	0	true	true
EngineDbApi.Tree.noConfusionType	Bridge.EngineDbApi	0	0	false	false
MatcherCancel.cancel_side_view._proof_1_3	Matcher.Cancel	0	0	true	true
Matcher.OField.casesOn	Matcher.Lang	71	74	true	true
EngineDbApi.better.eq_2	Bridge.EngineDbApiLaws	0	0	false	false
Matcher.Outcome.ret.noConfusion	Matcher.Lang	0	0	false	false
Matcher.asBool.match_1	Matcher.Lang	0	0	true	true
Matcher.Stmt.ite.elim	Matcher.Lang	140	140	false	false
_private.Matcher.Refines.0.ProcessB.processB.match_1.eq_2	Matcher.Refines	0	0	false	false
_private.Bridge.EngineDbAbs.0.EngineDbAbs.decodeSide_isSome._proof_1_2	Bridge.EngineDbAbs	0	0	false	false
MatcherSpec.mm_drop'._proof_1_1	Matcher.SpecStep	0	0	true	true
doMatch_sell_output_stable._proof_1_5	MatchingEngine.Theorems	0	0	false	false
Walk.w_side_cont._proof_1_1	Walk.Refine	0	0	true	false
Walk.CO.mk._flat_ctor	Walk.EquivMatch	0	0	false	false
Matcher.liveL.eq_1	Matcher.Cancel	0	0	false	false
instDecidableBookUncrossed	MatchingEngine.Invariants	20	22	false	false
MatcherLoop.umin	Matcher.LoopEnv	367	368	true	true
EngineDbApi.hashFind.post	Bridge.EngineDbApi	217	221	true	true
EngineDbApi.tBest_valid	Bridge.EngineDbApiLaws	635	636	false	false
_private.Matcher.Accept.0.EngineDbAbs.decodeSide.match_1.eq_3	Matcher.Accept	0	0	true	true
EngineDbApi.Db.orderId.eq_1	Bridge.EngineDbApiLaws	0	0	false	false
_private.Matcher.Refines.0.ProcessB.processB.match_1.splitter	Matcher.Refines	0	0	false	false
process_all_TradesOk	MatchingEngine.TheoremsFull	1280	1352	false	false
instInhabitedPriceLevel.default	MatchingEngine.Book	14	14	false	false
Walk.CO.stp	Walk.EquivMatch	53	53	true	false
Matcher.Val.u64.noConfusion	Matcher.Lang	0	0	false	false
STPPolicy._sizeOf_1	MatchingEngine.Basic	0	0	false	false
EngineDbApi.EngineDb.recOn	Bridge.EngineDbApi	309	412	false	false
EngineDbAbs.ownerIn_none	Bridge.EngineDbAbs	821	825	false	false
MatcherProgram.c	Matcher.Program	68	68	true	true
_private.Matcher.Logic.0.Matcher.runExt.match_5.eq_11	Matcher.Logic	0	0	false	false
EngineDbAbs.OrderView.side	Bridge.EngineDbAbs	367	367	true	false
EngineDbAbs.instReprCOrderType.repr	Bridge.EngineDbAbs	60	60	false	false
MatcherProgram.removeResting	Matcher.Program	98	102	true	true
_private.MatchingEngine.Theorems.0.canMatchPrice.match_1.eq_2	MatchingEngine.Theorems	0	0	false	false
MatcherRefines.ev_check2	Matcher.Refines	313	316	true	true
EngineDbAbs.OrderView.noConfusion	Bridge.EngineDbAbs	363	379	true	true
_private.Matcher.Refines.0.EngineDbAbs.decodeStpMode.match_1.splitter	Matcher.Refines	0	0	true	true
Matcher.Ext.noConfusionType	Matcher.Lang	0	0	false	false
Matcher.Bound.recOn	Matcher.Lang	113	119	false	false
Matcher.Expr._sizeOf_1	Matcher.Lang	0	0	false	false
insertDesc	MatchingEngine.Book	55	66	true	true
insertOrder	MatchingEngine.Book	68	78	true	true
Walk.WHead.rec	Walk.RefineInner	139	159	false	false
Matcher.Program.casesOn	Matcher.Lang	168	172	false	false
insertOrder_preserves_sortedness	MatchingEngine.Theorems	1018	1033	false	false
MatcherAccept.SpecOrd	Matcher.Accept	25	40	true	true
MatcherStore.erase_levels_distinct	Matcher.StoreStep	40	46	true	true
_private.Matcher.Refines.0.Matcher.evalBin.match_1.splitter	Matcher.Refines	0	0	false	false
_private.Matcher.Refines.0.EngineDbAbs.decodeStpMode.match_1.eq_6	Matcher.Refines	0	0	true	true
_private.Matcher.Cancel.0.findOrderOnBook.match_1.eq_2	Matcher.Cancel	0	0	false	false
ProcessB.bookSize.eq_1	Walk.EquivEntry	0	0	false	false
MatcherStore.free_restingCount._proof_1_2	Matcher.StoreStep	0	0	true	true
_private.Matcher.Run.0.ProcessB.processB.match_5.eq_2	Matcher.Run	0	0	false	false
MatcherAccept.inv_init	Matcher.Accept	638	647	false	false
EngineDbApi.OrderRow.mk.sizeOf_spec	Bridge.EngineDbApi	0	0	false	false
Matcher.runExt.eq_4	Matcher.Logic	0	0	false	false
EngineDbApi.nextIn._sunfold	Bridge.EngineDbApi	0	0	false	false
MatcherRest.insSpec_fresh._simp_1_6	Matcher.Rest	0	0	true	true
stopW_partition._proof_1_2	MatchingEngine.TheoremsFuel	0	0	false	false
Matcher.Stmt.emit.noConfusion	Matcher.Lang	0	0	false	false
Matcher.evalExpr.eq_16	Matcher.Refines	0	0	false	false
EngineDbApi.orderAlloc.post.match_1	Bridge.EngineDbApi	0	0	true	true
Matcher.Ext.tInsert	Matcher.Lang	131	131	true	true
Matcher.OField	Matcher.Lang	71	74	true	true
_private.Walk.Equiv.0.Walk.owner.match_1.eq_1	Walk.Equiv	0	0	false	false
Matcher.Err.invalidHandle.elim	Matcher.Lang	175	175	false	false
EngineDbAbs.COrderType.ofNat_ctorIdx	Bridge.EngineDbAbs	0	0	true	true
EngineDbAbs.absQueue_ne_nil	Bridge.EngineDbAbs	599	603	true	false
EngineDbApi.qInsertTail.post	Bridge.EngineDbApi	248	250	true	true
_private.Walk.EquivEntry.0.cancelOrder.match_3.eq_1	Walk.EquivEntry	0	0	false	false
Walk.ev_innerCond_walk._proof_1_1	Walk.RefineInner	0	0	true	false
Matcher.Val._sizeOf_1	Matcher.Lang	0	0	false	false
OrderStatus.filled.elim	MatchingEngine.Basic	39	39	false	false
MatcherRefines.hashFind_isSome_iff._simp_1_2	Matcher.Refines	0	0	true	true
_private.Walk.EquivEntry.0.List.filterMap.match_1.eq_2	Walk.EquivEntry	0	0	false	false
MatcherAccept.restOrd	Matcher.Accept	115	118	true	true
doMatch.match_3	MatchingEngine.Match	0	0	true	true
Matcher.Ty	Matcher.Lang	38	44	true	true
cancelOrder.match_3	MatchingEngine.Cancel	0	0	true	true
MatcherLoop.ev_qFirst	Matcher.LoopEnv	265	268	true	true
EngineDbAbs.instEngineDbAbsStore._proof_45	Bridge.EngineDbAbs	0	0	false	false
_private.Matcher.SpecStep.0.doMatch.match_5.splitter	Matcher.SpecStep	0	0	false	false
processCascade	MatchingEngine.Process	209	224	true	true
MatcherLoop.crossCond.eq_1	Matcher.LoopEnv	0	0	false	false
EngineDbAbs.AbsStore._sizeOf_1	Bridge.EngineDbAbs	0	0	false	false
instReprSide	MatchingEngine.Basic	19	19	false	false
Matcher.Stmt.block._sunfold	Matcher.Lang	0	0	false	false
instBEqOrderStatus	MatchingEngine.Basic	42	42	true	true
Matcher.Bound.lit.sizeOf_spec	Matcher.Lang	0	0	false	false
EngineDbAbs.sortLevels.eq_2	Bridge.EngineDbAbs	0	0	false	false
_private.Matcher.Run.0.ProcessB.processB.match_3.splitter	Matcher.Run	0	0	false	false
_private.Matcher.Rest.0.Except.map.match_1.eq_1	Matcher.Rest	0	0	false	false
Walk.WF.sorted	Walk.EquivEntry	29	29	true	false
EngineDbAbs.COrderType.specType.eq_2	Bridge.EngineDbAbs	0	0	false	false
Matcher.instDecidableEqTy	Matcher.Lang	44	44	true	true
EngineDbAbs.absBook_AllInv	Bridge.EngineDbAbs	677	681	false	false
MatcherRun.ofLV	Matcher.Run	230	230	true	false
MatcherInner.HeadFacts.hrow	Matcher.Inner	363	363	false	true
MatcherCancel.absQueue_congr	Matcher.Cancel	37	43	true	true
Walk.modAt._sunfold	Walk.Spec	0	0	false	false
MatcherCancel.side_has_id	Matcher.Cancel	342	354	true	true
MatcherRefines.staticCode_supported_invalid	Matcher.Refines	245	251	true	true
MatcherInner.Core.rec	Matcher.Inner	549	575	false	false
_private.MatchingEngine.TheoremsFuel.0.convertStop.match_1.eq_3	MatchingEngine.TheoremsFuel	0	0	false	false
EngineDbApi.Db.hash	Bridge.EngineDbApi	83	83	true	true
EngineDbAbs.BookView._sizeOf_1	Bridge.EngineDbAbs	0	0	false	false
EngineDbAbs.CStpMode.rec	Bridge.EngineDbAbs	62	69	true	true
Trade.recOn	MatchingEngine.Order	35	45	false	false
ProcessB.ResultCode.noConfusionType	Bridge.ProcessB	0	0	false	false
MatcherInner.boundVal_capPlus1	Matcher.Inner	967	970	false	true
ProcessB.uncrossed_bids	Bridge.ProcessB	234	257	false	false
instInhabitedProcessResult.default	MatchingEngine.Process	127	127	false	false
Walk.WCore.recOn	Walk.RefineInner	290	314	false	false
EngineDbApi.instReprTree.repr	Bridge.EngineDbApi	77	77	false	false
Walk.WHead.hlo	Walk.RefineInner	155	155	true	false
EngineDbAbs.instReprCOrderType	Bridge.EngineDbAbs	60	60	false	false
Matcher.runExt._sparseCasesOn_5	Matcher.Lang	356	438	true	true
Matcher.runExt.eq_15	Matcher.Logic	0	0	false	false
EngineDbApi.EngineDb.orderAlloc	Bridge.EngineDbApi	320	320	true	true
MatcherInner.SInv.rec	Matcher.Inner	186	194	false	false
_private.MatchingEngine.Theorems.0.doMatch.match_9.eq_1	MatchingEngine.Theorems	0	0	false	false
processOrder_preserves_AllInv	MatchingEngine.Theorems	3881	3886	false	false
ProcessB.ResultCode.rejectedUnsupported	Bridge.ProcessB	51	51	true	true
_private.MatchingEngine.Theorems.0.StopsNoPostOnly_partition	MatchingEngine.Theorems	3621	3626	false	false
EngineDbAbs.COrderType.noConfusion	Bridge.EngineDbAbs	53	60	false	false
Walk.w_inner_body_trap	Walk.RefineInner	694	754	true	false
EngineDbAbs.COrderType.tif.eq_3	Bridge.EngineDbAbs	0	0	false	false
Matcher.Bound.casesOn	Matcher.Lang	113	119	true	true
Matcher.execStmt_loop_eq	Matcher.Logic	66	81	true	true
MatcherStore.Frame.absSide_other	Matcher.StoreStep	110	117	true	true
EngineDbAbs.absQueue_fifo.match_1_1	Bridge.EngineDbAbs	0	0	false	false
_private.Matcher.Logic.0.Matcher.execStmt.match_16.splitter	Matcher.Logic	0	0	false	false
MatcherRefines.Inv.count_le	Matcher.Refines	97	97	true	true
Order.mk._flat_ctor	MatchingEngine.Order	0	0	false	false
ProcessB.Req.order.elim	Bridge.ProcessB	44	44	false	false
Walk.nodup_map_of_inj.match_1_1	Walk.WFInv	0	0	true	false
_private.Matcher.Logic.0.Matcher.execStmt.match_22.splitter	Matcher.Logic	0	0	false	false
_private.Walk.Basic.0.Walk.innerStep.match_3.eq_2	Walk.Basic	0	0	false	false
Matcher.evalExpr.eq_8	Matcher.Refines	0	0	true	true
MatcherSpec.AtHead	Matcher.SpecStep	216	223	true	true
_private.Matcher.LoopEnv.0.Matcher.setOField.match_1.eq_8	Matcher.LoopEnv	0	0	false	false
_private.Bridge.EngineDbAbs.0.EngineDbAbs.COrderType.tif.match_1.eq_2	Bridge.EngineDbAbs	0	0	false	false
ProcessB.TradeObs.mk	Bridge.ProcessB	113	113	true	true
_private.Matcher.Refines.0.Matcher.instReprOutcome.repr.match_1.eq_1	Matcher.Refines	0	0	false	false
ProcessB.ResultCode.cancelled.sizeOf_spec	Bridge.ProcessB	0	0	false	false
_private.Matcher.Run.0.Except.map.match_1.eq_1	Matcher.Run	0	0	false	false
insertAsc.eq_2	MatchingEngine.TheoremsFull	0	0	false	false
Walk.w_side_cont._proof_1_5	Walk.Refine	0	0	true	false
EngineDbAbs.le_foldl_max	Bridge.EngineDbAbs	729	735	false	false
Matcher.FunDef.noConfusionType	Matcher.Lang	0	0	false	false
MatcherRest.ev_setOrd	Matcher.Rest	165	177	true	true
Walk.hashFind_none_of._simp_1_1	Walk.Equiv	0	0	true	false
_private.Matcher.SpecStep.0.insertOrder.match_3.eq_1	Matcher.SpecStep	0	0	false	false
Walk.tRemove	Walk.Spec	122	124	true	false
_private.Matcher.Logic.0.Matcher.liveOrder.match_1.eq_1	Matcher.Logic	0	0	false	false
Walk.outerRun_exit	Walk.Basic	149	151	true	false
insertOrder_sell_preserves_uncrossed._simp_1_8	MatchingEngine.Theorems	0	0	false	false
STPPolicy.ofNat	MatchingEngine.Basic	0	0	true	true
insertAsc	MatchingEngine.Book	42	53	true	true
NoGhosts	MatchingEngine.Invariants	29	31	false	false
PriceLevel.mk	MatchingEngine.Book	11	11	true	true
EngineDbAbs.COrderType.casesOn	Bridge.EngineDbAbs	53	60	true	true
isStopT.eq_1	MatchingEngine.TheoremsFuel	0	0	false	false
_private.Bridge.EngineDbApiLaws.0.EngineDbApi.orderAlloc.post.match_1.eq_1	Bridge.EngineDbApiLaws	0	0	false	false
bookUncrossedB	MatchingEngine.Invariants	10	13	false	false
MatcherInner.Core.ll1	Matcher.Inner	572	572	false	true
MatcherSpec.bidsOf	Matcher.SpecStep	105	107	true	true
Matcher.Expr.isNullO.inj	Matcher.Lang	0	0	false	false
Walk.modAt_insLevel	Walk.Equiv	93	104	true	false
Walk.nodup_side	Walk.EquivEntry	344	349	true	false
MatcherAccept.side_cont._proof_1_5	Matcher.Accept	0	0	false	true
EngineDbApi.writeOrder.post	Bridge.EngineDbApi	191	192	true	true
_private.Bridge.EngineDbAbs.0.EngineDbAbs.pickBest.match_3.eq_2	Bridge.EngineDbAbs	0	0	false	false
_private.Matcher.Logic.0.Matcher.execStmt.match_16.eq_3	Matcher.Logic	0	0	false	false
Matcher.Ext._sizeOf_inst	Matcher.Lang	0	0	false	false
Matcher.Ty.level.sizeOf_spec	Matcher.Lang	0	0	false	false
_private.MatchingEngine.TheoremsFull.0.doMatch.match_9.eq_1	MatchingEngine.TheoremsFull	0	0	false	false
Matcher.BinOp.mul	Matcher.Lang	87	87	true	true
BookState.clock	MatchingEngine.Book	23	23	true	true
Walk.find_some_of_hasId	Walk.EquivEntry	307	316	true	false
MatcherProgram.STP_CANCEL_OLD	Matcher.Program	47	47	true	true
Matcher.Err.overflow	Matcher.Lang	175	175	true	true
Walk.WHead.hqd	Walk.RefineInner	158	158	true	false
MatcherInner.sinv_drop._proof_1_4	Matcher.Inner	0	0	false	true
MatcherInner.ReqOk.id	Matcher.Inner	60	60	false	true
Walk.process_obs_eq	Walk.Equiv	411	415	false	false
ProcessB.bidsSorted_of_pairwise'	Bridge.ProcessB	155	163	false	false
_private.Walk.Equiv.0.wouldCross.match_3.splitter	Walk.Equiv	0	0	false	false
MatcherOuter.OInv.stopX	Matcher.Outer	117	117	false	true
MatcherCancel.cancelDb_orders	Matcher.Cancel	169	171	true	true
MatcherAccept.Static.rec	Matcher.Accept	158	163	false	false
Matcher.St.noConfusion	Matcher.Lang	184	187	false	false
dispose_preserves_stops	MatchingEngine.Theorems	261	271	false	false
Walk.sideCount_eq_ids	Walk.EquivMatch	342	345	true	false
Matcher.Stmt.block.eq_2	Walk.RefineInner	0	0	false	false
EngineDbApi.nextIn.eq_1	Bridge.EngineDbApiLaws	0	0	false	false
OrderType._sizeOf_1	MatchingEngine.Basic	0	0	false	false
EngineDbAbs.instEngineDbAbsStore._proof_46	Bridge.EngineDbAbs	0	0	false	false
Walk.CO.rec	Walk.EquivMatch	45	54	false	false
Matcher.Stmt.loop.noConfusion	Matcher.Lang	0	0	false	false
Matcher.Print.stmt.match_1	Matcher.Print	0	0	false	false
Walk.innerRun.eq_1	Walk.Basic	0	0	false	false
Matcher.runExt.eq_14	Matcher.Logic	0	0	false	false
Walk.nodup_map_of_inj	Walk.WFInv	23	33	true	false
TimeInForce.day	MatchingEngine.Basic	33	33	true	true
EngineDbAbs.restingOrder_matches_request	Bridge.EngineDbAbs	413	423	false	false
instBEqPriceLevel.beq.match_1	MatchingEngine.Book	0	0	false	false
instDecidableEqTimeInForce._proof_1	MatchingEngine.Basic	0	0	true	true
_private.Matcher.SpecStep.0.doMatch.match_1.eq_2	Matcher.SpecStep	0	0	false	false
EngineDbApi.LevelRow.noConfusionType	Bridge.EngineDbApi	0	0	false	false
MatcherInner.HeadFacts.hlo	Matcher.Inner	373	373	false	true
MatcherOuter.OInv.rec	Matcher.Outer	102	118	false	false
Matcher.Stmt.loop	Matcher.Lang	141	143	true	true
OrderType.stopMarket	MatchingEngine.Basic	26	26	true	true
Matcher.Expr.getO.inj	Matcher.Lang	0	0	false	false
Side.sell.sizeOf_spec	MatchingEngine.Basic	0	0	false	false
EngineDbApi.hashFind.post.eq_2	Bridge.EngineDbApiLaws	0	0	false	false
Matcher.setOField.eq_5	Matcher.LoopEnv	0	0	false	false
BookState._sizeOf_inst	MatchingEngine.Book	0	0	false	false
ProcessB.TradeObs.qty	Bridge.ProcessB	117	117	false	false
MatcherSpec.cOf_of	Matcher.SpecStep	124	126	true	true
Matcher.evalBin.eq_7	Matcher.Refines	0	0	false	false
_private.MatchingEngine.TheoremsFuel.0.doMatch.match_5.congr_eq_3	MatchingEngine.TheoremsFuel	0	0	true	true
process_STPGuarantee	MatchingEngine.TheoremsFull	1387	1390	false	false
Walk.crosses_iff._simp_1_1	Walk.RefineOuter	0	0	true	false
_private.Matcher.Refines.0.findOrderOnBook.match_1.eq_2	Matcher.Refines	0	0	false	false
EngineDbApi.EngineDb.tRemove	Bridge.EngineDbApi	339	339	true	true
EngineDbAbs.sideOfTree.eq_1	Matcher.Accept	0	0	false	false
EngineDbAbs.instEngineDbAbsStore._proof_18	Bridge.EngineDbAbs	0	0	false	false
Matcher.evalExpr.match_7	Matcher.Lang	0	0	true	true
Matcher.instReprBinOp.repr.match_1	Matcher.Lang	0	0	false	false
instDecidableEqSide._proof_1	MatchingEngine.Basic	0	0	true	true
EngineDbAbs.instDecidableEqOrderView.decEq._proof_11	Bridge.EngineDbAbs	0	0	false	false
TimeInForce.ctorElimType	MatchingEngine.Basic	0	0	false	false
EngineDbApi.Db.count	Bridge.EngineDbApi	141	142	false	false
Matcher.Stmt.noConfusion	Matcher.Lang	136	151	false	false
doMatch.match_9	MatchingEngine.Match	0	0	true	true
TradesOk_nil	MatchingEngine.TheoremsFull	559	559	false	false
_private.Matcher.Run.0.MatcherRun.matcherRun.match_3.eq_1	Matcher.Run	0	0	false	false
EngineDbApi.OrderRow.id	Bridge.EngineDbApi	59	59	true	true
_private.Matcher.Run.0.insertOrder.match_1.splitter	Matcher.Run	0	0	false	false
_private.Walk.LogicInv.0.Matcher.execStmt_loop_eq.match_1.splitter	Walk.LogicInv	0	0	true	false
MatcherInner.view_update	Matcher.Inner	96	103	true	true
EngineDbApi.Db.orderRemaining	Bridge.EngineDbApi	244	246	false	false
bestBidPrice	MatchingEngine.Book	32	33	true	true
EngineDbAbs.instEngineDbAbsStore._proof_7	Bridge.EngineDbAbs	0	0	false	false
instInhabitedTimeInForce.default	MatchingEngine.Basic	34	34	true	true
Matcher.bindParams.eq_1	Matcher.Refines	0	0	false	false
instDecidableEqOrder.decEq._proof_3	MatchingEngine.Order	0	0	true	true
EngineDbApi.hashRemove_valid	Bridge.EngineDbApiLaws	606	608	false	false
MatcherLoop.Loc.isnew._default	Matcher.LoopEnv	0	0	false	false
test_marketSweep	MatchingEngine.Tests	158	168	false	false
_private.Walk.Basic.0.Walk.innerStep.match_1.eq_2	Walk.Basic	0	0	false	false
EngineDbApi.tRemove_valid	Bridge.EngineDbApiLaws	624	626	false	false
Order._sizeOf_1	MatchingEngine.Order	0	0	false	false
MatcherCancel.refines_cancel_resting._simp_1_17	Matcher.Cancel	0	0	true	true
MatcherRun.map_nL_nL	Matcher.Run	41	42	false	false
MatcherInner.HeadFacts.hll	Matcher.Inner	374	374	false	true
EngineDbApi.EngineDb.count_hashRemove	Bridge.EngineDbApi	394	394	true	true
EngineDbAbs.COrderType.postOnly.elim	Bridge.EngineDbAbs	59	59	false	false
Matcher.Outcome._sizeOf_1	Matcher.Lang	0	0	false	false
MatcherLoop.outerBody	Matcher.LoopEnv	79	82	true	true
Walk.State.mk	Walk.Spec	162	162	true	false
MatcherInner.inner_fill._proof_1_7	Matcher.Inner	0	0	false	true
MatcherCancel.cancelEnv3.eq_1	Matcher.Cancel	0	0	false	false
MatcherProgram.STP_CANCEL_OLD.eq_1	Matcher.Refines	0	0	false	false
MatcherRefines.Eval.when_fire	Matcher.Refines	379	382	true	true
Matcher.instReprOutcome.repr.match_1	Matcher.Lang	0	0	true	true
MatcherInner.IInv.spec	Matcher.Inner	202	202	false	true
_private.Matcher.Accept.0.EngineDbAbs.CRequest.toSpec.match_1.splitter	Matcher.Accept	0	0	true	true
_private.Matcher.Refines.0.Matcher.evalBin.match_1.eq_10	Matcher.Refines	0	0	false	false
Walk.WHead.hp	Walk.RefineInner	154	154	true	false
_private.Walk.LogicInv.0.Except.map.match_1.splitter	Walk.LogicInv	0	0	true	false
test_bug1._sparseCasesOn_1	MatchingEngine.Tests	104	118	false	false
OrderProcOk_of_WellFormed	MatchingEngine.TheoremsReachable	110	121	false	false
Walk.walkRemove_eq._simp_1_1	Walk.EquivEntry	0	0	true	false
_private.Matcher.Logic.0.Matcher.runExt.match_5.eq_12	Matcher.Logic	0	0	false	false
Matcher.execStmt._unsafe_rec	Matcher.Lang	0	0	false	false
Walk.WCore.fler	Walk.RefineInner	295	295	true	false
EngineDbAbs.pickBest_none	Bridge.EngineDbAbs	771	779	false	false
EngineDbApi.OrderH	Bridge.EngineDbApi	54	54	true	true
MatcherCancel.refines_cancel_resting._proof_1_31	Matcher.Cancel	0	0	true	true
_private.Matcher.Refines.0.Matcher.evalExpr.match_7.eq_2	Matcher.Refines	0	0	false	false
Matcher.Expr.isNullL.sizeOf_spec	Matcher.Lang	0	0	false	false
Matcher.OField.account.elim	Matcher.Lang	73	73	false	false
_private.MatchingEngine.Theorems.0.wouldCross_false_nonCross_pre	MatchingEngine.Theorems	3504	3544	false	false
processTriggeredStops_preserves_uncrossed	MatchingEngine.Theorems	3894	3899	false	false
OrderStatus.ctorIdx	MatchingEngine.Basic	0	0	true	true
MatcherStore.InvM.count_le	Matcher.StoreStep	399	399	true	true
Side.ctorElim	MatchingEngine.Basic	16	19	false	false
EngineDbAbs.instEngineDbAbsStore._proof_11	Bridge.EngineDbAbs	0	0	false	false
_private.Matcher.Logic.0.Matcher.asU64.match_1.eq_2	Matcher.Logic	0	0	false	false
_private.Matcher.Refines.0.Matcher.bindResult.match_1.eq_1	Matcher.Refines	0	0	false	false
EngineDbApi.OrderRow._sizeOf_1	Bridge.EngineDbApi	0	0	false	false
instReprSTPPolicy.repr	MatchingEngine.Basic	49	49	false	false
Matcher.Stmt.ext.elim	Matcher.Lang	144	145	false	false
_private.Bridge.EngineDbAbs.0.EngineDbAbs.prioB_total._proof_1_5	Bridge.EngineDbAbs	0	0	true	true
Walk.normC.eq_2	Walk.EquivMatch	0	0	false	false
_private.MatchingEngine.Theorems.0.mem_of_mem_filterB	MatchingEngine.Theorems	3605	3607	false	false
Matcher.Val.ty.eq_4	Matcher.Refines	0	0	false	false
_private.Walk.EquivMatch.0.Walk.innerStep.match_1.splitter	Walk.EquivMatch	0	0	false	false
ProcessB.TradeObs.makerId	Bridge.ProcessB	114	114	false	false
MatcherProgram.qmaxE.eq_1	Matcher.Refines	0	0	false	false
_private.Matcher.SpecStep.0.doMatch.match_5.eq_2	Matcher.SpecStep	0	0	false	false
MatcherAccept.Static.casesOn	Matcher.Accept	158	163	false	false
Walk.WFr.refl	Walk.RefineOuter	37	38	true	false
Matcher.Val.order.sizeOf_spec	Matcher.Lang	0	0	false	false
Elegant.process_preserves_uncrossed_elegant	MatchingEngine.TheoremsElegant	279	309	false	false
_private.Matcher.Accept.0.EngineDbAbs.decodeOrderType.match_1.eq_4	Matcher.Accept	0	0	false	false
EngineDbAbs.prioB	Bridge.EngineDbAbs	331	334	true	true
MatcherOuter.stopX_of_best._proof_1_2	Matcher.Outer	0	0	true	true
MatcherProgram.qmaxE	Matcher.Program	83	84	true	true
stopW_sublist._proof_1_1	MatchingEngine.TheoremsFuel	0	0	false	false
Walk.mr_eq	Walk.Equiv	170	181	true	false
Matcher.Val.ty.eq_5	Matcher.Refines	0	0	false	false
Matcher.St.mk._flat_ctor	Matcher.Lang	0	0	false	false
OrderStatus.ctorElimType	MatchingEngine.Basic	0	0	false	false
EngineDbAbs.processWithId	Bridge.EngineDbAbs	258	263	true	true
Matcher.evalBin.eq_4	Matcher.Refines	0	0	false	false
EngineDbAbs.instEngineDbAbsStore._proof_3	Bridge.EngineDbAbs	0	0	false	false
Matcher.BinOp	Matcher.Lang	86	90	true	true
MatcherCancel.cancel_levelPrice	Matcher.Cancel	496	504	true	true
MatcherLoop.set_victim	Matcher.LoopEnv	204	206	true	true
MatcherProgram.whenS	Matcher.Program	78	78	true	true
Order.remainingQty	MatchingEngine.Order	23	23	true	true
EngineDbApi.levelFree_preserves_WF	Bridge.EngineDbApiLaws	270	290	true	true
Walk.fr_facts._proof_1_1	Walk.Refine	0	0	true	false
MatcherInner.RowView.group	Matcher.Inner	88	88	true	true
MatcherLoop.fillStmts	Matcher.LoopEnv	47	55	true	true
Matcher.Program.mk.noConfusion	Matcher.Lang	0	0	false	false
EngineDbAbs.CStpMode.cancelOld.sizeOf_spec	Bridge.EngineDbAbs	0	0	false	false
MatcherInner.SInv.cnt	Matcher.Inner	193	193	false	true
Walk.Good	Walk.EquivMatch	30	32	true	false
Walk.levelsUsed	Walk.Spec	99	100	true	false
MatcherStore.dropDb	Matcher.StoreStep	126	128	true	true
process_preserves_FullBookInv	MatchingEngine.TheoremsFull	1371	1375	false	false
Matcher.Ext.orderAlloc.sizeOf_spec	Matcher.Lang	0	0	false	false
Matcher.loopFinish.eq_4	Matcher.Logic	0	0	false	false
MatcherProgram.SIDE_SELL	Matcher.Program	40	40	true	true
_private.Matcher.Logic.0.Matcher.runExt.match_5.eq_5	Matcher.Logic	0	0	false	false
Walk.WO.mk._flat_ctor	Walk.RefineOuter	0	0	false	false
cancelOrder.match_1	MatchingEngine.Cancel	0	0	true	true
orderCount._unsafe_rec	MatchingEngine.Theorems	0	0	false	false
MatcherProgram.U64_MAX	Matcher.Program	80	81	true	true
_private.MatchingEngine.Theorems.0.doMatch_passive_price_buy_acc._simp_1_2	MatchingEngine.Theorems	0	0	false	false
EngineDbAbs.BookView.recOn	Bridge.EngineDbAbs	395	401	false	false
MatcherProgram.STP_CANCEL_BOTH	Matcher.Program	48	48	true	true
Matcher.execStmt.eq_4	Matcher.Logic	0	0	false	false
_private.MatchingEngine.Theorems.0.processTriggeredStops.match_1.eq_3	MatchingEngine.Theorems	0	0	false	false
EngineDbAbs.processWithId_eq_process	Bridge.EngineDbAbs	265	270	false	false
Walk.WHead.hL0	Walk.RefineInner	145	145	true	false
Matcher.Bound.capPlus	Matcher.Lang	118	118	true	true
MatcherRun.ofOV	Matcher.Run	224	228	true	false
_private.Matcher.SpecStep.0.wouldCross.match_3.eq_1	Matcher.SpecStep	0	0	false	false
_private.Walk.Basic.0.Walk.sideL_setHeadRem.match_1.eq_1	Walk.Basic	0	0	false	false
MatcherCancel.cancel_levels_resting	Matcher.Cancel	681	706	true	true
needOrder_le_computeProcessFuel._proof_1_3	MatchingEngine.TheoremsFuel	0	0	false	false
MatcherInner.OCtx.Ok.mem	Matcher.Inner	181	181	false	true
Matcher.BinOp.or.elim	Matcher.Lang	89	89	false	false
Matcher.BinOp.noConfusionType	Matcher.Lang	0	0	false	false
Order.noConfusion	MatchingEngine.Order	15	32	true	true
Walk.OW.rec	Walk.EquivMatch	525	540	false	false
EngineDbAbs.BookView.casesOn	Bridge.EngineDbAbs	395	401	true	true
MatcherRun.nI_id	Matcher.Run	57	57	false	false
Matcher.evalExpr.eq_def	Matcher.Refines	0	0	true	true
OrderStatus.toCtorIdx	MatchingEngine.Basic	0	0	false	false
Matcher.instReprStmt	Matcher.Lang	151	151	false	false
EngineDbApi.Tree.asks.elim	Bridge.EngineDbApi	76	76	false	false
allBookOrders	MatchingEngine.Book	94	96	true	true
EngineDbAbs.AbsStore.noConfusionType	Bridge.EngineDbAbs	0	0	false	false
Matcher.Expr.count.elim	Matcher.Lang	109	110	false	false
EngineDbAbs.LevelRow.dflt	Bridge.EngineDbAbs	743	743	false	false
Matcher.LField.count	Matcher.Lang	79	79	true	true
EngineDbApi.orderAlloc_valid	Bridge.EngineDbApiLaws	526	532	false	false
EngineDbAbs.COrderType.market	Bridge.EngineDbAbs	57	57	true	true
Matcher.OField.rec	Matcher.Lang	71	74	true	true
Matcher.St.recOn	Matcher.Lang	184	187	false	false
Matcher.Expr.brecOn.go	Matcher.Lang	0	0	true	true
ProcessInv_step	MatchingEngine.TheoremsReachable	63	72	false	false
Walk.innerTest.eq_1	Walk.Basic	0	0	false	false
EngineDbAbs.ClientInv.queue_in_tree	Bridge.EngineDbAbs	436	436	true	true
Matcher.Val.bool.elim	Matcher.Lang	50	50	true	true
MatchResult.asks	MatchingEngine.Match	24	24	true	true
Matcher.runExt_hashFind	Matcher.Logic	444	446	true	true
Matcher.Ext.tFind.inj	Matcher.Lang	0	0	false	false
ProcessB.TradeObs.recOn	Bridge.ProcessB	112	118	false	false
MatcherOuter.stopX_of_best	Matcher.Outer	153	160	true	true
Matcher.Ext.hashRemove.sizeOf_spec	Matcher.Lang	0	0	false	false
EngineDbApi.writeLevel.pre	Bridge.EngineDbApi	196	199	true	true
_private.Bridge.EngineDbAbs.0.EngineDbAbs.decodeStpMode.match_1.eq_4	Bridge.EngineDbAbs	0	0	false	false
Matcher.Expr.var.noConfusion	Matcher.Lang	0	0	false	false
Matcher.Bound.capPlus.inj	Matcher.Lang	0	0	false	false
_private.Matcher.Logic.0.Matcher.instReprStmt.repr.match_1.eq_5	Matcher.Logic	0	0	false	false
ProcessB.head_dominates	Bridge.ProcessB	215	223	false	false
Matcher.addU	Matcher.Lang	210	211	true	true
_private.Matcher.Run.0.MatcherRun.matcherRun.match_3.splitter	Matcher.Run	0	0	false	false
instReprBookState.repr	MatchingEngine.Book	24	24	false	false
_private.Walk.EquivEntry.0.cancelOrder.match_3.eq_2	Walk.EquivEntry	0	0	false	false
Matcher.Outcome.normal	Matcher.Lang	180	180	true	true
MatcherRefines.Inv.count_eq	Matcher.Refines	95	95	true	true
Walk.contraCount.eq_1	Walk.Basic	0	0	false	false
MatcherProgram.c.eq_1	Matcher.Refines	0	0	false	false
EngineDbAbs.CRequest.mkOrder	Bridge.EngineDbAbs	144	152	true	true
EngineDbAbs.CStpMode.none.sizeOf_spec	Bridge.EngineDbAbs	0	0	false	false
Walk.WHead.hR	Walk.RefineInner	150	150	false	false
Walk.sideL_setHeadRem	Walk.Basic	34	39	true	false
convertStop_not_mtl	MatchingEngine.TheoremsFull	525	529	false	false
MatchResult.casesOn	MatchingEngine.Match	21	27	false	false
Walk.w_inner_body._proof_1_6	Walk.RefineInner	0	0	true	false
MatcherProgram.call0	Matcher.Program	76	76	true	true
MatcherLoop.crossesE.eq_1	Matcher.LoopEnv	0	0	false	false
_private.Matcher.SpecStep.0.MatcherSpec.bidsOf.match_1.eq_1	Matcher.SpecStep	0	0	false	false
Walk.pot	Walk.Basic	53	54	true	false
Matcher.loopRun_of_eval	Walk.LogicInv	65	75	true	false
EngineDbAbs.instEngineDbAbsStore._proof_13	Bridge.EngineDbAbs	0	0	false	false
Walk.Ctx.r	Walk.Spec	146	146	true	false
OrderStatus.cancelled.sizeOf_spec	MatchingEngine.Basic	0	0	false	false
EngineDbAbs.instEngineDbAbsStore._proof_10	Bridge.EngineDbAbs	0	0	false	false
EngineDbAbs.OrderView.stpPolicy	Bridge.EngineDbAbs	378	378	true	false
_private.Walk.Basic.0.Walk.sideL.match_1.eq_1	Walk.Basic	0	0	false	false
Matcher.Val.level.injEq	Matcher.Lang	0	0	false	false
EngineDbAbs.AbsStore	Bridge.EngineDbAbs	715	719	false	false
Matcher.Ext.hashRemove	Matcher.Lang	127	127	true	true
Walk.tInsertNew.eq_1	Walk.Equiv	0	0	false	false
MatcherLoop.Loc.passive	Matcher.LoopEnv	147	147	true	true
_private.MatchingEngine.Theorems.0.bidsSortedDescB.match_1.eq_3	MatchingEngine.Theorems	0	0	false	false
process_all_fuel_stable._proof_1_31	MatchingEngine.TheoremsFuel	0	0	false	false
Matcher.Ext.tInsert.inj	Matcher.Lang	0	0	false	false
bidsSortedDescB.eq_2	Bridge.EngineDbAbs	0	0	false	false
_private.Bridge.EngineDbApiLaws.0.EngineDbApi.levelLive_upd_other	Bridge.EngineDbApiLaws	197	199	false	false
EngineDbApi.EngineDb.levelsUsed_hashInsert	Bridge.EngineDbApi	407	407	true	true
ProcessB.TradeObs.noConfusion	Bridge.ProcessB	112	118	true	true
OrderType.recOn	MatchingEngine.Basic	21	27	false	false
EngineDbAbs.toSpec_none_iff._simp_1_5	Bridge.EngineDbAbs	0	0	false	false
MatcherLoop.ev_countZero	Matcher.LoopEnv	507	518	true	true
_private.Bridge.EngineDbAbs.0.EngineDbAbs.CRequest.toSpec.match_1.eq_2	Bridge.EngineDbAbs	0	0	true	false
_private.Walk.Basic.0.Walk.innerStep.match_3.eq_1	Walk.Basic	0	0	false	false
Walk.levelsUsed_of_view	Walk.Refine	46	51	true	false
ProcessB.ResultCode.rec	Bridge.ProcessB	48	57	true	true
ProcessB.ResultCode.rejectedCapacity.sizeOf_spec	Bridge.ProcessB	0	0	false	false
MatcherProgram.OT_LIMIT	Matcher.Program	41	41	true	true
EngineDbApi.EngineDb.hashRemove_law	Bridge.EngineDbApi	369	369	true	true
MatcherRefines.ev_check5	Matcher.Refines	331	334	true	true
_private.Matcher.Logic.0.Matcher.liveOrder.match_1.eq_2	Matcher.Logic	0	0	false	false
Matcher.Stmt.block	Matcher.Lang	153	156	true	true
MatcherSpec.mrOf	Matcher.SpecStep	383	385	true	true
Matcher.Print.expr.match_3	Matcher.Print	0	0	false	false
EngineDbAbs.sideOfTree	Bridge.EngineDbAbs	298	300	true	true
Trade.ctorIdx	MatchingEngine.Order	0	0	false	false
List.lookup.eq_def	Matcher.Refines	0	0	false	false
Trade	MatchingEngine.Order	35	45	true	true
MatcherInner.inner_dec._proof_1_6	Matcher.Inner	0	0	false	true
Matcher.runExt.eq_18	Matcher.Logic	0	0	false	false
_private.Bridge.EngineDbAbs.0.EngineDbAbs.prioB.match_1.eq_2	Bridge.EngineDbAbs	0	0	false	false
Matcher.runExt_levelAlloc	Matcher.Logic	499	501	true	true
ProcessB.processB_cases	Bridge.ProcessB	305	333	false	false
EngineDbAbs.instDecidableEqCOrderType._proof_1	Bridge.EngineDbAbs	0	0	true	true
Trade.price	MatchingEngine.Order	36	36	true	true
MatcherStore.Frame.queue	Matcher.StoreStep	85	85	true	true
EngineDbApi.levelFree_validO	Bridge.EngineDbApiLaws	565	566	false	false
MatcherStore.InvM.orders_resting	Matcher.StoreStep	395	395	true	true
Matcher.Ext.owner.sizeOf_spec	Matcher.Lang	0	0	false	false
_private.Walk.EquivEntry.0.List.findSome?.match_1.eq_2	Walk.EquivEntry	0	0	false	false
Matcher.toNatTrade.eq_1	Matcher.Inner	0	0	false	false
EngineDbAbs.CRequest.toSpec._sparseCasesOn_1	Bridge.EngineDbAbs	161	169	true	true
Matcher.OField.noConfusion	Matcher.Lang	71	74	false	false
Matcher.Ext.recOn	Matcher.Lang	121	134	false	false
_private.Walk.EquivEntry.0.cancelOrder.match_1.splitter	Walk.EquivEntry	0	0	false	false
EngineDbAbs.decodeStpMode	Bridge.EngineDbAbs	97	104	true	true
Walk.w_side_cont._proof_1_7	Walk.Refine	0	0	true	false
Walk.ids_cons	Walk.EquivMatch	339	340	true	false
_private.Matcher.Run.0.MatcherRun.matcherRun.match_1.eq_1	Matcher.Run	0	0	false	false
Matcher.instDecidableEqVal.decEq._proof_26	Matcher.Lang	0	0	false	false
MatcherRest.insLevel_map.match_1_1	Matcher.Rest	0	0	true	true
MatcherRefines.Inv	Matcher.Refines	86	97	true	true
_private.MatchingEngine.Theorems.0.totalRemaining_foldl_acc._proof_1_4	MatchingEngine.Theorems	0	0	true	true
match_dispose_BookOk	MatchingEngine.TheoremsFull	987	1029	false	false
_private.Walk.LogicInv.0.Matcher.loopStep.match_1.eq_2	Walk.LogicInv	0	0	false	false
MatchResult.trades	MatchingEngine.Match	25	25	true	true
Matcher.evalExpr.match_1	Matcher.Lang	0	0	true	true
NoRestingMinQty	MatchingEngine.Invariants	86	88	false	false
Matcher.LField.rec	Matcher.Lang	76	80	true	true
Matcher.setOField.eq_7	Matcher.LoopEnv	0	0	false	false
MatcherProgram.u.eq_1	Matcher.Refines	0	0	false	false
StopsNoPostOnly_empty	MatchingEngine.TheoremsReachable	55	57	false	false
_private.Matcher.Refines.0.Matcher.evalExpr.match_11.eq_12	Matcher.Refines	0	0	false	false
EngineDbAbs.sortLevels.eq_def	Bridge.EngineDbAbs	0	0	false	false
EngineDbApi.Db.WF.queue_nodup	Bridge.EngineDbApi	126	126	true	true
MatcherRest.rest_book	Matcher.Rest	894	915	true	true
MatcherStore.mem_drop_queue	Matcher.StoreStep	191	206	true	true
EngineDbAbs.LevelView.price	Bridge.EngineDbAbs	388	388	true	true
Matcher.addU.eq_1	Matcher.Refines	0	0	false	false
_private.Walk.LogicInv.0.Except.map.match_1.eq_1	Walk.LogicInv	0	0	false	false
MatcherInner.IInv.mk	Matcher.Inner	197	197	false	true
instInhabitedSide.default	MatchingEngine.Basic	19	19	true	true
Matcher.execStmt.eq_9	Matcher.Logic	0	0	false	false
MatcherRefines.order_entry_env.match_1	Matcher.Refines	0	0	true	true
Walk.Ctx.mk.injEq	Walk.Spec	0	0	false	false
Walk.hashFind_isSome	Walk.EquivEntry	41	42	true	false
_private.Walk.RefineInner.0.Walk.setHeadRem.match_1.splitter	Walk.RefineInner	0	0	false	false
Matcher.instDecidableEqVal.decEq._proof_18	Matcher.Lang	0	0	false	false
Walk.refines	Walk.Refine	449	502	true	false
MatcherInner.IInv	Matcher.Inner	196	208	false	true
EngineDbAbs.better_refl	Bridge.EngineDbAbs	757	758	false	false
MatcherCancel.cancel_restingCount	Matcher.Cancel	614	656	true	true
Walk.walkRemove	Walk.EquivEntry	147	151	true	false
ProcessB.Req.cancel.sizeOf_spec	Bridge.ProcessB	0	0	false	false
ProcessB.idOnBook.eq_1	Matcher.Run	0	0	false	false
_private.MatchingEngine.Theorems.0.doMatch.match_5.eq_3	MatchingEngine.Theorems	0	0	false	false
Walk.WR.bestL	Walk.RefineInner	49	49	true	false
Matcher.Err	Matcher.Lang	174	177	true	true
_private.Matcher.Refines.0.Matcher.evalBin.match_1.eq_4	Matcher.Refines	0	0	false	false
EngineDbAbs.AbsStore.noConfusion	Bridge.EngineDbAbs	715	719	false	false
Walk.sideCount_le_count	Walk.Basic	295	301	true	false
_private.MatchingEngine.TheoremsFull.0.convertStop.match_1.eq_3	MatchingEngine.TheoremsFull	0	0	false	false
Walk.outerRun_final	Walk.EquivMatch	506	519	true	false
EngineDbApi.orderFree.post	Bridge.EngineDbApi	163	164	true	true
Matcher.OField.noConfusionType	Matcher.Lang	0	0	false	false
ProcessB.ResultCode.rejectedInvalid.sizeOf_spec	Bridge.ProcessB	0	0	false	false
_private.Walk.RefineOuter.0.Walk.innerStep.match_3.splitter	Walk.RefineOuter	0	0	true	false
MatchResult	MatchingEngine.Match	21	27	true	true
MatcherOuter.outer_run._proof_1_2	Matcher.Outer	0	0	false	true
Walk.Ctx.mk	Walk.Spec	144	144	true	false
EngineDbAbs.CStpMode.cancelBoth.elim	Bridge.EngineDbAbs	67	67	false	false
Walk.innerRun_ok._proof_1_4	Walk.Basic	0	0	true	false
EngineDbAbs.absQueue.match_1	Bridge.EngineDbAbs	0	0	true	true
MatcherLoop.ev_min.match_1_1	Matcher.LoopEnv	0	0	true	true
_private.Matcher.Logic.0.Matcher.instReprOutcome.repr.match_1.eq_2	Matcher.Logic	0	0	false	false
MatcherLoop.sideFun_body	Matcher.LoopEnv	134	137	true	true
MatchResult.noConfusion	MatchingEngine.Match	21	27	false	false
EngineDbApi.EngineDb.levelsUsed_orderFree	Bridge.EngineDbApi	404	404	true	true
matchMeasure_modify_head_level_orders	MatchingEngine.Theorems	2020	2046	true	true
_private.Matcher.Refines.0.Matcher.instReprVal.repr.match_1.splitter	Matcher.Refines	0	0	false	false
Walk.popHead	Walk.Spec	85	90	true	false
_private.Matcher.Logic.0.Matcher.runExt.match_5.eq_10	Matcher.Logic	0	0	false	false
ProcessB.Req	Bridge.ProcessB	42	46	true	true
EngineDbAbs.COrderType.specType.match_1	Bridge.EngineDbAbs	0	0	true	true
Walk.seq_through	Walk.RefineInner	688	692	true	false
Matcher.evalBin.eq_10	Matcher.Refines	0	0	false	false
MatcherInner.count_pos_of_head._proof_1_1	Matcher.Inner	0	0	false	true
Matcher.St.noConfusionType	Matcher.Lang	0	0	false	false
ProcessB.obsSpec	Bridge.ProcessB	130	131	false	false
_private.Walk.Basic.0.Walk.innerRun.match_1.eq_1	Walk.Basic	0	0	false	false
ProcessB.Req.ctorElim	Bridge.ProcessB	42	46	false	false
EngineDbApi.tInsert_preserves_WF	Bridge.EngineDbApiLaws	444	480	true	true
doMatch_sell_preserves_uncrossed	MatchingEngine.Theorems	1293	1340	false	false
Matcher.Val.u64	Matcher.Lang	47	47	true	true
Matcher.Ext.setL.elim	Matcher.Lang	126	126	false	false
MatcherLoop.outerCond	Matcher.LoopEnv	84	84	true	true
_private.MatchingEngine.Theorems.0.doMatch.match_3.splitter	MatchingEngine.Theorems	0	0	false	false
_private.Matcher.Accept.0.EngineDbAbs.sideOfTree.match_1.splitter	Matcher.Accept	0	0	false	false
MatchResult.mk	MatchingEngine.Match	21	21	true	true
processTriggeredStops	MatchingEngine.Process	226	237	true	true
MatcherLoop.fillStmts.eq_1	Walk.RefineInner	0	0	false	false
Matcher.BinOp.lt.sizeOf_spec	Matcher.Lang	0	0	false	false
Matcher.Ty.default.eq_3	Matcher.Refines	0	0	false	false
MatcherRefines.dupEnv.eq_1	Matcher.Refines	0	0	false	false
Matcher.Ext.setO.injEq	Matcher.Lang	0	0	false	false
Walk.cancel.match_1	Walk.Spec	0	0	true	false
sideProcessMeasure	MatchingEngine.Process	33	38	true	true
Matcher.getOField	Matcher.Lang	259	266	true	true
EngineDbApi.OrderRow._sizeOf_inst	Bridge.EngineDbApi	0	0	false	false
Matcher.Print.decl	Matcher.Print	157	157	false	false
Matcher.LoopRun.below.casesOn	Matcher.Logic	0	0	false	false
EngineDbApi.Db.WF.orders_live	Bridge.EngineDbApi	136	136	true	true
ProcessB.Req.order.sizeOf_spec	Bridge.ProcessB	0	0	false	false
MatcherRefines.ev_check6	Matcher.Refines	366	373	true	true
MatchResult.incoming	MatchingEngine.Match	22	22	true	true
OrderStatus.cancelled.elim	MatchingEngine.Basic	40	40	false	false
_private.Matcher.Refines.0.Matcher.evalExpr.match_7.eq_1	Matcher.Refines	0	0	false	false
EngineDbApi.instDecidableEqLevelRow.decEq	Bridge.EngineDbApi	71	71	false	false
Matcher.asBool.eq_1	Matcher.Refines	0	0	false	false
_private.Matcher.Refines.0.Except.map.match_1.splitter	Matcher.Refines	0	0	false	false
MatcherProgram.SIDE_SELL.eq_1	Matcher.Refines	0	0	false	false
Matcher.Ty.code.sizeOf_spec	Matcher.Lang	0	0	false	false
MatcherInner.IncShape.id	Matcher.Inner	38	38	true	true
MatcherInner.OCtx.Ok.rl	Matcher.Inner	183	183	false	false
RestOk_of_mem_ownLevels	MatchingEngine.TheoremsFull	618	623	false	false
MatcherSpec.o1Of.eq_1	Matcher.SpecStep	0	0	false	false
Walk.rest_fresh	Walk.Equiv	140	149	true	false
MatcherOuter.MCtx.mr	Matcher.Outer	92	92	false	true
orderSum.eq_def	Matcher.SpecStep	0	0	false	false
insertDesc._sunfold	MatchingEngine.Book	0	0	false	false
Matcher.UnOp.rec	Matcher.Lang	82	84	true	true
MatcherInner.OCtx.mk.noConfusion	Matcher.Inner	0	0	false	false
Matcher.OField.ctorElimType	Matcher.Lang	0	0	false	false
TradeOk	MatchingEngine.TheoremsFull	550	555	false	false
MatcherRun.matcherRun.match_6	Matcher.Run	0	0	false	false
Matcher.Stmt.block._sparseCasesOn_1	Matcher.Lang	153	156	true	true
_private.MatchingEngine.Theorems.0.fuel_from_decrease	MatchingEngine.Theorems	1882	1886	false	false
MatcherRest.rest_run._proof_1_4	Matcher.Rest	0	0	true	true
_private.MatchingEngine.Theorems.0.asksSortedAscB_head_min	MatchingEngine.Theorems	717	740	false	false
insertOrder_preserves_stops.match_1_1	MatchingEngine.Theorems	0	0	true	true
Matcher.Val.code.elim	Matcher.Lang	48	49	true	true
TimeInForce	MatchingEngine.Basic	29	34	true	true
OrderStatus.rejected.sizeOf_spec	MatchingEngine.Basic	0	0	false	false
_private.Matcher.Refines.0.Matcher.evalExpr.match_1.eq_2	Matcher.Refines	0	0	false	false
Matcher.Val.ty.eq_1	Matcher.Refines	0	0	false	false
_private.MatchingEngine.Theorems.0.processCascade.match_1.eq_1	MatchingEngine.Theorems	0	0	false	false
_private.MatchingEngine.Theorems.0.doMatch_passive_price_buy_acc	MatchingEngine.Theorems	448	558	false	false
MatcherRest.ev_hashFail_ok	Matcher.Rest	291	293	true	true
ProcessB.processB.match_5	Bridge.ProcessB	0	0	true	true
Matcher.instReprErr	Matcher.Lang	177	177	false	false
MatcherRest.ev_newLevel	Matcher.Rest	299	387	true	true
processCascade.match_1	MatchingEngine.Process	0	0	true	true
EngineDbAbs.instDecidableEqBookView.decEq	Bridge.EngineDbAbs	401	401	false	false
AllInv_empty	MatchingEngine.TheoremsReachable	52	53	false	false
_private.MatchingEngine.Theorems.0.processOrder_stopRest_preserves	MatchingEngine.Theorems	3273	3278	false	false
EngineDbAbs.absBook_order	Bridge.EngineDbAbs	613	630	false	false
Matcher.evalExpr.eq_15	Matcher.Refines	0	0	false	false
Walk.IR.shape	Walk.EquivMatch	58	58	true	false
EngineDbAbs.instReprBookView	Bridge.EngineDbAbs	401	401	false	false
Matcher.Ext.orderFree	Matcher.Lang	124	124	true	true
Matcher.Expr.un.elim	Matcher.Lang	97	97	false	false
MatcherInner.ReqOk.recOn	Matcher.Inner	58	63	false	false
MatcherProgram.retc	Matcher.Program	75	75	true	true
_private.Bridge.ProcessB.0.EngineDbAbs.CRequest.toSpec.match_1.splitter	Bridge.ProcessB	0	0	true	true
EngineDbApi.instDecidableEqTree._proof_1	Bridge.EngineDbApi	0	0	true	true
MatcherStore.absSide_best	Matcher.StoreStep	48	66	true	true
_private.MatchingEngine.Theorems.0.canMatchPrice.match_1.eq_1	MatchingEngine.Theorems	0	0	false	false
Walk.find_isSome_any	Walk.EquivEntry	35	39	true	false
EngineDbApi.EngineDb.readLevel_law	Bridge.EngineDbApi	361	361	true	true
_private.Matcher.Refines.0.EngineDbAbs.CRequest.toSpec.match_1.eq_2	Matcher.Refines	0	0	true	true
doMatch_buy_preserves_inc_side	MatchingEngine.Theorems	1377	1414	false	false
_private.Bridge.ProcessB.0.cancelOrder.match_3.eq_2	Bridge.ProcessB	0	0	false	false
asksSortedAscB._unsafe_rec	MatchingEngine.Invariants	0	0	false	false
_private.Walk.EquivMatch.0.selfTradeConflict.match_1.splitter	Walk.EquivMatch	0	0	false	false
MatcherOuter.MCtx.Ok.rec	Matcher.Outer	97	100	false	false
instDecidableEqOrder.decEq	MatchingEngine.Order	32	32	true	true
ProcessB.TradeObs.mk.sizeOf_spec	Bridge.ProcessB	0	0	false	false
_private.Matcher.LoopEnv.0.Matcher.instReprBound.repr.match_1.eq_1	Matcher.LoopEnv	0	0	false	false
ProcessB.requestMayRest._sparseCasesOn_1	Bridge.ProcessB	77	81	true	true
Walk.State.mk.inj	Walk.Spec	0	0	false	false
EngineDbApi.EngineDb.tBest	Bridge.EngineDbApi	340	340	true	true
convertStop_isStopT	MatchingEngine.TheoremsFuel	51	58	false	false
Matcher.instInhabitedTy	Matcher.Lang	44	44	false	false
MatcherRun.computeMatchFuel_nB	Matcher.Run	281	284	false	false
process_all_fuel_stable	MatchingEngine.TheoremsFuel	177	313	false	false
MatcherLoop.Loc.stop._default	Matcher.LoopEnv	0	0	false	false
EngineDbAbs.insLevel.eq_def	Bridge.EngineDbAbs	0	0	true	true
_private.Walk.RefineOuter.0.Walk.innerStep.match_3.eq_2	Walk.RefineOuter	0	0	false	false
_private.Matcher.Logic.0.Matcher.exec_call.match_3.eq_1	Matcher.Logic	0	0	false	false
_private.MatchingEngine.TheoremsFuel.0.convertStop.match_1.eq_2	MatchingEngine.TheoremsFuel	0	0	false	false
MatcherRefines.CapOk	Matcher.Refines	83	84	true	true
Matcher.Err.type	Matcher.Lang	175	175	true	true
sellMatchStable	MatchingEngine.Theorems	1815	1819	false	false
MatcherStore.InvM	Matcher.StoreStep	391	399	true	true
Matcher.Ext.setL	Matcher.Lang	126	126	true	true
_private.MatchingEngine.Theorems.0.fuel_from_decrease._proof_1_1	MatchingEngine.Theorems	0	0	false	false
Side.opposite	MatchingEngine.Basic	52	54	false	false
minQtyCheck.match_1	MatchingEngine.Process	0	0	true	true
MatcherInner.head_decomp	Matcher.Inner	69	80	true	true
test_cancel	MatchingEngine.Tests	250	257	false	false
MatcherCancel.restingOrder_id	Matcher.Cancel	128	128	false	false
EngineDbApi.Db.validO	Bridge.EngineDbApiLaws	510	511	false	false
STPGuarantee	MatchingEngine.Invariants	119	121	false	false
Matcher.instReprOField.repr.match_1	Matcher.Lang	0	0	true	true
Matcher.Print.funDef.match_1	Matcher.Print	0	0	false	false
Trade.rec	MatchingEngine.Order	35	45	false	false
Walk.outerTest	Walk.Spec	221	222	true	false
Walk.WR.rec	Walk.RefineInner	38	50	false	false
MatcherLoop.restCond.eq_1	Matcher.Rest	0	0	false	false
Matcher.instDecidableEqTy._proof_2	Matcher.Lang	0	0	true	true
Walk.OW	Walk.EquivMatch	525	540	true	false
OrderStatus.ofNat_ctorIdx	MatchingEngine.Basic	0	0	true	true
Walk.rem_zero_of_prem_pos._proof_1_1	Walk.Basic	0	0	true	false
EngineDbApi.instDecidableEqLevelRow.decEq._proof_1	Bridge.EngineDbApi	0	0	false	false
MatcherCancel.cancel_spec_view	Matcher.Cancel	420	440	true	true
MatcherInner.Core.remle	Matcher.Inner	562	562	false	true
MatcherInner.RowView.vis	Matcher.Inner	86	86	false	true
OrderStatus.rejected.elim	MatchingEngine.Basic	41	41	false	false
Matcher.Stmt.assign.noConfusion	Matcher.Lang	0	0	false	false
EngineDbApi.nextIn.eq_2	Bridge.EngineDbApiLaws	0	0	false	false
MatcherCancel.evalExpr_eq_def	Matcher.Cancel	726	728	true	true
Matcher.execStmt_loop_eq.match_1	Matcher.Logic	0	0	true	true
MatcherProgram.OT_IOC	Matcher.Program	43	43	true	true
_private.MatchingEngine.Theorems.0.orderCount_foldl_acc._proof_1_2	MatchingEngine.Theorems	0	0	true	true
ProcessB.instDecidableEqTradeObs.decEq._proof_4	Bridge.ProcessB	0	0	false	false
Matcher.Val.ctorIdx	Matcher.Lang	0	0	true	true
Walk.State.recOn	Walk.Spec	161	166	false	false
MatcherRun.nL_eq	Matcher.Run	233	234	true	false
_private.Walk.RefineOuter.0.Walk.innerStep.match_1.splitter	Walk.RefineOuter	0	0	true	false
EngineDbAbs.COrderType.isPostOnly	Bridge.EngineDbAbs	134	136	true	true
Walk.WCore.next1	Walk.RefineInner	314	314	true	false
Matcher.setVar	Matcher.Lang	198	204	true	true
_private.Matcher.Outer.0.canMatchPrice.match_1.eq_1	Matcher.Outer	0	0	false	false
MatcherInner.SInv.inv	Matcher.Inner	188	188	false	true
Matcher.St.rec	Matcher.Lang	184	187	false	false
EngineDbAbs.instEngineDbAbsStore._proof_14	Bridge.EngineDbAbs	0	0	false	false
_private.Matcher.Refines.0.ProcessB.processB.match_5.eq_1	Matcher.Refines	0	0	false	false
instInhabitedOrderStatus.default	MatchingEngine.Basic	42	42	true	true
MatcherRun.nO_disp	Matcher.Run	55	55	false	false
Matcher.runExt_tBest	Matcher.Logic	461	462	true	true
ProcessB.idOnBook	Bridge.ProcessB	74	75	true	true
MatcherLoop.innerCond.eq_1	Matcher.LoopEnv	0	0	false	false
MatcherRefines.refines_of_reject	Matcher.Refines	698	706	true	true
_private.Bridge.EngineDbAbs.0.EngineDbAbs.decodeSide.match_1.eq_2	Bridge.EngineDbAbs	0	0	false	false
Walk.sideL_setSideL	Walk.Basic	24	25	true	false
EngineDbAbs.CRequest.noConfusion	Bridge.EngineDbAbs	71	81	false	false
Matcher.Stmt.below	Matcher.Lang	136	151	false	false
EngineDbAbs.ClientInv.mk	Bridge.EngineDbAbs	432	432	true	true
EngineDbApi.Db.noConfusion	Bridge.EngineDbApi	79	88	false	false
_private.Matcher.Refines.0.Matcher.evalExpr.match_11.eq_13	Matcher.Refines	0	0	false	false
MatcherProgram.OT_MARKET.eq_1	Matcher.Refines	0	0	false	false
Matcher.OField.account.sizeOf_spec	Matcher.Lang	0	0	false	false
MatchResult.mk.noConfusion	MatchingEngine.Match	0	0	false	false
Walk.outerTest.eq_1	Walk.Basic	0	0	false	false
_private.MatchingEngine.Theorems.0.convertStop.match_1.eq_3	MatchingEngine.Theorems	0	0	false	false
Walk.length_le_sideCount.match_1_1	Walk.Basic	0	0	true	false
Matcher.Expr.nullL.elim	Matcher.Lang	100	100	false	false
MatcherInner.SInv.hashid	Matcher.Inner	194	194	false	true
PostOnlyGuarantee.eq_1	Bridge.ProcessB	0	0	false	false
Matcher.instDecidableEqVal.decEq._proof_22	Matcher.Lang	0	0	false	false
Matcher.Ext.tRemove.sizeOf_spec	Matcher.Lang	0	0	false	false
_private.MatchingEngine.TheoremsFull.0.doMatch.match_9.splitter	MatchingEngine.TheoremsFull	0	0	false	false
EngineDbApi.instDecidableEqOrderRow.decEq._proof_2	Bridge.EngineDbApi	0	0	false	false
EngineDbAbs.CRequest.casesOn	Bridge.EngineDbAbs	71	81	false	false
EngineDbAbs.instEngineDbAbsStore._proof_9	Bridge.EngineDbAbs	0	0	false	false
Matcher.Expr.ctorElim	Matcher.Lang	92	111	false	false
ProcessB.qmax_bound._proof_1_1	Bridge.ProcessB	0	0	false	false
Matcher.LField.price	Matcher.Lang	79	79	true	true
Matcher.Eval	Matcher.Logic	199	202	true	true
MatcherInner.RowView.mk	Matcher.Inner	83	83	true	true
EngineDbAbs.OrderView.rec	Bridge.EngineDbAbs	363	379	true	true
instDecidableEqOrder.decEq._proof_16	MatchingEngine.Order	0	0	true	true
Matcher.runEntry	Matcher.Lang	546	556	true	true
Matcher.evalBin.eq_15	Matcher.Refines	0	0	false	false
MatcherLoop.Loc._sizeOf_inst	Matcher.LoopEnv	0	0	false	false
Walk.State._sizeOf_1	Walk.Spec	0	0	false	false
Matcher.Expr.blit.inj	Matcher.Lang	0	0	false	false
ProcessB.rejectWith	Bridge.ProcessB	83	84	true	true
doMatch_clock_ge	MatchingEngine.TheoremsFull	393	407	false	false
MatcherInner.inner_cancelOld._proof_1_1	Matcher.Inner	0	0	false	true
EngineDbApi.EngineDb.hashInsert_law	Bridge.EngineDbApi	367	367	true	true
EngineDbApi.EngineDb.levelsUsed_qInsertTail	Bridge.EngineDbApi	409	409	true	true
MatcherProgram.b2	Matcher.Program	69	69	true	true
MatcherRun.run_from.match_1_1	Matcher.Run	0	0	false	false
Walk.WR.inv	Walk.RefineInner	41	41	true	false
Matcher.Expr.lit.injEq	Matcher.Lang	0	0	false	false
Matcher.Print.expr.match_1	Matcher.Print	0	0	false	false
Walk.sideL_setSideL_ne	Walk.EquivMatch	137	139	true	false
EngineDbApi.Db.WF.oLive_nodup	Bridge.EngineDbApi	137	137	true	true
MatcherCancel.dropStep	Matcher.Cancel	153	156	true	true
SideFresh_of_BookOk	MatchingEngine.TheoremsFull	625	631	false	false
_private.Matcher.Run.0.MatcherRun.matcherRun.match_3.eq_3	Matcher.Run	0	0	false	false
Matcher.Stmt.assign.elim	Matcher.Lang	139	139	false	false
EngineDbAbs.COrderType.ioc.sizeOf_spec	Bridge.EngineDbAbs	0	0	false	false
Walk.qFirst	Walk.Spec	66	67	true	false
totalRemaining._unsafe_rec	MatchingEngine.Theorems	0	0	false	false
Matcher.lookupFun	Matcher.Lang	452	455	true	true
_private.Matcher.Refines.0.MatcherRefines.cap_mod._proof_1_1	Matcher.Refines	0	0	true	true
EngineDbApi.EngineDb.qFirst	Bridge.EngineDbApi	335	335	true	true
_private.Matcher.Accept.0.EngineDbAbs.decodeOrderType.match_1.splitter	Matcher.Accept	0	0	true	true
Walk.Ctx.own.eq_1	Walk.Equiv	0	0	false	false
Walk.Ctx.mk.noConfusion	Walk.Spec	0	0	false	false
MatcherRest.insSpec_exists	Matcher.Rest	57	100	true	true
Matcher.BinOp.mul.sizeOf_spec	Matcher.Lang	0	0	false	false
SideOk_replace_head_order	MatchingEngine.TheoremsFull	160	176	false	false
EngineDbAbs.ClientInv.price_pos	Bridge.EngineDbAbs	447	447	true	true
_private.MatchingEngine.Theorems.0.bookUncrossedB.match_1.eq_2	MatchingEngine.Theorems	0	0	false	false
MatcherInner.policy_of	Matcher.Inner	142	150	false	true
bidsSortedDescB.match_1	MatchingEngine.Invariants	0	0	false	false
MatcherOuter.ev_nofree	Matcher.Outer	74	79	true	true
_private.Walk.EquivEntry.0.findOrderOnBook.match_1.eq_1	Walk.EquivEntry	0	0	false	false
ProcessB.Obs.casesOn	Bridge.ProcessB	123	128	false	false
Matcher.Expr.bin	Matcher.Lang	98	98	true	true
_private.Walk.LogicInv.0.Matcher.execStmt_loop_eq.match_1.eq_1	Walk.LogicInv	0	0	false	false
Matcher.queuedB.eq_1	Matcher.Inner	0	0	false	false
_private.Walk.EquivMatch.0.canMatchPrice.match_1.splitter	Walk.EquivMatch	0	0	false	false
EngineDbApi.Tree._sizeOf_1	Bridge.EngineDbApi	0	0	false	false
MatcherSpec.computeMatchFuel_pos	Matcher.SpecStep	436	437	true	true
doMatch_incoming_orderType	MatchingEngine.TheoremsFull	456	464	false	false
BookOkAt_congr	MatchingEngine.TheoremsFull	842	846	false	false
MatcherLoop.ev_victim	Matcher.LoopEnv	270	273	true	true
_private.Matcher.Logic.0.Matcher.instReprStmt.repr.match_1.splitter	Matcher.Logic	0	0	false	false
Walk.WCore.mk	Walk.RefineInner	292	292	true	false
doMatch_sell_preserves_inc_orderType	MatchingEngine.Theorems	1590	1627	false	false
_private.Matcher.Cancel.0.EngineDbAbs.sideOfTree.match_1.splitter	Matcher.Cancel	0	0	false	false
Matcher.instDecidableEqVal.decEq._proof_4	Matcher.Lang	0	0	false	false
EngineDbAbs.ownerIn_some	Bridge.EngineDbAbs	827	831	false	false
MatcherRefines.sortLevels_perm.match_1_1	Matcher.Refines	0	0	true	true
_private.Walk.EquivMatch.0.Walk.innerStep.match_1.eq_1	Walk.EquivMatch	0	0	false	false
EngineDbAbs.instEngineDbAbsStore._proof_24	Bridge.EngineDbAbs	0	0	false	false
MatcherRefines.findOrderOnBook_none_iff.match_1_2	Matcher.Refines	0	0	true	true
Walk.WF.count	Walk.EquivEntry	23	23	true	false
_private.Matcher.Run.0.findOrderOnBook.match_1.splitter	Matcher.Run	0	0	false	false
Matcher.Err.arity.elim	Matcher.Lang	176	176	false	false
MatcherProgram.program.eq_1	Matcher.Refines	0	0	false	false
Walk.innerRun_ok._proof_1_5	Walk.Basic	0	0	true	false
canMatchPrice.eq_1	Matcher.SpecStep	0	0	false	false
MatcherRun.insertDesc_nL.match_1_1	Matcher.Run	0	0	true	false
_private.Bridge.EngineDbAbs.0.EngineDbAbs.decodeStpMode.match_1.eq_1	Bridge.EngineDbAbs	0	0	false	false
_private.Matcher.Logic.0.Matcher.loopStep.match_6.eq_2	Matcher.Logic	0	0	true	true
MatcherAccept.SpecOrd.policy	Matcher.Accept	40	40	true	true
Matcher.Bound.lit	Matcher.Lang	117	117	true	true
MatcherRefines._aux_Matcher_Refines___macroRules_MatcherRefines_tacticMeval_1	Matcher.Refines	121	125	false	false
Matcher.LField.ofNat	Matcher.Lang	0	0	false	false
Walk.innerRun_stop.match_1_1	Walk.RefineOuter	0	0	true	false
MatcherSpec.rest_empty	Matcher.SpecStep	186	191	true	true
Matcher.Stmt.brecOn.go	Matcher.Lang	0	0	false	false
_private.Walk.EquivEntry.0.List.findSome?.match_1.splitter	Walk.EquivEntry	0	0	false	false
_private.Walk.Basic.0.Walk.sideL_setHeadRem.match_1.eq_2	Walk.Basic	0	0	false	false
_private.Matcher.Logic.0.Matcher.instReprStmt.repr.match_1.eq_7	Matcher.Logic	0	0	false	false
_private.Matcher.Run.0.MatcherRun.matcherRun.match_6.splitter	Matcher.Run	0	0	false	false
process_all_stops_sublist.match_1_4	MatchingEngine.TheoremsFuel	0	0	false	false
MatcherProgram.cancelOrderStmts.eq_1	Matcher.Refines	0	0	false	false
instDecidableBookUncrossed._proof_6	MatchingEngine.Invariants	0	0	false	false
Matcher.Outcome.noConfusionType	Matcher.Lang	0	0	false	false
Matcher.UnOp.not.sizeOf_spec	Matcher.Lang	0	0	false	false
EngineDbAbs.COrderType.ctorElim	Bridge.EngineDbAbs	53	60	false	false
Matcher.loopFinish.eq_2	Matcher.Logic	0	0	false	false
Matcher.LField.ofNat_ctorIdx	Matcher.Lang	0	0	false	false
MatcherInner.IStep	Matcher.Inner	424	428	false	true
Matcher.priceFreshB.eq_1	Matcher.Rest	0	0	false	false
EngineDbAbs.absBook_ProcessInv	Bridge.EngineDbAbs	695	701	false	false
Matcher.instReprTy.repr.match_1	Matcher.Lang	0	0	true	true
EngineDbApi.first_stable_under_insertTail	Bridge.EngineDbApiLaws	115	122	false	false
MatcherInner.inner_body	Matcher.Inner	908	924	false	true
EngineDbAbs.instEngineDbAbsStore._proof_17	Bridge.EngineDbAbs	0	0	false	false
EngineDbApi.OrderRow.rec	Bridge.EngineDbApi	57	66	false	false
MatcherRefines.absQueue_length	Matcher.Refines	483	486	true	true
_private.MatchingEngine.Theorems.0.insertAsc_head_gt_bound	MatchingEngine.Theorems	882	910	false	false
instInhabitedPriceLevel	MatchingEngine.Book	14	14	false	false
Walk.levelsUsed.eq_1	Walk.Refine	0	0	false	false
MatcherRefines.ev_check1	Matcher.Refines	306	311	true	true
Walk.w_side_run	Walk.Refine	301	386	true	false
OrderType.ctorIdx	MatchingEngine.Basic	0	0	true	true
stopW_cons	MatchingEngine.TheoremsFuel	123	125	false	false
Matcher.Ty.recOn	Matcher.Lang	38	44	false	false
STPPolicy.ofNat_ctorIdx	MatchingEngine.Basic	0	0	true	true
ProcessB.ResultCode.accepted	Bridge.ProcessB	49	49	true	true
Walk.outerRun_final.match_1_1	Walk.EquivMatch	0	0	true	false
EngineDbAbs.processWithId_STPGuarantee	Bridge.EngineDbAbs	286	288	false	false
doMatch_incoming_side	MatchingEngine.TheoremsFull	434	444	false	false
Matcher.Print.extCall._sparseCasesOn_1	Matcher.Print	99	120	false	false
EngineDbApi.levelFree.post	Bridge.EngineDbApi	177	178	true	true
OrderType.market.sizeOf_spec	MatchingEngine.Basic	0	0	false	false
doMatch.eq_def	MatchingEngine.Theorems	0	0	true	true
BookUncrossed_with_meta	MatchingEngine.Theorems	76	79	false	false
Walk.bookView_sides	Walk.RefineInner	56	61	true	false
ProcessB.tradeObs	Bridge.ProcessB	120	121	true	true
Matcher.liveOrder	Matcher.Lang	285	289	true	true
Walk.dropBest	Walk.Spec	92	94	true	false
Matcher.Err.bound.elim	Matcher.Lang	176	176	false	false
Matcher.execStmt.match_18	Matcher.Lang	0	0	true	true
instReprOrderStatus	MatchingEngine.Basic	42	42	false	false
_private.MatchingEngine.TheoremsFuel.0.fill_budget	MatchingEngine.TheoremsFuel	30	31	false	false
MatcherInner.OCtx.Ok.mk	Matcher.Inner	178	178	false	true
TradesOk	MatchingEngine.TheoremsFull	557	557	false	false
process_all_fuel_stable._proof_1_1	MatchingEngine.TheoremsFuel	0	0	false	false
_private.MatchingEngine.TheoremsFuel.0.doMatch.match_9.congr_eq_2	MatchingEngine.TheoremsFuel	0	0	true	true
EngineDbAbs.instDecidableEqLevelView.decEq._proof_3	Bridge.EngineDbAbs	0	0	false	false
TimeInForce.ioc.elim	MatchingEngine.Basic	31	31	false	false
_private.Matcher.Refines.0.Matcher.instReprOutcome.repr.match_1.eq_2	Matcher.Refines	0	0	false	false
Matcher.execStmt.eq_10	Matcher.Logic	0	0	false	false
Matcher.Val.u64.sizeOf_spec	Matcher.Lang	0	0	false	false
_private.Matcher.Logic.0.Matcher.execStmt.match_14.eq_1	Matcher.Logic	0	0	false	false
Matcher.BinOp.ne.sizeOf_spec	Matcher.Lang	0	0	false	false
_private.Matcher.Run.0.wouldCross.match_1.eq_2	Matcher.Run	0	0	false	false
_private.Matcher.Refines.0.Matcher.evalBin.match_1.eq_6	Matcher.Refines	0	0	false	false
MatcherStore.ClientInvM.hash_iff_queued	Matcher.StoreStep	163	163	true	true
EngineDbAbs.ClientInv.order_ok	Bridge.EngineDbAbs	442	442	true	true
_private.Matcher.Refines.0.Matcher.evalBin.match_1.eq_8	Matcher.Refines	0	0	false	false
Quantity	MatchingEngine.Basic	10	10	true	true
Matcher.Ty.noConfusionType	Matcher.Lang	0	0	false	false
_private.Matcher.Refines.0.Matcher.evalBin.match_1.eq_7	Matcher.Refines	0	0	false	false
MatcherInner.inner_cancelNew._proof_1_1	Matcher.Inner	0	0	false	true
Trade.aggressorId	MatchingEngine.Order	38	38	true	true
instInhabitedTrade	MatchingEngine.Order	45	45	true	true
ProcessResult.mk	MatchingEngine.Process	124	124	true	true
Matcher.Stmt.block.eq_3	Walk.RefineInner	0	0	true	false
Matcher.FunDef.entry	Matcher.Lang	164	164	false	false
dispose_clock	MatchingEngine.TheoremsFull	730	739	false	false
Order.minQty	MatchingEngine.Order	24	24	true	true
_private.Bridge.EngineDbAbs.0.EngineDbAbs.prioB_trans._proof_1_4	Bridge.EngineDbAbs	0	0	true	true
MatcherRun.bookView_iff._simp_1_2	Matcher.Run	0	0	true	false
Walk.WO.inv	Walk.RefineOuter	168	168	true	false
MatcherLoop.stpCond	Matcher.LoopEnv	28	30	true	true
EngineDbApi.Tree.toCtorIdx	Bridge.EngineDbApi	0	0	false	false
Side._sizeOf_1	MatchingEngine.Basic	0	0	false	false
MatcherOuter.ev_free._simp_1_1	Matcher.Outer	0	0	true	true
Matcher.Val.level	Matcher.Lang	53	54	true	true
EngineDbAbs.absBook.eq_1	Bridge.EngineDbAbs	0	0	false	false
Matcher.runExt.eq_12	Matcher.Logic	0	0	false	false
Matcher.Print.expr	Matcher.Print	56	81	false	false
EngineDbApi.qInsertTail_preserves_WF._simp_1_1	Bridge.EngineDbApiLaws	0	0	true	true
STPPolicy.toCtorIdx	MatchingEngine.Basic	0	0	false	false
Matcher.instReprProgram	Matcher.Lang	172	172	false	false
_private.Walk.Equiv.0.wouldCross.match_1.eq_2	Walk.Equiv	0	0	false	false
MatcherRefines.idOnBook_absBook	Matcher.Refines	516	550	true	true
MatcherOuter.oc.eq_1	Matcher.Outer	0	0	false	false
MatcherRun.nL_mk	Matcher.Run	46	47	false	false
insertOrder_sell_preserves_bids	MatchingEngine.Theorems	244	251	false	false
MatcherInner.OCtx.t	Matcher.Inner	173	173	false	true
Walk.OW.mk._flat_ctor	Walk.EquivMatch	0	0	false	false
ProcessB.Req.noConfusion	Bridge.ProcessB	42	46	false	false
EngineDbAbs.OrderRow.dflt	Bridge.EngineDbAbs	307	309	true	true
Walk.allBookOrders_sides	Walk.EquivEntry	60	61	true	false
_private.Matcher.Refines.0.MatcherRefines.capU_toNat	Matcher.Refines	341	347	true	true
MatcherInner.HeadFacts.hh	Matcher.Inner	377	377	false	true
_private.MatchingEngine.TheoremsElegant.0.List.getLast?.match_1.eq_2	MatchingEngine.TheoremsElegant	0	0	false	false
processCascade.eq_def	MatchingEngine.Theorems	0	0	false	false
Walk.w_outer_body	Walk.RefineOuter	185	335	true	false
MatcherLoop.Loc.ctorIdx	Matcher.LoopEnv	0	0	false	false
ProcessB.postOnly_reject_agrees	Bridge.ProcessB	348	374	true	true
EngineDbApi.qNext.pre	Bridge.EngineDbApi	270	271	true	true
dispose	MatchingEngine.Process	94	98	true	true
instDecidableEqOrder.decEq._proof_2	MatchingEngine.Order	0	0	true	true
instReprProcessResult	MatchingEngine.Process	127	127	false	false
_private.Matcher.Refines.0.Matcher.evalExpr.match_1.eq_1	Matcher.Refines	0	0	false	false
statusConsistencyB	MatchingEngine.Invariants	34	38	false	false
Matcher.instReprExt	Matcher.Lang	134	134	false	false
STPPolicy.cancelBoth.elim	MatchingEngine.Basic	47	47	false	false
MatcherInner.OCtx.o1	Matcher.Inner	164	164	false	true
_private.Matcher.Refines.0.Matcher.instReprTy.repr.match_1.eq_3	Matcher.Refines	0	0	false	false
instBEqPriceLevel	MatchingEngine.Book	14	14	false	false
EngineDbApi.Db.levelPrice	Bridge.EngineDbApi	109	111	true	true
MatcherRun.nP.eq_1	Matcher.Run	0	0	false	false
MatcherRefines.specStep	Matcher.Refines	99	101	true	true
_private.MatchingEngine.TheoremsFuel.0.processCascade.match_1.eq_1	MatchingEngine.TheoremsFuel	0	0	false	false
PriceLevel.mk.injEq	MatchingEngine.Book	0	0	true	false
_private.Matcher.Logic.0.Matcher.execStmt_loop_eq.match_3.eq_2	Matcher.Logic	0	0	false	false
Matcher.Stmt.emit.injEq	Matcher.Lang	0	0	false	false
Matcher.evalExpr.eq_12	Matcher.Refines	0	0	false	false
MatcherCancel.cancel_other_side	Matcher.Cancel	327	340	true	true
EngineDbAbs.COrderType.postOnly	Bridge.EngineDbAbs	59	59	true	true
MatcherLoop.instDecidableCrossB	Matcher.LoopEnv	492	493	true	true
Matcher.Val.ctorElimType	Matcher.Lang	0	0	true	true
MatcherSpec.cOf	Matcher.SpecStep	29	31	true	true
_private.Matcher.Refines.0.Matcher.instReprVal.repr.match_1.eq_2	Matcher.Refines	0	0	false	false
EngineDbAbs.CStpMode.toCtorIdx	Bridge.EngineDbAbs	0	0	false	false
EngineDbApi.qFirst.post	Bridge.EngineDbApi	261	262	true	true
_private.MatchingEngine.TheoremsFuel.0.doMatch.match_7.congr_eq_2	MatchingEngine.TheoremsFuel	0	0	true	true
Walk.count_of_view	Walk.Refine	34	44	true	false
EngineDbAbs.instEngineDbAbsStore._proof_44	Bridge.EngineDbAbs	0	0	false	false
MatcherInner.OCtx.Ok.req	Matcher.Inner	179	179	false	true
EngineDbAbs.instDecidableEqLevelView.decEq	Bridge.EngineDbAbs	390	390	false	false
_private.MatchingEngine.TheoremsFull.0.doMatch.match_5.eq_3	MatchingEngine.TheoremsFull	0	0	false	false
MatcherCancel.cancel_restingCount._proof_1_5	Matcher.Cancel	0	0	true	true
Matcher.Val.ctorElim	Matcher.Lang	46	55	true	true
MatcherProgram.minFun.eq_1	Matcher.Refines	0	0	false	false
mem_partition_fst	MatchingEngine.TheoremsFull	982	985	false	false
Walk.IR.notDone	Walk.EquivMatch	62	70	true	false
MatcherSpec.processWithId_match	Matcher.SpecStep	392	434	true	true
Walk.u64_toNat_ne_zero	Walk.EquivMatch	76	77	true	false
MatcherOuter.not_mem_other	Matcher.Outer	192	194	false	true
EngineDbAbs.instEngineDbAbsStore._proof_23	Bridge.EngineDbAbs	0	0	false	false
BookState.bids	MatchingEngine.Book	18	18	true	true
Matcher.Eval.ext	Matcher.Logic	247	252	true	true
ProcessB.runB._sunfold	Bridge.ProcessB	0	0	false	false
_private.Matcher.Logic.0.Matcher.runExt.match_5.splitter	Matcher.Logic	0	0	false	false
Matcher.FunDef.mk	Matcher.Lang	158	158	true	true
Matcher.St.env	Matcher.Lang	186	186	true	true
Side.sell.elim	MatchingEngine.Basic	18	18	false	false
Matcher.Expr.nullL.sizeOf_spec	Matcher.Lang	0	0	false	false
Matcher.instDecidableEqVal.decEq._proof_13	Matcher.Lang	0	0	false	false
EngineDbAbs.better_refl._proof_1_2	Bridge.EngineDbAbs	0	0	false	false
_private.Matcher.Logic.0.Matcher.instReprStmt.repr.match_1.eq_9	Matcher.Logic	0	0	false	false
EngineDbAbs.levelView.eq_1	Matcher.Cancel	0	0	false	false
MatcherSpec.dm_stable	Matcher.SpecStep	128	132	true	true
SideOk_reload_back_if	MatchingEngine.TheoremsFull	200	210	false	false
_private.Matcher.Run.0.Matcher.instReprOutcome.repr.match_1.eq_2	Matcher.Run	0	0	false	false
MatcherRun.nB.eq_1	Matcher.Run	0	0	false	false
SideOk_tail	MatchingEngine.TheoremsFull	127	129	false	false
MatcherInner.inner_run._proof_1_3	Matcher.Inner	0	0	false	true
Matcher.instDecidableEqVal.decEq._proof_5	Matcher.Lang	0	0	false	false
EngineDbAbs.CStpMode.policy.eq_5	Matcher.Inner	0	0	false	false
MatcherCancel.cancel_tree_length._proof_1_1	Matcher.Cancel	0	0	true	true
Walk.State.book	Walk.Spec	163	163	true	false
EngineDbAbs.toSpec_none_iff	Bridge.EngineDbAbs	190	226	false	false
EngineDbAbs.BookView.noConfusionType	Bridge.EngineDbAbs	0	0	true	true
MatcherOuter.outer_loop._proof_1_3	Matcher.Outer	0	0	false	true
Matcher.Err.unbound.sizeOf_spec	Matcher.Lang	0	0	false	false
EngineDbAbs.decodeStpMode.match_1	Bridge.EngineDbAbs	0	0	true	true
MatchResult.mk.sizeOf_spec	MatchingEngine.Match	0	0	false	false
_private.Matcher.Accept.0.Matcher.instReprTy.repr.match_1.eq_2	Matcher.Accept	0	0	false	false
EngineDbApi.writeOrder.pre	Bridge.EngineDbApi	187	189	true	true
Matcher.St.casesOn	Matcher.Lang	184	187	false	false
Walk.wctx_contra	Walk.RefineInner	35	35	true	false
TimeInForce.fok.sizeOf_spec	MatchingEngine.Basic	0	0	false	false
_private.MatchingEngine.Theorems.0.orderCount_foldl_acc	MatchingEngine.Theorems	3311	3320	true	true
EngineDbApi.Db.tree	Bridge.EngineDbApi	84	84	true	true
insertOrder_buy_preserves_asks.match_1_1	MatchingEngine.Theorems	0	0	false	false
ProcessB.tradeObs.eq_1	Matcher.Inner	0	0	false	false
mkWithMinQty	MatchingEngine.Tests	63	64	false	false
MatcherRest.mem_join_queue	Matcher.Rest	536	541	true	true
_private.Walk.LogicInv.0.Matcher.loopStep.match_3.eq_1	Walk.LogicInv	0	0	false	false
MatcherSpec.AtHead.visible	Matcher.SpecStep	222	222	true	true
instDecidableBookUncrossed._proof_4	MatchingEngine.Invariants	0	0	false	false
MatcherInner.HeadFacts.hp	Matcher.Inner	372	372	false	true
NoRestingMTL	MatchingEngine.Invariants	77	79	false	false
Side._sizeOf_inst	MatchingEngine.Basic	0	0	false	false
Matcher.Err.noFun	Matcher.Lang	176	176	true	true
orderSum_append	MatchingEngine.Theorems	1888	1900	true	true
EngineDbAbs.LevelView.mk._flat_ctor	Bridge.EngineDbAbs	0	0	false	false
instInhabitedProcessResult	MatchingEngine.Process	127	127	false	false
ProcessB.instDecidableEqTradeObs.decEq.match_1	Bridge.ProcessB	0	0	false	false
MatcherRun.nI_side	Matcher.Run	58	58	false	false
Elegant.dispose_noncrossing_preserves	MatchingEngine.TheoremsElegant	159	169	false	false
ProcessB.runB_ProcessInv	Bridge.ProcessB	494	497	false	false
Matcher.runExt_tRemove	Matcher.Logic	485	488	true	true
Matcher.Ext.hashFind.sizeOf_spec	Matcher.Lang	0	0	false	false
EngineDbApi.EngineDb.levelsUsed_levelAlloc	Bridge.EngineDbApi	399	399	true	true
_private.Bridge.ProcessB.0.EngineDbAbs.CRequest.toSpec.match_1.eq_1	Bridge.ProcessB	0	0	false	false
MatcherAccept.wouldCross_iff._simp_1_2	Matcher.Accept	0	0	false	true
Matcher.instReprStmt.repr	Matcher.Lang	151	151	false	false
asksSortedAscB.eq_def	MatchingEngine.Theorems	0	0	false	false
Walk.find_none_of_hasId._simp_1_2	Walk.EquivEntry	0	0	true	false
MatcherInner.RowView	Matcher.Inner	82	88	true	true
MatcherRun.bookView_iff._simp_1_3	Matcher.Run	0	0	true	false
Matcher.instDecidableEqOutcome.decEq.match_1	Matcher.Lang	0	0	false	false
MatcherRest.allocDb.eq_1	Matcher.Rest	0	0	false	false
_private.MatchingEngine.Theorems.0.doMatch.match_5.eq_1	MatchingEngine.Theorems	0	0	false	false
EngineDbAbs.CRequest._sizeOf_inst	Bridge.EngineDbAbs	0	0	false	false
Side.rec	MatchingEngine.Basic	16	19	true	true
_private.Matcher.Accept.0.EngineDbAbs.decodeSide.match_1.splitter	Matcher.Accept	0	0	true	true
matchMeasure_skip_empty_level._proof_1_2	MatchingEngine.Theorems	0	0	true	true
Walk.innerStep.eq_1	Walk.RefineOuter	0	0	false	false
Walk.normC.match_1	Walk.EquivMatch	0	0	true	false
Matcher.evalBin.eq_6	Matcher.Refines	0	0	false	false
instReprMatchResult	MatchingEngine.Match	27	27	false	false
Matcher.OField.remaining	Matcher.Lang	73	73	true	true
Matcher.instReprUnOp	Matcher.Lang	84	84	false	false
EngineDbApi.EngineDb.qInsertTail_law	Bridge.EngineDbApi	371	371	true	true
Matcher.Bound.ctorIdx	Matcher.Lang	0	0	false	false
MatcherOuter.map_levelView_cons	Matcher.Outer	162	166	false	true
_private.Bridge.EngineDbAbs.0.EngineDbAbs.COrderType.tif.match_1.splitter	Bridge.EngineDbAbs	0	0	false	false
EngineDbAbs.LevelView._sizeOf_1	Bridge.EngineDbAbs	0	0	false	false
MatcherAccept.wouldCross_o1	Matcher.Accept	419	420	true	true
Matcher.runExt.eq_7	Matcher.Logic	0	0	false	false
EngineDbApi.qRemove_preserves_WF	Bridge.EngineDbApiLaws	421	442	true	true
STPPolicy.decrement.elim	MatchingEngine.Basic	48	48	false	false
Walk.mkTrade_eq	Walk.EquivMatch	121	128	true	false
MatcherOuter.MCtx.recOn	Matcher.Outer	85	93	false	false
_private.Matcher.Refines.0.Matcher.bindResult.match_1.splitter	Matcher.Refines	0	0	false	false
EngineDbApi.Db.WF.mk._flat_ctor	Bridge.EngineDbApi	0	0	false	false
MatcherStore.Frame.absLevel_eq	Matcher.StoreStep	97	99	true	true
_private.MatchingEngine.TheoremsFuel.0.processOrder.match_1.eq_1	MatchingEngine.TheoremsFuel	0	0	false	false
EngineDbApi.instDecidableEqOrderRow.decEq._proof_1	Bridge.EngineDbApi	0	0	false	false
TimeInForce._sizeOf_1	MatchingEngine.Basic	0	0	false	false
MatcherRefines.Inv.rec	Matcher.Refines	86	97	false	false
MatcherInner.dropDb_setRem	Matcher.Inner	540	547	true	true
ProcessB.Req.cancel.injEq	Bridge.ProcessB	0	0	false	false
MatcherOuter.outer_run._proof_1_1	Matcher.Outer	0	0	false	true
MatcherRun.matcherRun._sunfold	Matcher.Run	0	0	false	false
Walk.Ctx	Walk.Spec	143	147	true	false
MatcherRun.nB_afterMatch	Matcher.Run	397	402	false	false
EngineDbApi.Db.levelLive	Bridge.EngineDbApi	104	104	true	true
Matcher.Eval.seq_normal	Matcher.Logic	214	220	true	true
MatcherOuter.OInv.inv	Matcher.Outer	105	105	false	true
Matcher.inTreeB	Matcher.Lang	252	252	true	true
orderSum_append._proof_1_1	MatchingEngine.Theorems	0	0	true	true
MatcherRun.stops_nil_of_nB	Matcher.Run	599	602	false	false
_private.Walk.EquivEntry.0.cancelOrder.match_3.splitter	Walk.EquivEntry	0	0	false	false
nat_max_eq_left	MatchingEngine.TheoremsFull	973	975	false	false
Matcher.Stmt.ext.sizeOf_spec	Matcher.Lang	0	0	false	false
Walk.IR.sameRem	Walk.EquivMatch	542	543	true	false
EngineDbApi.hashInsert_valid	Bridge.EngineDbApiLaws	598	604	false	false
EngineDbAbs.better_of_not._proof_1_3	Bridge.EngineDbAbs	0	0	false	false
_private.MatchingEngine.Theorems.0.totalRemaining_foldl_acc._proof_1_1	MatchingEngine.Theorems	0	0	true	true
MatcherInner.inner_cancelOld._proof_1_3	Matcher.Inner	0	0	false	true
Matcher.BinOp.and.elim	Matcher.Lang	89	89	false	false
Matcher.Err._sizeOf_1	Matcher.Lang	0	0	false	false
Walk.w_outer_body._proof_1_2	Walk.RefineOuter	0	0	true	false
_private.Matcher.Cancel.0.Matcher.instReprOField.repr.match_1.eq_2	Matcher.Cancel	0	0	false	false
EngineDbApi.tFind_unique	Bridge.EngineDbApiLaws	48	54	false	false
_private.Walk.Equiv.0.wouldCross.match_3.eq_1	Walk.Equiv	0	0	false	false
Walk.innerRun_stop	Walk.RefineOuter	77	88	true	false
Walk.innerStep_isSome	Walk.Basic	107	121	true	false
MatcherOuter.MCtx.noConfusionType	Matcher.Outer	0	0	false	false
doMatch_buy_output_stable._proof_1_4	MatchingEngine.Theorems	0	0	false	false
TimeInForce.ofNat_ctorIdx	MatchingEngine.Basic	0	0	true	true
MatcherOuter.MCtx.mk	Matcher.Outer	86	86	false	true
ProcessB.TradeObs._sizeOf_inst	Bridge.ProcessB	0	0	false	false
MatcherAccept.Static.mk	Matcher.Accept	158	158	true	true
Matcher.instReprVal.repr	Matcher.Lang	55	55	false	false
MatcherRefines.argsOf	Matcher.Refines	37	40	true	true
MatcherRefines.ev_dupcheck	Matcher.Refines	675	680	true	true
Matcher.loopStep.eq_2	Matcher.Logic	0	0	false	false
ProcessB.ResultCode.recOn	Bridge.ProcessB	48	57	false	false
Matcher.St._sizeOf_inst	Matcher.Lang	0	0	false	false
EngineDbAbs.pickBest._unsafe_rec	Bridge.EngineDbAbs	0	0	false	false
ProcessResult	MatchingEngine.Process	124	127	true	true
MatcherRest.rest_run._proof_1_3	Matcher.Rest	0	0	true	true
STPPolicy.cancelBoth	MatchingEngine.Basic	47	47	true	true
Walk.inner_sim._simp_1_1	Walk.EquivMatch	0	0	true	false
_private.Matcher.Cancel.0.EngineDbAbs.sideOfTree.match_1.eq_2	Matcher.Cancel	0	0	false	false
Matcher.instDecidableEqVal.decEq._proof_15	Matcher.Lang	0	0	false	false
Matcher.Val.code.inj	Matcher.Lang	0	0	false	false
MatcherLoop.outerLoop	Matcher.LoopEnv	86	86	true	true
Order.mk	MatchingEngine.Order	15	15	true	true
Matcher.Eval.seq_inv	Walk.LogicInv	77	92	true	false
MatcherCancel.rowOf	Matcher.Cancel	26	27	true	true
_private.Matcher.Logic.0.Matcher.execStmt.match_7.splitter	Matcher.Logic	0	0	false	false
MatcherRest.rest_new_side	Matcher.Rest	748	770	true	true
MatcherRest.insSpec_exists._proof_1_9	Matcher.Rest	0	0	true	true
Matcher.instInhabitedBound	Matcher.Lang	119	119	false	false
Matcher.Ext.setL.noConfusion	Matcher.Lang	0	0	false	false
orderCount_drop_head_order	MatchingEngine.Theorems	1987	2005	true	true
_private.Matcher.Refines.0.Matcher.instReprVal.repr.match_1.eq_1	Matcher.Refines	0	0	false	false
Matcher.Val.ty.eq_2	Matcher.Refines	0	0	false	false
MatcherRun.nL	Matcher.Run	32	32	true	false
EngineDbAbs.freshIn_not_mem	Bridge.EngineDbAbs	737	741	false	false
EngineDbAbs.absBook_empty	Bridge.EngineDbAbs	464	464	false	false
_private.Bridge.ProcessB.0.ProcessB.processB.match_3.eq_1	Bridge.ProcessB	0	0	false	false
EngineDbApi.EngineDb.levelAlloc_law	Bridge.EngineDbApi	353	353	true	true
_private.Matcher.Cancel.0.findOrderOnBook.match_1.eq_1	Matcher.Cancel	0	0	false	false
PriceLevel.mk.sizeOf_spec	MatchingEngine.Book	0	0	false	false
_private.Matcher.SpecStep.0.doMatch.match_5.eq_1	Matcher.SpecStep	0	0	false	false
_private.Matcher.Inner.0.EngineDbAbs.instReprCStpMode.repr.match_1.eq_3	Matcher.Inner	0	0	false	false
_private.Matcher.LoopEnv.0.Matcher.setOField.match_1.eq_2	Matcher.LoopEnv	0	0	false	false
Matcher.Print.trapCode._sparseCasesOn_1	Matcher.Print	85	92	false	false
Matcher.execStmt.eq_3	Matcher.Logic	0	0	false	false
EngineDbAbs.sideCode.eq_2	Matcher.Cancel	0	0	false	false
MatcherStore.ClientInvM.casesOn	Matcher.StoreStep	159	170	false	false
OrderStatus	MatchingEngine.Basic	36	42	true	true
_private.MatchingEngine.Theorems.0.doMatch_buy_result_asks_acc	MatchingEngine.Theorems	564	629	false	false
MatcherLoop.set_lvl	Matcher.LoopEnv	214	216	true	true
EngineDbAbs.BookView.stops	Bridge.EngineDbAbs	400	400	false	false
Walk.sideCount.eq_1	Walk.Basic	0	0	false	false
OrderRestOk	MatchingEngine.TheoremsFull	480	496	false	false
STPPolicy.cancelNewest.elim	MatchingEngine.Basic	45	45	false	false
EngineDbApi.tree_find_after_remove	Bridge.EngineDbApiLaws	141	151	false	false
Walk.Ctx.contra.eq_1	Walk.Equiv	0	0	false	false
BookInvariant_of_ProcessInv	MatchingEngine.TheoremsReachable	91	97	false	false
MatcherCancel.views_eq_of_perm	Matcher.Cancel	76	87	true	true
Order._sizeOf_inst	MatchingEngine.Order	0	0	false	false
insertOrder_sell_preserves_uncrossed.match_1_1	MatchingEngine.Theorems	0	0	false	false
insertOrder_buy_preserves_uncrossed.match_1_1	MatchingEngine.Theorems	0	0	false	false
Matcher.Stmt.ret.inj	Matcher.Lang	0	0	false	false
_private.MatchingEngine.Theorems.0.bidsSortedDescB.match_1.eq_2	MatchingEngine.Theorems	0	0	false	false
Matcher.Stmt.ret.injEq	Matcher.Lang	0	0	false	false
Matcher.LField._sizeOf_inst	Matcher.Lang	0	0	false	false
_private.MatchingEngine.Theorems.0.processCascade.match_3.eq_1	MatchingEngine.Theorems	0	0	false	false
Matcher.Stmt.recOn	Matcher.Lang	136	151	false	false
EngineDbAbs.mem_absQueue._proof_1_3	Bridge.EngineDbAbs	0	0	true	true
MatcherRun.dispose_nB	Matcher.Run	317	331	false	false
MatcherLoop.ev_passiveNext	Matcher.LoopEnv	287	289	true	true
EngineDbApi.EngineDb.writeLevel_law	Bridge.EngineDbApi	362	362	true	true
MatcherRun.nO_eq	Matcher.Run	232	232	true	false
Walk.tInsertNew	Walk.Spec	130	133	true	false
Matcher.FunDef.ret	Matcher.Lang	162	162	true	true
ProcessB.Req.ctorElimType	Bridge.ProcessB	0	0	false	false
_private.Walk.EquivMatch.0.Walk.owner.match_1.eq_2	Walk.EquivMatch	0	0	false	false
MatcherLoop.Loc.mk.noConfusion	Matcher.LoopEnv	0	0	false	false
MatcherInner.inner_fill._proof_1_9	Matcher.Inner	0	0	false	true
process	MatchingEngine.Process	241	247	true	true
Matcher.evalExpr.eq_7	Matcher.Refines	0	0	false	false
ProcessB.Obs.mk.inj	Bridge.ProcessB	0	0	false	false
Walk.WCore.hash1	Walk.RefineInner	310	310	true	false
Walk.tFind.eq_1	Walk.EquivEntry	0	0	false	false
Matcher.instReprLField.repr	Matcher.Lang	80	80	false	false
_private.Matcher.Logic.0.Except.map.match_1.splitter	Matcher.Logic	0	0	false	false
_private.Bridge.EngineDbAbs.0.EngineDbAbs.insLevel_pairwise	Bridge.EngineDbAbs	501	522	true	true
Walk.WHead.hh	Walk.RefineInner	159	159	true	false
BookState.rec	MatchingEngine.Book	17	24	true	false
Matcher.Ext._sizeOf_1	Matcher.Lang	0	0	false	false
EngineDbAbs.ClientInv.level_nonempty	Bridge.EngineDbAbs	434	434	true	true
EngineDbApi.Db._sizeOf_1	Bridge.EngineDbApi	0	0	false	false
EngineDbAbs.instDecidableEqCRequest.decEq._proof_2	Bridge.EngineDbAbs	0	0	false	false
MatcherRefines.ev_capcheck._proof_1_2	Matcher.Refines	0	0	true	true
Side	MatchingEngine.Basic	16	19	true	true
MatcherCancel.cancel_restingCount._proof_1_2	Matcher.Cancel	0	0	true	true
Matcher.Program.rec	Matcher.Lang	168	172	false	false
le_insertOrder_clock	MatchingEngine.TheoremsFull	741	743	false	false
_private.Bridge.EngineDbAbs.0.EngineDbAbs.decodeOrderType.match_1.eq_2	Bridge.EngineDbAbs	0	0	false	false
_private.Matcher.Logic.0.Matcher.execStmt.match_14.eq_2	Matcher.Logic	0	0	false	false
MatcherLoop.ownT	Matcher.LoopEnv	23	23	true	true
EngineDbAbs.stpPolicyOf.eq_1	Matcher.Inner	0	0	false	false
Matcher.UnOp.ofNat_ctorIdx	Matcher.Lang	0	0	false	false
Matcher.Expr.var.injEq	Matcher.Lang	0	0	false	false
_private.Walk.EquivEntry.0.Walk.processOrder_eq.match_1.eq_1	Walk.EquivEntry	0	0	false	false
_private.MatchingEngine.Theorems.0.insertOrder.match_1.eq_2	MatchingEngine.Theorems	0	0	false	false
_private.MatchingEngine.TheoremsFuel.0.doMatch.match_7.eq_1	MatchingEngine.TheoremsFuel	0	0	false	false
Matcher.liveOrder.eq_1	Matcher.Logic	0	0	false	false
MatcherCancel.absQueue_filter_views	Matcher.Cancel	130	147	true	true
needOrder_le_computeProcessFuel._proof_1_5	MatchingEngine.TheoremsFuel	0	0	false	false
EngineDbApi.EngineDb.qNext	Bridge.EngineDbApi	336	336	true	true
_private.Matcher.Refines.0.EngineDbAbs.decodeOrderType.match_1.eq_2	Matcher.Refines	0	0	false	false
_private.Walk.EquivEntry.0.Walk.innerStep.match_1.eq_2	Walk.EquivEntry	0	0	false	false
_private.Matcher.SpecStep.0.doMatch.match_9.eq_1	Matcher.SpecStep	0	0	false	false
EngineDbAbs.OrderView.qty	Bridge.EngineDbAbs	372	372	true	false
EngineDbApi.Tree.bids.sizeOf_spec	Bridge.EngineDbApi	0	0	false	false
MatcherRest.joinDb.eq_1	Matcher.Rest	0	0	false	false
ownLevels.eq_2	MatchingEngine.TheoremsFull	0	0	false	false
Walk.OW.casesOn	Walk.EquivMatch	525	540	false	false
MatcherRefines.findSome_side_none	Matcher.Refines	751	765	true	true
Matcher.instDecidableEqOField._proof_1	Matcher.Lang	0	0	true	true
Matcher.Err.tradeBuffer.sizeOf_spec	Matcher.Lang	0	0	false	false
_private.Walk.EquivEntry.0.Walk.cancel.match_1.eq_1	Walk.EquivEntry	0	0	false	false
Matcher.Ext.qFirst.elim	Matcher.Lang	128	128	false	false
ProcessB.Obs.trades	Bridge.ProcessB	127	127	false	false
needCascade	MatchingEngine.TheoremsFuel	171	172	false	false
_private.Matcher.Logic.0.Matcher.execStmt.match_7.eq_3	Matcher.Logic	0	0	false	false
Walk.CO	Walk.EquivMatch	45	54	true	false
_private.Matcher.Logic.0.Matcher.exec_call.match_3.splitter	Matcher.Logic	0	0	false	false
ProcessB.instDecidableEqTradeObs.decEq._proof_5	Bridge.ProcessB	0	0	false	false
Matcher.BinOp.toCtorIdx	Matcher.Lang	0	0	false	false
EngineDbApi.EngineDb.hashFind	Bridge.EngineDbApi	330	330	true	true
Walk.process_agree	Walk.Equiv	396	409	true	false
MatcherInner.HeadFacts.casesOn	Matcher.Inner	354	377	false	false
Walk.modAt_eq_map	Walk.Equiv	74	91	true	false
MatcherInner.inner_loop	Matcher.Inner	972	994	false	true
ProcessResult.noConfusion	MatchingEngine.Process	124	127	false	false
EngineDbApi.qNext_valid	Bridge.EngineDbApiLaws	642	645	false	false
MatcherInner.IInv.casesOn	Matcher.Inner	196	208	false	false
Matcher.Bound.rec	Matcher.Lang	113	119	true	true
noRestingMinQtyB	MatchingEngine.Invariants	82	84	false	false
TimeInForce.casesOn	MatchingEngine.Basic	29	34	true	true
MatcherCancel.findOrderOnBook_side	Matcher.Cancel	365	418	true	true
EngineDbApi.Db.WF.queue_live	Bridge.EngineDbApi	125	125	true	true
MatcherInner.sinv_setRem	Matcher.Inner	283	337	false	true
MatcherRest.ev_restCond_true	Matcher.Rest	389	392	true	true
MatcherInner.inner_run	Matcher.Inner	930	965	false	true
Matcher.Expr.capacity.elim	Matcher.Lang	107	108	false	false
Matcher.BinOp.eq.elim	Matcher.Lang	88	88	false	false
MatcherSpec.step_decrement_full	Matcher.SpecStep	272	285	true	true
MatcherStore.ClientInvM.level_nonempty	Matcher.StoreStep	161	161	true	true
EngineDbApi.OrderRow.side	Bridge.EngineDbApi	61	61	true	true
Matcher.priceFreshB	Matcher.Lang	254	255	true	true
_private.Matcher.Refines.0.ProcessB.processB.match_1.eq_1	Matcher.Refines	0	0	false	false
Matcher.subU.eq_1	Matcher.LoopEnv	0	0	false	false
MatcherRefines.refines_cancel_unknown	Matcher.Refines	836	853	true	true
Matcher.evalExpr.eq_11	Matcher.Refines	0	0	false	false
Matcher.Outcome.ret.inj	Matcher.Lang	0	0	false	false
Matcher.Ext.setO.noConfusion	Matcher.Lang	0	0	false	false
MatcherStore.Frame.tree	Matcher.StoreStep	83	83	true	true
MatcherRefines.staticCode	Matcher.Refines	167	178	true	true
_private.MatchingEngine.Theorems.0.partition_snd_subset	MatchingEngine.Theorems	3609	3613	false	false
MatcherProgram.SIDE_BUY.eq_1	Matcher.Refines	0	0	false	false
MatcherStore.free_tree_length	Matcher.StoreStep	353	359	true	true
MatcherSpec.asksOf	Matcher.SpecStep	109	111	true	true
_private.MatchingEngine.Theorems.0.processCascade.match_3.splitter	MatchingEngine.Theorems	0	0	false	false
instDecidableEqOrderType._proof_2	MatchingEngine.Basic	0	0	true	true
Walk.levelsUsed_sides	Walk.Equiv	48	51	true	false
MatcherSpec.fillTrade.eq_1	Matcher.Inner	0	0	false	false
Walk.WF.mk	Walk.EquivEntry	20	20	true	false
Walk.WF.stops	Walk.EquivEntry	22	22	true	false
MatcherRun.specTrace	Matcher.Run	522	527	false	false
_private.Matcher.Refines.0.Matcher.instReprTy.repr.match_1.eq_1	Matcher.Refines	0	0	false	false
needOrder	MatchingEngine.TheoremsFuel	167	169	false	false
_private.Matcher.Logic.0.Matcher.execStmt_loop_eq.match_3.eq_4	Matcher.Logic	0	0	false	false
Matcher.Stmt.block.eq_def	Walk.RefineInner	0	0	true	false
ProcessB.Req.order.noConfusion	Bridge.ProcessB	0	0	false	false
_private.MatchingEngine.Theorems.0.convertStop_preserves_postOnly	MatchingEngine.Theorems	3588	3592	false	false
MatcherOuter.freeS	Matcher.Outer	31	31	true	true
bestAskPrice	MatchingEngine.Book	35	36	true	true
Matcher.Bound._sizeOf_inst	Matcher.Lang	0	0	false	false
_private.Matcher.Accept.0.Matcher.instReprTy.repr.match_1.eq_3	Matcher.Accept	0	0	false	false
EngineDbAbs.instEngineDbAbsStore._proof_29	Bridge.EngineDbAbs	0	0	false	false
LevelOk	MatchingEngine.TheoremsFull	54	57	false	false
MatcherInner.IInv.remle	Matcher.Inner	208	208	false	true
MatcherLoop.ev_remove	Matcher.LoopEnv	339	365	true	true
Walk.w_refines_accept	Walk.Refine	399	440	true	false
_private.Walk.LogicInv.0.Matcher.loopStep.match_3.splitter	Walk.LogicInv	0	0	true	false
_private.MatchingEngine.TheoremsFuel.0.doMatch.match_9.eq_2	MatchingEngine.TheoremsFuel	0	0	false	false
MatcherStore.InvM.toInv	Matcher.StoreStep	405	407	true	true
Matcher.Val.level.elim	Matcher.Lang	53	54	true	true
_private.Bridge.EngineDbAbs.0.EngineDbAbs.pickBest.match_3.eq_1	Bridge.EngineDbAbs	0	0	false	false
Matcher.OField.id.elim	Matcher.Lang	73	73	false	false
MatcherInner.IInv.mk._flat_ctor	Matcher.Inner	0	0	false	false
Matcher.Ty.code	Matcher.Lang	40	40	true	true
Matcher.Ext.hashRemove.elim	Matcher.Lang	127	127	false	false
Walk.ev_outerCond_walk._simp_1_1	Walk.RefineOuter	0	0	true	false
MatcherLoop.set_nextp	Matcher.LoopEnv	201	203	true	true
EngineDbAbs.instReprOrderView	Bridge.EngineDbAbs	379	379	false	false
_private.Matcher.Accept.0.EngineDbAbs.CRequest.toSpec.match_1.eq_2	Matcher.Accept	0	0	true	true
EngineDbAbs.absQueue.eq_2	Bridge.EngineDbAbs	0	0	false	false
Matcher.instReprStmt.repr._unsafe_rec	Matcher.Lang	0	0	false	false
MatcherCancel.cancel_tree_length._proof_1_2	Matcher.Cancel	0	0	true	true
dispose_BookOkAt	MatchingEngine.TheoremsFull	893	913	false	false
MatcherStore.Frame.trans	Matcher.StoreStep	91	95	false	true
MatcherRest.rest_inv._proof_1_6	Matcher.Rest	0	0	true	true
EngineDbAbs.instEngineDbAbsStore._proof_41	Bridge.EngineDbAbs	0	0	false	false
MatcherOuter.MCtx.Ok.price	Matcher.Outer	100	100	false	true
EngineDbApi.OrderRow.noConfusion	Bridge.EngineDbApi	57	66	false	false
EngineDbAbs.COrderType.specPrice.eq_2	Bridge.EngineDbAbs	0	0	false	false
_private.Matcher.Accept.0.Matcher.instReprTy.repr.match_1.splitter	Matcher.Accept	0	0	false	false
Walk.postOnlyCross	Walk.Spec	281	286	true	false
_private.Matcher.Run.0.Matcher.instReprOutcome.repr.match_1.splitter	Matcher.Run	0	0	false	false
instBEqOrder.beq.match_1	MatchingEngine.Order	0	0	false	false
ProcessB.instDecidableEqTradeObs.decEq	Bridge.ProcessB	118	118	false	false
EngineDbAbs.COrderType.specType	Bridge.EngineDbAbs	126	128	true	true
MatcherOuter.OInv.remle	Matcher.Outer	115	115	false	true
MatcherInner.IncShape.updRem	Matcher.Inner	46	48	true	true
EngineDbAbs.COrderType.rec	Bridge.EngineDbAbs	53	60	true	true
processCascade.match_3	MatchingEngine.Process	0	0	true	true
asksSortedAscB.eq_1	Bridge.EngineDbAbs	0	0	false	false
Matcher.OField.id	Matcher.Lang	73	73	true	true
MatcherStore.free_absSide_other	Matcher.StoreStep	371	379	true	true
_private.Matcher.Logic.0.Matcher.execStmt.match_14.eq_3	Matcher.Logic	0	0	false	false
ProcessB.TradeObs.mk.inj	Bridge.ProcessB	0	0	false	false
Matcher.Ty.toCtorIdx	Matcher.Lang	0	0	false	false
Walk.cancel_side	Walk.EquivEntry	334	342	true	false
Walk.w_side_cont._proof_1_4	Walk.Refine	0	0	true	false
MatcherInner.inner_run._proof_1_2	Matcher.Inner	0	0	false	true
Walk.wr_split	Walk.RefineInner	116	137	true	false
EngineDbApi.LevelRow.mk	Bridge.EngineDbApi	69	69	true	true
_private.Walk.RefineOuter.0.Walk.innerStep.match_1.eq_1	Walk.RefineOuter	0	0	false	false
EngineDbAbs.OrderView.stpGroup	Bridge.EngineDbAbs	377	377	true	false
FullBookInv_of_BookOkAt	MatchingEngine.TheoremsFull	1251	1264	false	false
ProcessB.processB_postOnly_obs	Bridge.ProcessB	412	424	false	false
_private.MatchingEngine.TheoremsFull.0.ownLevels.match_1.eq_2	MatchingEngine.TheoremsFull	0	0	false	false
test_bug1.match_4	MatchingEngine.Tests	0	0	false	false
_private.Bridge.EngineDbAbs.0.EngineDbAbs.COrderType.isPostOnly.match_1.splitter	Bridge.EngineDbAbs	0	0	false	false
Matcher.OField.ofNat	Matcher.Lang	0	0	true	true
_private.Matcher.Run.0.insertOrder.match_1.eq_1	Matcher.Run	0	0	false	false
_private.Bridge.EngineDbAbs.0.EngineDbAbs.decodeSide.match_1.eq_1	Bridge.EngineDbAbs	0	0	false	false
MatcherAccept.ev_poCond_some	Matcher.Accept	239	245	true	true
MatcherRest.insSpec_exists._proof_1_8	Matcher.Rest	0	0	true	true
MatcherLoop.ev_oldBoth	Matcher.LoopEnv	471	476	true	true
Matcher.Program.mk.sizeOf_spec	Matcher.Lang	0	0	false	false
Matcher.instDecidableEqVal.decEq._proof_27	Matcher.Lang	0	0	false	false
instInhabitedSTPPolicy	MatchingEngine.Basic	49	49	false	false
_private.MatchingEngine.Theorems.0.matchMeasure_mono_inc_le	MatchingEngine.Theorems	1905	1912	false	false
EngineDbAbs.COrderType.limit	Bridge.EngineDbAbs	56	56	true	true
Matcher.evalExpr.eq_2	Matcher.Refines	0	0	false	false
EngineDbAbs.levelView	Bridge.EngineDbAbs	392	393	true	true
SideOk_head	MatchingEngine.TheoremsFull	131	132	false	false
instDecidableEqSide	MatchingEngine.Basic	19	19	true	true
EngineDbApi.Tree.noConfusion	Bridge.EngineDbApi	73	77	false	false
_private.Bridge.ProcessB.0.ProcessB.processB.match_5.eq_2	Bridge.ProcessB	0	0	false	false
orderSum._unsafe_rec	MatchingEngine.Theorems	0	0	false	false
insertOrder.match_3	MatchingEngine.Book	0	0	true	true
EngineDbAbs.instEngineDbAbsStore._proof_34	Bridge.EngineDbAbs	0	0	false	false
Walk.WCore.remN	Walk.RefineInner	297	297	true	false
_private.MatchingEngine.TheoremsFuel.0.processTriggeredStops.match_1.eq_3	MatchingEngine.TheoremsFuel	0	0	false	false
_private.MatchingEngine.Theorems.0.bidsSortedDescB_tail	MatchingEngine.Theorems	781	790	false	false
FIFOLevel_tail	MatchingEngine.TheoremsFull	97	98	false	false
insertDesc.eq_1	MatchingEngine.TheoremsFull	0	0	false	false
MatcherOuter.outer_run	Matcher.Outer	379	411	false	true
MatcherStore.Frame.levels	Matcher.StoreStep	84	84	true	true
Walk.hasId	Walk.EquivEntry	269	270	true	false
Matcher.instReprUnOp.repr	Matcher.Lang	84	84	false	false
Matcher.Val	Matcher.Lang	46	55	true	true
MatcherLoop.set_passive	Matcher.LoopEnv	198	200	true	true
TimeInForce.ctorElim	MatchingEngine.Basic	29	34	false	false
Matcher.Print.preamble	Matcher.Print	167	185	false	false
Matcher.runExt.eq_11	Matcher.Logic	0	0	false	false
needTriggered	MatchingEngine.TheoremsFuel	174	175	false	false
_private.Matcher.Refines.0.EngineDbAbs.decodeOrderType.match_1.eq_5	Matcher.Refines	0	0	true	true
Walk.innerStep_progress	Walk.Basic	123	139	false	false
MatcherRun.wouldCross_nB	Matcher.Run	274	276	false	false
_private.Matcher.SpecStep.0.orderSum.match_1.eq_2	Matcher.SpecStep	0	0	false	false
Walk.State.casesOn	Walk.Spec	161	166	false	false
_private.Matcher.Refines.0.Matcher.evalBin.match_1.eq_1	Matcher.Refines	0	0	false	false
EngineDbApi.Tree.asks.sizeOf_spec	Bridge.EngineDbApi	0	0	false	false
_private.MatchingEngine.TheoremsFuel.0.doMatch.match_3.eq_1	MatchingEngine.TheoremsFuel	0	0	false	false
EngineDbAbs.instDecidableEqLevelView.decEq._proof_1	Bridge.EngineDbAbs	0	0	false	false
OrderType	MatchingEngine.Basic	21	27	true	true
doMatch_buy_preserves_inc_tif	MatchingEngine.Theorems	1637	1674	false	false
Walk.WF.ids	Walk.EquivEntry	28	28	true	false
Walk.qInsertTail.eq_1	Walk.Equiv	0	0	false	false
_private.Matcher.Cancel.0.Matcher.instReprOField.repr.match_1.splitter	Matcher.Cancel	0	0	false	false
_private.Matcher.Refines.0.Matcher.evalExpr.match_5.eq_2	Matcher.Refines	0	0	false	false
Matcher.Ty.default	Matcher.Lang	64	69	true	true
MatcherCancel.prioB_asymm._proof_1_1	Matcher.Cancel	0	0	true	true
Walk.Ctx.crosses	Walk.Spec	152	155	true	false
EngineDbAbs.instDecidableEqCOrderType	Bridge.EngineDbAbs	60	60	true	true
Walk.Ctx.bound	Walk.Spec	157	159	true	false
doMatch_buy_output_stable	MatchingEngine.Theorems	2071	2614	false	false
MatcherCancel.refines_cancel_resting._proof_1_30	Matcher.Cancel	0	0	true	true
MatcherSpec.AtHead.notDone	Matcher.SpecStep	219	219	true	true
_private.MatchingEngine.TheoremsFuel.0.doMatch.match_5.eq_1	MatchingEngine.TheoremsFuel	0	0	false	false
_private.Walk.RefineOuter.0.Walk.owner.match_1.eq_2	Walk.RefineOuter	0	0	false	false
doMatch_result_contra_acc	MatchingEngine.Theorems	697	711	false	false
ProcessB.runB_BookInvariant	Bridge.ProcessB	499	503	false	false
Matcher.asU64	Matcher.Lang	296	298	true	true
EngineDbApi.EngineDb.tInsert	Bridge.EngineDbApi	338	338	true	true
matchOrder.eq_1	MatchingEngine.Theorems	0	0	false	false
doMatch.eq_1	Matcher.SpecStep	0	0	false	false
_private.Matcher.Refines.0.Matcher.evalBin.match_1.eq_5	Matcher.Refines	0	0	false	false
_private.Walk.EquivEntry.0.ProcessB.processB.match_5.splitter	Walk.EquivEntry	0	0	false	false
FIFOLevel_head_lt	MatchingEngine.TheoremsFull	100	101	false	false
EngineDbAbs.better_of_not._simp_1_1	Bridge.EngineDbAbs	0	0	false	false
Matcher.Expr.isNullO	Matcher.Lang	101	101	true	true
ProcessB.Req.cancel.inj	Bridge.ProcessB	0	0	false	false
Matcher.Expr.count.sizeOf_spec	Matcher.Lang	0	0	false	false
ProcessB.TradeObs.noConfusionType	Bridge.ProcessB	0	0	true	true
_private.Walk.Basic.0.Walk.innerStep.match_3.splitter	Walk.Basic	0	0	true	false
EngineDbApi.instDecidableEqOrderRow.decEq.match_1	Bridge.EngineDbApi	0	0	false	false
EngineDbAbs.instDecidableEqCStpMode._proof_2	Bridge.EngineDbAbs	0	0	false	false
_private.Walk.EquivMatch.0.Walk.normC.match_1.eq_2	Walk.EquivMatch	0	0	false	false
MatcherInner.sinv_drop._proof_1_1	Matcher.Inner	0	0	false	true
Matcher.evalExpr	Matcher.Lang	304	354	true	true
EngineDbAbs.instDecidableEqOrderView.decEq._proof_7	Bridge.EngineDbAbs	0	0	false	false
EngineDbApi.hash_find_after_insert	Bridge.EngineDbApiLaws	74	86	false	false
MatcherStore.freeDb.eq_1	Matcher.StoreStep	0	0	false	false
ProcessB.ResultCode._sizeOf_1	Bridge.ProcessB	0	0	false	false
instBEqTimeInForce.beq	MatchingEngine.Basic	34	34	true	true
Walk.WCore.rl1	Walk.RefineInner	312	312	true	false
MatcherRest.alloc_clientInv	Matcher.Rest	614	625	true	true
stopW	MatchingEngine.TheoremsFuel	120	121	false	false
Walk.setHeadRem.match_1	Walk.Spec	0	0	true	false
Matcher.Print.treeName.match_1	Matcher.Print	0	0	false	false
Matcher.instReprExt.repr	Matcher.Lang	134	134	false	false
Matcher.evalExpr.eq_5	Matcher.Refines	0	0	false	false
MatcherLoop.contraT	Matcher.LoopEnv	22	22	true	true
Matcher.Program.funs	Matcher.Lang	169	169	true	true
_private.Matcher.Accept.0.EngineDbAbs.decodeOrderType.match_1.eq_1	Matcher.Accept	0	0	false	false
Matcher.Expr.getL.sizeOf_spec	Matcher.Lang	0	0	false	false
_private.Matcher.Refines.0.EngineDbAbs.decodeStpMode.match_1.eq_3	Matcher.Refines	0	0	false	false
_private.Matcher.SpecStep.0.doMatch.match_9.eq_2	Matcher.SpecStep	0	0	false	false
_private.MatchingEngine.TheoremsFuel.0.doMatch.match_9.congr_eq_1	MatchingEngine.TheoremsFuel	0	0	true	true
Walk.WFr.own	Walk.RefineOuter	32	32	true	false
Matcher.Ext.rec	Matcher.Lang	121	134	true	true
EngineDbAbs.mem_absSide	Bridge.EngineDbAbs	567	571	true	true
Matcher.instDecidableEqVal.decEq	Matcher.Lang	55	55	false	false
MatcherRun.nI	Matcher.Run	33	34	false	false
Matcher.Ext.tFind.sizeOf_spec	Matcher.Lang	0	0	false	false
MatcherOuter.pos_of_ne._proof_1_1	Matcher.Outer	0	0	true	true
ProcessB.requestMayRest._sparseCasesOn_2	Bridge.ProcessB	77	81	true	true
MatcherInner.OCtx.isBuy	Matcher.Inner	163	163	false	true
doMatch_buy_preserves_bids	MatchingEngine.Theorems	85	123	false	false
_private.MatchingEngine.TheoremsFuel.0.doMatch.match_1.congr_eq_2	MatchingEngine.TheoremsFuel	0	0	true	true
EngineDbAbs.insLevel.eq_2	Bridge.EngineDbAbs	0	0	false	false
EngineDbAbs.instReprCStpMode.repr.match_1	Bridge.EngineDbAbs	0	0	true	true
_private.Matcher.Refines.0.Matcher.evalExpr.match_11.eq_14	Matcher.Refines	0	0	false	false
_private.Matcher.LoopEnv.0.Matcher.setOField.match_1.eq_1	Matcher.LoopEnv	0	0	false	false
insertDesc._unsafe_rec	MatchingEngine.Book	0	0	false	false
EngineDbAbs.absBook_uncrossed	Bridge.EngineDbAbs	657	671	false	false
MatcherLoop.dropS_facts	Matcher.LoopEnv	294	337	true	true
Matcher.LField.price.sizeOf_spec	Matcher.Lang	0	0	false	false
MatcherCancel.cancel_tree_length	Matcher.Cancel	658	670	true	true
_private.Bridge.EngineDbAbs.0.EngineDbAbs.decodeOrderType.match_1.eq_3	Bridge.EngineDbAbs	0	0	false	false
Matcher.execStmt.match_16	Matcher.Lang	0	0	true	true
MatcherCancel.cancel_queued	Matcher.Cancel	506	513	true	true
MatcherRun.oviews_iff	Matcher.Run	248	256	true	false
MatcherSpec.AtHead.rec	Matcher.SpecStep	216	223	false	false
EngineDbApi.Tree.recOn	Bridge.EngineDbApi	73	77	false	false
MatcherOuter.OInv.shape	Matcher.Outer	110	110	false	true
MatcherAccept.Static.price	Matcher.Accept	163	163	true	true
ProcessResult.rec	MatchingEngine.Process	124	127	false	false
Matcher.BinOp.and.sizeOf_spec	Matcher.Lang	0	0	false	false
_private.Matcher.Inner.0.EngineDbAbs.instReprCStpMode.repr.match_1.eq_5	Matcher.Inner	0	0	false	false
Matcher.mulU	Matcher.Lang	216	217	true	true
MatcherProgram.STP_CANCEL_NEW.eq_1	Matcher.Refines	0	0	false	false
Matcher.evalBin.eq_9	Matcher.Refines	0	0	false	false
MatcherRun.matcher_run_refines	Matcher.Run	632	639	false	false
MatcherSpec.afterMatch.eq_1	Matcher.SpecStep	0	0	false	false
_private.Bridge.EngineDbAbs.0.EngineDbAbs.decodeOrderType_isSome	Bridge.EngineDbAbs	174	176	false	false
MatcherRun.insertAsc_nL	Matcher.Run	297	306	true	false
instInhabitedSTPPolicy.default	MatchingEngine.Basic	49	49	false	false
NoRestingMarkets	MatchingEngine.Invariants	68	70	false	false
EngineDbAbs.pickBest	Bridge.EngineDbAbs	763	769	false	false
_private.Matcher.Logic.0.Matcher.instReprStmt.repr.match_1.eq_2	Matcher.Logic	0	0	false	false
_private.Matcher.Logic.0.Matcher.loopStep.match_3.eq_2	Matcher.Logic	0	0	false	false
Matcher.Print.cDefault	Matcher.Print	38	43	false	false
Matcher.LoopRun.recOn	Matcher.Logic	291	303	false	false
EngineDbAbs.instEngineDbAbsStore._proof_36	Bridge.EngineDbAbs	0	0	false	false
MatcherCancel.sum_map_erase._simp_1_4	Matcher.Cancel	0	0	true	true
EngineDbAbs.COrderType.noConfusionType	Bridge.EngineDbAbs	0	0	false	false
processOrder.eq_1	MatchingEngine.TheoremsFuel	0	0	false	false
Walk.CO.id	Walk.EquivMatch	49	49	true	false
insertOrder_preserves_AllInv	MatchingEngine.Theorems	1739	1759	false	false
EngineDbAbs.instEngineDbAbsStore._proof_49	Bridge.EngineDbAbs	0	0	false	false
Walk.WHead.hq	Walk.RefineInner	143	143	true	false
Matcher.evalExpr.eq_4	Matcher.Refines	0	0	false	false
EngineDbApi.EngineDb.tBest_law	Bridge.EngineDbApi	384	384	true	true
EngineDbAbs.COrderType.limit.sizeOf_spec	Bridge.EngineDbAbs	0	0	false	false
Walk.fr_facts	Walk.Refine	82	92	true	false
EngineDbAbs.stpGroupOf	Bridge.EngineDbAbs	114	116	true	true
EngineDbAbs.absBook	Bridge.EngineDbAbs	354	357	true	true
instBEqOrderType.beq	MatchingEngine.Basic	27	27	true	true
_private.Bridge.EngineDbAbs.0.EngineDbAbs.COrderType.tif.match_1.eq_3	Bridge.EngineDbAbs	0	0	false	false
_private.Matcher.SpecStep.0.doMatch.match_1.eq_1	Matcher.SpecStep	0	0	false	false
Walk.wctx	Walk.RefineInner	31	33	true	false
EngineDbApi.EngineDb.levelsUsed_hashRemove	Bridge.EngineDbApi	408	408	true	true
MatcherRest.insSpec.eq_1	Matcher.Rest	0	0	false	false
MatcherStore.Frame.mk._flat_ctor	Matcher.StoreStep	0	0	false	false
_private.Bridge.EngineDbApiLaws.0.EngineDbApi.levelPrice_upd_other	Bridge.EngineDbApiLaws	193	195	true	true
EngineDbApi.Tree.ofNat	Bridge.EngineDbApi	0	0	true	true
MatcherProgram.STP_CANCEL_BOTH.eq_1	Matcher.Refines	0	0	false	false
Walk.innerRun_ok	Walk.Basic	193	239	true	false
_private.Walk.EquivMatch.0.Walk.setHeadRem.match_1.eq_1	Walk.EquivMatch	0	0	false	false
_private.Matcher.Refines.0.Matcher.evalExpr.match_11.eq_9	Matcher.Refines	0	0	false	false
Walk.normC.eq_1	Walk.EquivMatch	0	0	false	false
MatcherLoop.crossCond	Matcher.LoopEnv	71	72	true	true
EngineDbAbs.absLevel	Bridge.EngineDbAbs	328	329	true	true
EngineDbApi.Db.queue	Bridge.EngineDbApi	82	82	true	true
_private.Walk.RefineInner.0.Matcher.Stmt.block.match_1.eq_3	Walk.RefineInner	0	0	true	false
Walk.tFind	Walk.Spec	126	128	true	false
process_preserves_AllInv	MatchingEngine.Theorems	3969	3978	false	false
Matcher.instReprProgram.repr	Matcher.Lang	172	172	false	false
EngineDbAbs.sortLevels_pairwise	Bridge.EngineDbAbs	524	531	true	true
process_emits_safe_trades	MatchingEngine.TheoremsFull	1377	1380	false	false
MatcherRefines.refines_duplicate	Matcher.Refines	713	725	true	true
Walk.Agree.obs	Walk.EquivEntry	104	106	false	false
Matcher.Ext.qInsertTail	Matcher.Lang	128	128	true	true
EngineDbAbs.instDecidableEqOrderView	Bridge.EngineDbAbs	379	379	false	false
insertOrder_buy_preserves_uncrossed._simp_1_8	MatchingEngine.Theorems	0	0	false	false
MatcherOuter.ev_free	Matcher.Outer	33	72	true	true
_private.Matcher.Accept.0.Matcher.instReprTy.repr.match_1.eq_5	Matcher.Accept	0	0	false	false
EngineDbApi.Db._sizeOf_inst	Bridge.EngineDbApi	0	0	false	false
EngineDbApi.LevelRow._sizeOf_1	Bridge.EngineDbApi	0	0	false	false
MatcherInner.inner_fill	Matcher.Inner	767	902	false	true
ProcessB.bidsSorted_of_pairwise'.match_1_1	Bridge.ProcessB	0	0	false	false
MatchResult._sizeOf_1	MatchingEngine.Match	0	0	false	false
EngineDbApi.Db.WF.hash_ids	Bridge.EngineDbApi	130	130	true	true
EngineDbAbs.COrderType.tif.eq_1	Bridge.EngineDbAbs	0	0	false	false
Walk.WHead.casesOn	Walk.RefineInner	139	159	false	false
Walk.mkTrade	Walk.Spec	168	177	true	false
ProcessB.TradeObs.casesOn	Bridge.ProcessB	112	118	true	true
MatchResult._sizeOf_inst	MatchingEngine.Match	0	0	false	false
EngineDbAbs.sideOfTree.match_1	Bridge.EngineDbAbs	0	0	true	true
ProcessResult.recOn	MatchingEngine.Process	124	127	false	false
MatcherLoop.ev_premWhen_zero	Matcher.LoopEnv	440	445	true	true
EngineDbAbs.absOrderAlloc	Bridge.EngineDbAbs	833	840	false	false
EngineDbApi.OrderRow.mk._flat_ctor	Bridge.EngineDbApi	0	0	false	false
_private.Matcher.Refines.0.EngineDbAbs.decodeStpMode.match_1.eq_2	Matcher.Refines	0	0	false	false
Matcher.Ty.bool.sizeOf_spec	Matcher.Lang	0	0	false	false
Walk.sideProc_agree._proof_1_4	Walk.Equiv	0	0	true	false
EngineDbAbs.OrderView.remainingQty	Bridge.EngineDbAbs	373	373	true	false
Matcher.Ext.orderFree.sizeOf_spec	Matcher.Lang	0	0	false	false
Matcher.runExt.eq_2	Matcher.Logic	0	0	false	false
EngineDbApi.EngineDb.count_levelAlloc	Bridge.EngineDbApi	389	389	true	true
Matcher.instDecidableEqOutcome.decEq._proof_2	Matcher.Lang	0	0	false	false
EngineDbApi.Tree.casesOn	Bridge.EngineDbApi	73	77	true	true
EngineDbAbs.toSpec_none_iff.match_1_2	Bridge.EngineDbAbs	0	0	false	false
Elegant.dispose_consumed_preserves	MatchingEngine.TheoremsElegant	117	128	false	false
Matcher.FunDef	Matcher.Lang	158	166	true	true
ProcessB.runB.match_1	Bridge.ProcessB	0	0	false	false
Walk.IR	Walk.EquivMatch	56	60	true	false
EngineDbAbs.instDecidableEqOrderView.decEq._proof_3	Bridge.EngineDbAbs	0	0	false	false
Matcher.Ty.u64	Matcher.Lang	39	39	true	true
EngineDbApi.levelAlloc_validO	Bridge.EngineDbApiLaws	558	563	false	false
_private.Matcher.Refines.0.Matcher.evalExpr.match_11.eq_3	Matcher.Refines	0	0	false	false
EngineDbApi.instDecidableEqOrderRow.decEq._proof_8	Bridge.EngineDbApi	0	0	false	false
Walk.sideL_popHead	Walk.Basic	30	32	true	false
EngineDbAbs.instEngineDbAbsStore._proof_42	Bridge.EngineDbAbs	0	0	false	false
doMatch_buy_output_stable._proof_1_1	MatchingEngine.Theorems	0	0	false	false
MatcherInner.inner_cancelNew	Matcher.Inner	439	458	false	true
EngineDbApi.qNext.post	Bridge.EngineDbApi	273	274	true	true
Matcher.BinOp.ofNat_ctorIdx	Matcher.Lang	0	0	false	false
doMatch_sell_output_stable._proof_1_3	MatchingEngine.Theorems	0	0	false	false
EngineDbAbs.absLevelAlloc	Bridge.EngineDbAbs	842	847	false	false
TradesOk_append_list	MatchingEngine.TheoremsFull	568	573	false	false
instBEqOrder	MatchingEngine.Order	32	32	false	false
MatcherOuter.MCtx.Ok.mk._flat_ctor	Matcher.Outer	0	0	false	false
stp_of_not_conflict	MatchingEngine.TheoremsFull	575	584	false	false
MatcherInner.IInv.aggr	Matcher.Inner	203	203	false	true
EngineDbAbs.OrderView.mk.noConfusion	Bridge.EngineDbAbs	0	0	true	true
_private.MatchingEngine.TheoremsFull.0.doMatch.match_7.eq_2	MatchingEngine.TheoremsFull	0	0	false	false
insertOrder_BookOkAt.match_1_1	MatchingEngine.TheoremsFull	0	0	false	false
Walk.Ctx.contra	Walk.Spec	149	149	true	false
EngineDbAbs.instDecidableEqCRequest.decEq._proof_7	Bridge.EngineDbAbs	0	0	false	false
EngineDbAbs.CRequest.rec	Bridge.EngineDbAbs	71	81	false	false
MatcherRest.rest_other_side	Matcher.Rest	772	796	true	true
OrderType.limit.elim	MatchingEngine.Basic	22	22	false	false
EngineDbAbs.decodeOrderType.match_1	Bridge.EngineDbAbs	0	0	true	true
MatcherRest.absQueue_append	Matcher.Rest	698	704	true	true
Matcher.Ty.ctorElim	Matcher.Lang	38	44	false	false
doMatch._unsafe_rec	MatchingEngine.Match	0	0	false	false
ProcessResult.mk.sizeOf_spec	MatchingEngine.Process	0	0	false	false
Matcher.BinOp.or.sizeOf_spec	Matcher.Lang	0	0	false	false
runFrom.match_1	MatchingEngine.TheoremsReachable	0	0	false	false
orderCount	MatchingEngine.Theorems	1864	1869	true	true
MatcherOuter.done_of	Matcher.Outer	135	141	false	true
EngineDbAbs.instReprOrderView.repr	Bridge.EngineDbAbs	379	379	false	false
EngineDbAbs.freshIn_not_mem._proof_1_1	Bridge.EngineDbAbs	0	0	false	false
EngineDbApi.Db.oLive	Bridge.EngineDbApi	86	86	true	true
Walk.step_sim	Walk.EquivMatch	158	331	true	false
EngineDbAbs.instEngineDbAbsStore._proof_28	Bridge.EngineDbAbs	0	0	false	false
_private.Matcher.Run.0.Matcher.instReprOutcome.repr.match_1.eq_1	Matcher.Run	0	0	false	false
Walk.outerRun_fr	Walk.RefineOuter	149	159	true	false
dispose_preserves_AllInv	MatchingEngine.Theorems	1761	1802	false	false
Matcher.runExt_qInsertTail	Matcher.Logic	503	507	true	true
MatcherRest.rest_prefix	Matcher.Rest	214	270	true	true
Matcher.OField.ctorIdx	Matcher.Lang	0	0	true	true
insertAsc_preserves_sorted	MatchingEngine.Theorems	968	1016	false	false
_private.Bridge.EngineDbAbs.0.EngineDbAbs.asksSorted_of_pairwise	Bridge.EngineDbAbs	544	553	false	false
_private.MatchingEngine.TheoremsFuel.0.processCascade.match_3.eq_3	MatchingEngine.TheoremsFuel	0	0	false	false
Matcher.Print.extReturns.match_1	Matcher.Print	0	0	false	false
Matcher.runExt.eq_6	Matcher.Logic	0	0	false	false
Walk.WHead.hrpos	Walk.RefineInner	153	153	false	false
ProcessB.ResultCode.rejectedUnsupported.elim	Bridge.ProcessB	51	51	false	false
mkStopLimit	MatchingEngine.Tests	32	37	false	false
Walk.sideL_setHeadRem.match_1	Walk.Basic	0	0	true	false
MatcherInner.OCtx.RL	Matcher.Inner	171	171	false	true
Matcher.instDecidableEqVal.decEq._proof_11	Matcher.Lang	0	0	false	false
Matcher.liveOrder.eq_2	Matcher.Logic	0	0	false	false
Matcher.Val.bool	Matcher.Lang	50	50	true	true
EngineDbAbs.OrderView.mk	Bridge.EngineDbAbs	365	365	true	true
Walk.outerRun	Walk.Spec	240	243	true	false
Matcher.Err.tradeBuffer.elim	Matcher.Lang	176	176	false	false
Matcher.FunDef.ctorIdx	Matcher.Lang	0	0	false	false
MatcherInner.IncShape.side	Matcher.Inner	36	36	true	true
instReprSide.repr	MatchingEngine.Basic	19	19	false	false
Side.noConfusionType	MatchingEngine.Basic	0	0	false	false
Side.noConfusion	MatchingEngine.Basic	16	19	false	false
MatcherInner.OCtx.tm	Matcher.Inner	166	166	false	true
Matcher.Eval.skip	Matcher.Logic	212	212	true	true
Matcher.evalExpr.match_5	Matcher.Lang	0	0	true	true
test_complexSequence	MatchingEngine.Tests	301	315	false	false
_private.Matcher.Logic.0.Matcher.loopStep.match_3.eq_4	Matcher.Logic	0	0	false	false
MatcherCancel.sum_map_erase.match_1_1	Matcher.Cancel	0	0	true	true
Walk.reject.eq_1	Walk.Basic	0	0	false	false
EngineDbAbs.BookView	Bridge.EngineDbAbs	395	401	true	true
process_all_fuel_stable._proof_1_32	MatchingEngine.TheoremsFuel	0	0	false	false
MatcherInner.HeadFacts.rec	Matcher.Inner	354	377	false	false
EngineDbApi.orderAlloc_validL	Bridge.EngineDbApiLaws	568	572	false	false
MatcherInner.OCtx.C0	Matcher.Inner	168	168	false	true
MatcherInner.HeadFacts.hq	Matcher.Inner	358	358	false	true
MatcherAccept.SpecOrd.recOn	Matcher.Accept	25	40	false	false
Walk.WR.mk	Walk.RefineInner	39	39	true	false
EngineDbAbs.CRequest.ctorIdx	Bridge.EngineDbAbs	0	0	false	false
MatcherAccept.SpecOrd.rem	Matcher.Accept	34	34	true	true
OrderStatus.rec	MatchingEngine.Basic	36	42	true	true
MatcherLoop.ev_emit	Matcher.LoopEnv	430	438	true	true
_private.MatchingEngine.TheoremsFull.0.convertStop.match_1.splitter	MatchingEngine.TheoremsFull	0	0	false	false
OrderType.noConfusion	MatchingEngine.Basic	21	27	false	false
MatcherInner.core_facts._proof_1_1	Matcher.Inner	0	0	false	true
Matcher.Val._sizeOf_inst	Matcher.Lang	0	0	false	false
Walk.CO_of	Walk.Equiv	159	168	true	false
MatcherRun.oviews_iff._simp_1_1	Matcher.Run	0	0	false	false
Order.timestamp	MatchingEngine.Order	29	29	true	true
MatcherProgram.processOrderStmts.eq_1	Matcher.Refines	0	0	false	false
MatcherAccept.SpecOrd.tif	Matcher.Accept	31	31	true	true
Matcher.evalBin.eq_3	Matcher.Refines	0	0	false	false
MatcherOuter.MCtx.Ok.req	Matcher.Outer	98	98	false	true
Walk.WCore.premN	Walk.RefineInner	298	298	true	false
EngineDbApi.Db.WF	Bridge.EngineDbApi	122	139	true	true
BookState.mk.noConfusion	MatchingEngine.Book	0	0	true	false
_private.Matcher.SpecStep.0.wouldCross.match_1.eq_1	Matcher.SpecStep	0	0	false	false
MatcherLoop.umin_toNat	Matcher.LoopEnv	370	374	true	true
Matcher.instDecidableEqOutcome.decEq._proof_3	Matcher.Lang	0	0	false	false
MatcherSpec.step_cancelOld	Matcher.SpecStep	244	253	true	true
_private.Bridge.EngineDbApiLaws.0.EngineDbApi.levelAlloc.post.match_1.splitter	Bridge.EngineDbApiLaws	0	0	false	false
Matcher.OField.toCtorIdx	Matcher.Lang	0	0	false	false
MatcherLoop.Loc.fill	Matcher.LoopEnv	150	150	true	true
MatcherLoop.set_best	Matcher.LoopEnv	195	197	true	true
MatcherSpec.doMatch_fuel_stable	Matcher.SpecStep	67	99	true	true
EngineDbApi.EngineDb.levelsUsed_tRemove	Bridge.EngineDbApi	412	412	true	true
BookUncrossed_with_clock	MatchingEngine.Theorems	194	197	false	false
MatcherRefines.decodeOrderType_market_iff	Matcher.Refines	200	204	true	true
Matcher.boundVal.eq_2	Matcher.LoopEnv	0	0	false	false
Matcher.evalExpr.match_3	Matcher.Lang	0	0	true	true
Matcher.Err.noReturn.elim	Matcher.Lang	176	176	false	false
EngineDbAbs.CStpMode.policy.eq_1	Matcher.Inner	0	0	false	false
RestOk_of_head	MatchingEngine.TheoremsFull	212	219	false	false
Walk.WCore.fN	Walk.RefineInner	296	296	true	false
Order.mk.noConfusion	MatchingEngine.Order	0	0	true	true
EngineDbApi.instDecidableEqLevelRow	Bridge.EngineDbApi	71	71	false	false
Matcher.Stmt.loop.injEq	Matcher.Lang	0	0	false	false
EngineDbAbs.CRequest.side	Bridge.EngineDbAbs	76	76	true	true
MatcherRun.doMatch_congr	Matcher.Run	209	213	false	false
MatcherLoop.ev_qNextN	Matcher.LoopEnv	281	285	true	true
Walk.WF.cap64	Walk.EquivEntry	21	21	true	false
TimeInForce.ioc	MatchingEngine.Basic	31	31	true	true
ProcessB.instReprReq.repr	Bridge.ProcessB	46	46	false	false
Matcher.instReprExpr.repr._sunfold	Matcher.Lang	0	0	false	false
EngineDbAbs.instDecidableEqCRequest.decEq._proof_5	Bridge.EngineDbAbs	0	0	false	false
EngineDbAbs.CStpMode.ofNat_ctorIdx	Bridge.EngineDbAbs	0	0	false	false
Walk.sideL_insertOrder	Walk.Equiv	120	128	true	false
_private.Matcher.Refines.0.EngineDbAbs.decodeStpMode.match_1.eq_5	Matcher.Refines	0	0	false	false
_private.Matcher.Logic.0.Matcher.loopStep.match_6.splitter	Matcher.Logic	0	0	true	true
EngineDbApi.EngineDb.count_tInsert	Bridge.EngineDbApi	397	397	true	true
MatcherRefines.qmax_toNat	Matcher.Refines	361	364	true	true
TimeInForce.fok.elim	MatchingEngine.Basic	32	32	false	false
runAllTests	MatchingEngine.Tests	352	371	false	false
EngineDbApi.tInsert.post	Bridge.EngineDbApi	291	292	true	true
EngineDbAbs.instEngineDbAbsStore._proof_32	Bridge.EngineDbAbs	0	0	false	false
Order.postOnly	MatchingEngine.Order	27	27	true	true
Matcher.Ext.owner.elim	Matcher.Lang	129	129	false	false
_private.Matcher.SpecStep.0.insertOrder.match_1.eq_2	Matcher.SpecStep	0	0	false	false
OrderStatus.partiallyFilled.elim	MatchingEngine.Basic	38	38	false	false
Walk.outerRun_stable.match_1_1	Walk.Basic	0	0	false	false
_private.Matcher.Logic.0.Matcher.execStmt.match_18.splitter	Matcher.Logic	0	0	false	false
MatcherRefines.ev_check4._simp_1_52	Matcher.Refines	0	0	false	false
_private.Matcher.Logic.0.Matcher.loopStep.match_3.eq_3	Matcher.Logic	0	0	true	true
MatcherOuter.outer_loop	Matcher.Outer	413	438	false	true
Walk.WR.mem	Walk.RefineInner	42	42	true	false
Side.toCtorIdx	MatchingEngine.Basic	0	0	false	false
MatcherInner.SInv.mk._flat_ctor	Matcher.Inner	0	0	false	false
MatcherOuter.canMatch_iff._simp_1_2	Matcher.Outer	0	0	false	true
MatcherRefines.dupSt.eq_1	Matcher.Refines	0	0	false	false
Matcher.Print.stmt	Matcher.Print	130	155	false	false
instDecidableEqOrderType	MatchingEngine.Basic	27	27	true	true
MatcherProgram.STP_CANCEL_NEW	Matcher.Program	46	46	true	true
Matcher.Bound.ctorElim	Matcher.Lang	113	119	false	false
MatcherRest.rest_run._proof_1_6	Matcher.Rest	0	0	true	true
Walk.removeLevelOrder_keep	Walk.EquivEntry	171	184	true	false
MatcherInner.Core.q1	Matcher.Inner	570	570	false	true
MatcherOuter.pos_of_ne	Matcher.Outer	374	377	true	true
_private.Walk.EquivMatch.0.Walk.owner.match_1.splitter	Walk.EquivMatch	0	0	false	false
doMatch_preserves_SideOk	MatchingEngine.TheoremsFull	229	386	false	false
EngineDbAbs.CStpMode.policy.eq_2	Matcher.Inner	0	0	false	false
doMatch_buy_preserves_inc_orderType	MatchingEngine.Theorems	1551	1588	false	false
Matcher.Stmt.block._unsafe_rec	Matcher.Lang	0	0	false	false
MatcherLoop.Loc.lvl	Matcher.LoopEnv	153	153	true	true
Matcher.Stmt.seq.inj	Matcher.Lang	0	0	false	false
MatcherInner.OCtx.mk.injEq	Matcher.Inner	0	0	false	false
_private.MatchingEngine.Theorems.0.totalRemaining_foldl_acc	MatchingEngine.Theorems	3284	3309	true	true
MatcherRefines.refines_static	Matcher.Refines	708	711	true	true
Walk.State.mk.injEq	Walk.Spec	0	0	false	false
Walk.State.noConfusionType	Walk.Spec	0	0	false	false
EngineDbAbs.CRequest.account	Bridge.EngineDbAbs	75	75	true	true
Walk.Agree.refl	Walk.EquivEntry	102	102	true	false
Walk.WCore.mk._flat_ctor	Walk.RefineInner	0	0	false	false
process_all_fuel_stable._proof_1_16	MatchingEngine.TheoremsFuel	0	0	false	false
ProcessB.Req.noConfusionType	Bridge.ProcessB	0	0	false	false
EngineDbAbs.ownerIn	Bridge.EngineDbAbs	817	819	false	false
processOrder_preserves_uncrossed	MatchingEngine.Theorems	3947	3952	false	false
MatcherInner.OCtx.Ok.casesOn	Matcher.Inner	175	184	false	false
EngineDbAbs.AbsStore.casesOn	Bridge.EngineDbAbs	715	719	false	false
Walk.restOrder	Walk.Spec	245	254	true	false
Walk.innerStep	Walk.Spec	183	214	true	false
_private.Walk.EquivEntry.0.cancelOrder.match_1.eq_2	Walk.EquivEntry	0	0	false	false
Matcher.Program.mk	Matcher.Lang	168	168	true	true
PriceLevel.noConfusion	MatchingEngine.Book	11	14	true	false
test_largeStopCascade	MatchingEngine.Tests	281	299	false	false
Walk.OW.sub	Walk.EquivMatch	534	534	true	false
instDecidableEqOrder.decEq._proof_6	MatchingEngine.Order	0	0	true	true
Walk.rem_zero_of_prem_pos	Walk.Basic	64	65	true	false
test_fok	MatchingEngine.Tests	140	148	false	false
test_appendixB	MatchingEngine.Tests	80	102	false	false
ProcessB.runB.eq_2	Matcher.Run	0	0	false	false
_private.Bridge.EngineDbAbs.0.EngineDbAbs.absBook_RestOk._proof_1_2	Bridge.EngineDbAbs	0	0	false	false
Matcher.OField.remaining.elim	Matcher.Lang	73	73	false	false
EngineDbAbs.better_trans	Bridge.EngineDbAbs	753	755	false	false
ProcessB.processB_preserves_ProcessInv	Bridge.ProcessB	426	452	false	false
EngineDbAbs.instEngineDbAbsStore._proof_50	Bridge.EngineDbAbs	0	0	false	false
MatcherCancel.findSome_side_some	Matcher.Cancel	356	363	true	true
EngineDbApi.readOrder.pre	Bridge.EngineDbApi	184	185	false	false
Matcher.Stmt.call.injEq	Matcher.Lang	0	0	false	false
Walk.wrefines_of_refines	Walk.Refine	442	447	true	false
Matcher.execStmt._sparseCasesOn_11	Matcher.Lang	469	544	true	true
_private.MatchingEngine.Theorems.0.bookUncrossedB.match_1.eq_1	MatchingEngine.Theorems	0	0	false	false
Matcher.St.store	Matcher.Lang	185	185	true	true
EngineDbAbs.CStpMode.ctorElimType	Bridge.EngineDbAbs	0	0	false	false
EngineDbAbs.prioB.eq_1	Bridge.EngineDbAbs	0	0	false	false
MatcherOuter.OInv.trades	Matcher.Outer	111	111	false	true
stopW.eq_1	MatchingEngine.TheoremsFuel	0	0	false	false
Matcher.LField.count.elim	Matcher.Lang	79	79	false	false
Matcher.Ext.ctorElimType	Matcher.Lang	0	0	false	false
MatcherProgram.not'	Matcher.Program	72	72	true	true
Matcher.Stmt.seq	Matcher.Lang	138	138	true	true
_private.Matcher.Refines.0.ProcessB.processB.match_5.eq_2	Matcher.Refines	0	0	false	false
MatcherRun.run_from	Matcher.Run	604	630	false	false
Matcher.exec_call	Matcher.Logic	94	107	true	true
ProcessB.uncrossed_asks	Bridge.ProcessB	259	280	false	false
Elegant.doMatch_trichotomy.match_1	MatchingEngine.TheoremsElegant	0	0	false	false
stopW_pos	MatchingEngine.TheoremsFuel	148	151	false	false
MatcherRest.absQueue_append.match_1_1	Matcher.Rest	0	0	true	true
EngineDbAbs.mem_insLevel._simp_1_4	Bridge.EngineDbAbs	0	0	true	true
EngineDbAbs.CStpMode.ofNat	Bridge.EngineDbAbs	0	0	false	false
stpGuaranteeB.match_1	MatchingEngine.Invariants	0	0	false	false
Matcher.Err.invalidHandle	Matcher.Lang	175	175	true	true
MatcherRefines.Eval.retcode	Matcher.Refines	303	304	true	true
Walk.WR	Walk.RefineInner	38	50	true	false
Matcher.loopFinish.eq_1	Matcher.Logic	0	0	false	false
Walk.modHead.match_1	Walk.Spec	0	0	true	false
EngineDbAbs.instDecidableEqOrderView.decEq._proof_14	Bridge.EngineDbAbs	0	0	false	false
Matcher.runExt_qNext	Matcher.Logic	456	459	true	true
MatcherSpec.bidsOf.eq_1	Matcher.SpecStep	0	0	false	false
Matcher.lookupFun.eq_1	Matcher.Refines	0	0	false	false
EngineDbApi.readOrder_writeOrder_same	Bridge.EngineDbFrame	24	28	false	false
EngineDbAbs.instEngineDbAbsStore._proof_25	Bridge.EngineDbAbs	0	0	false	false
MatcherSpec.AtHead.rem	Matcher.SpecStep	225	226	true	true
EngineDbAbs.instDecidableEqLevelView	Bridge.EngineDbAbs	390	390	false	false
Matcher.Ext.tFind.injEq	Matcher.Lang	0	0	false	false
MatcherRefines.absQueue_ids.match_1_1	Matcher.Refines	0	0	true	true
Matcher.inAnyTreeB.eq_1	Matcher.Cancel	0	0	false	false
Matcher.UnOp.toCtorIdx	Matcher.Lang	0	0	false	false
Matcher.inHashB	Matcher.Lang	251	251	true	true
MatcherLoop.crossB.eq_1	Matcher.LoopEnv	0	0	false	false
MatcherStore.InvM.mk	Matcher.StoreStep	392	392	true	true
Matcher.St.trades	Matcher.Lang	187	187	true	true
MatcherOuter.outer_body._proof_1_4	Matcher.Outer	0	0	false	true
Walk.hashFind.eq_1	Walk.EquivEntry	0	0	false	false
Matcher.liveLevel	Matcher.Lang	291	294	true	true
Matcher.liveLevel._sparseCasesOn_1	Matcher.Lang	291	294	true	true
EngineDbApi.Db.WF.hash_live	Bridge.EngineDbApi	128	128	true	true
instReprTrade.repr	MatchingEngine.Order	45	45	false	false
EngineDbApi.EngineDb.levelCount	Bridge.EngineDbApi	328	328	true	true
Matcher.evalBin._sparseCasesOn_4	Matcher.Lang	223	238	true	true
MatcherCancel.cancelDb_levels_of_ne	Matcher.Cancel	173	177	true	true
Matcher.Ty.default.eq_5	Matcher.Refines	0	0	false	false
MatchResult.recOn	MatchingEngine.Match	21	27	false	false
_private.Walk.RefineInner.0.Walk.sideL_setHeadRem.match_1.eq_1	Walk.RefineInner	0	0	false	false
MatcherInner.SInv.mk	Matcher.Inner	187	187	false	true
_private.Bridge.EngineDbAbs.0.EngineDbAbs.decodeSide.match_1.eq_3	Bridge.EngineDbAbs	0	0	false	false
ProcessResult.trades	MatchingEngine.Process	126	126	true	true
MatcherRefines.idOnBook_absBook._simp_1_1	Matcher.Refines	0	0	true	true
MatcherLoop.ev_stpCond	Matcher.LoopEnv	454	465	true	true
MatcherLoop.set_rem	Matcher.LoopEnv	191	192	true	true
insertDesc_preserves_sorted	MatchingEngine.Theorems	912	966	false	false
_private.Matcher.Logic.0.Matcher.execStmt_loop_eq.match_3.splitter	Matcher.Logic	0	0	false	false
EngineDbAbs.ClientInv.rec	Bridge.EngineDbAbs	429	450	false	false
_private.MatchingEngine.Theorems.0.bidsSortedDescB_modify_head	MatchingEngine.Theorems	807	820	false	false
_private.Matcher.Accept.0.EngineDbAbs.CRequest.toSpec.match_1.eq_1	Matcher.Accept	0	0	false	false
MatcherRefines.argsOf.eq_2	Matcher.Refines	0	0	false	false
insertDesc.eq_2	MatchingEngine.TheoremsFull	0	0	false	false
Matcher.Stmt.emit.elim	Matcher.Lang	148	149	false	false
MatcherRefines.processB_after_static	Matcher.Refines	597	648	true	true
Matcher.getOField.eq_3	Matcher.Cancel	0	0	false	false
mkLimit	MatchingEngine.Tests	18	23	false	false
insertOrder_sell_preserves_uncrossed	MatchingEngine.Theorems	340	396	false	false
EngineDbAbs.OrderView.recOn	Bridge.EngineDbAbs	363	379	false	false
BookState.ctorIdx	MatchingEngine.Book	0	0	false	false
_private.Matcher.Refines.0.Matcher.bindParams.match_1.eq_2	Matcher.Refines	0	0	false	false
Walk.innerRun.eq_2	Walk.Basic	0	0	false	false
EngineDbAbs.absQueue._sunfold	Bridge.EngineDbAbs	0	0	false	false
MatcherStore.drop_restingCount._proof_1_5	Matcher.StoreStep	0	0	true	true
_private.Matcher.Accept.0.wouldCross.match_1.eq_1	Matcher.Accept	0	0	false	false
Walk.setHeadRem.eq_1	Walk.EquivMatch	0	0	false	false
Walk.getAccount	Walk.Spec	72	74	true	false
ProcessB.ResultCode.rejectedCapacity.elim	Bridge.ProcessB	54	54	false	false
EngineDbAbs.instEngineDbAbsStore._proof_30	Bridge.EngineDbAbs	0	0	false	false
_private.Bridge.EngineDbAbs.0.EngineDbAbs.prioB_trans	Bridge.EngineDbAbs	472	474	true	true
processCascade.eq_2	MatchingEngine.TheoremsFuel	0	0	false	false
test_amendQtyDecrease	MatchingEngine.Tests	259	268	false	false
PriceLevel._sizeOf_1	MatchingEngine.Book	0	0	false	false
EngineDbApi.instDecidableEqOrderRow.decEq._proof_6	Bridge.EngineDbApi	0	0	false	false
Matcher.loopRun_core	Matcher.Logic	351	390	true	true
Matcher.instDecidableEqBinOp._proof_1	Matcher.Lang	0	0	false	false
_private.Walk.EquivMatch.0.Walk.normC.match_1.splitter	Walk.EquivMatch	0	0	false	false
EngineDbAbs.absLevelAlloc.eq_1	Bridge.EngineDbAbs	0	0	false	false
EngineDbApi.Db.WF.recOn	Bridge.EngineDbApi	122	139	false	false
Matcher.LField	Matcher.Lang	76	80	true	true
Matcher.FunDef.casesOn	Matcher.Lang	158	166	false	false
_private.MatchingEngine.Theorems.0.wouldCross_false_nonCross	MatchingEngine.Theorems	3901	3941	false	false
EngineDbAbs.CStpMode.cancelOld	Bridge.EngineDbAbs	66	66	true	true
MatcherRest.ev_newLevel_skip	Matcher.Rest	295	297	true	true
Matcher.Print.lField	Matcher.Print	49	50	false	false
Walk.WR.mk._flat_ctor	Walk.RefineInner	0	0	false	false
Matcher.OField.price.sizeOf_spec	Matcher.Lang	0	0	false	false
Matcher.Outcome.casesOn	Matcher.Lang	179	182	true	true
Matcher.Outcome.ctorIdx	Matcher.Lang	0	0	true	true
Matcher.FunDef.params	Matcher.Lang	160	160	true	true
EngineDbAbs.instDecidableEqOrderView.decEq._proof_5	Bridge.EngineDbAbs	0	0	false	false
test_bug2.match_1	MatchingEngine.Tests	0	0	false	false
doMatch_asks_of_sell	MatchingEngine.TheoremsFull	422	432	false	false
Matcher.bindParams._unsafe_rec	Matcher.Lang	0	0	false	false
Matcher.evalExpr._sparseCasesOn_11	Matcher.Lang	304	354	true	true
Walk.WR.best	Walk.RefineInner	43	43	true	false
Walk.Ctx.cap	Walk.Spec	145	145	true	false
Matcher.Stmt.seq.sizeOf_spec	Matcher.Lang	0	0	false	false
MatcherInner.IInv.sinv	Matcher.Inner	199	199	false	true
ProcessResult.casesOn	MatchingEngine.Process	124	127	false	false
MatcherRun.srch	Matcher.Run	343	345	false	false
Matcher.Ext.qFirst.sizeOf_spec	Matcher.Lang	0	0	false	false
doMatch.induct_unfolding	MatchingEngine.TheoremsFuel	0	0	true	true
ProcessB.mem_removeLevelOrder	Bridge.ProcessB	188	201	false	false
EngineDbApi.EngineDb.levelAlloc	Bridge.EngineDbApi	322	322	true	true
_private.Matcher.Refines.0.EngineDbAbs.decodeSide.match_1.eq_2	Matcher.Refines	0	0	false	false
EngineDbAbs.OrderView.visibleQty	Bridge.EngineDbAbs	376	376	true	false
_private.Matcher.Refines.0.Matcher.instReprTy.repr.match_1.eq_4	Matcher.Refines	0	0	false	false
Walk.restOrder.eq_1	Walk.Equiv	0	0	false	false
Matcher.Expr.isNullL.inj	Matcher.Lang	0	0	false	false
needOrder_le_computeProcessFuel._proof_1_1	MatchingEngine.TheoremsFuel	0	0	false	false
_private.Bridge.EngineDbAbs.0.EngineDbAbs.le_sum_map_of_mem.match_1_1	Bridge.EngineDbAbs	0	0	false	false
MatcherAccept.SpecOrd.casesOn	Matcher.Accept	25	40	false	false
MatcherInner.RowView.disp	Matcher.Inner	87	87	false	true
cancelOrder	MatchingEngine.Cancel	25	32	true	true
matchMeasure.eq_1	Matcher.SpecStep	0	0	false	false
ProcessB.postOnlyCode	Bridge.ProcessB	86	92	true	true
doMatch._sunfold	MatchingEngine.Match	0	0	false	false
_private.MatchingEngine.TheoremsFull.0.doMatch.match_5.eq_2	MatchingEngine.TheoremsFull	0	0	false	false
Matcher.Expr.lit.inj	Matcher.Lang	0	0	false	false
Order.tif	MatchingEngine.Order	19	19	true	true
Matcher.Stmt._sizeOf_1	Matcher.Lang	0	0	false	false
EngineDbAbs.CRequest.mk.sizeOf_spec	Bridge.EngineDbAbs	0	0	false	false
Matcher.Stmt.ite	Matcher.Lang	140	140	true	true
MatcherSpec.mm_mod'._proof_1_1	Matcher.SpecStep	0	0	true	true
EngineDbAbs.COrderType.specPrice	Bridge.EngineDbAbs	138	142	true	true
_private.Walk.EquivEntry.0.Walk.modHead.match_1.splitter	Walk.EquivEntry	0	0	false	false
_private.Bridge.EngineDbAbs.0.EngineDbAbs.absSide_SideOk	Bridge.EngineDbAbs	650	655	false	false
Matcher.BinOp.noConfusion	Matcher.Lang	86	90	false	false
MatcherStore.free_tree_length._proof_1_2	Matcher.StoreStep	0	0	true	true
Walk.GoodL	Walk.EquivMatch	504	504	true	false
MatcherRest.join_queued	Matcher.Rest	543	551	true	true
Matcher.asU64.eq_2	Matcher.Logic	0	0	false	false
Walk.State.stop	Walk.Spec	165	165	true	false
Matcher.setOField.eq_6	Matcher.LoopEnv	0	0	false	false
instReprOrderType	MatchingEngine.Basic	27	27	false	false
EngineDbAbs.BookView.bids	Bridge.EngineDbAbs	398	398	false	false
Matcher.liveOrder_some	Matcher.Logic	438	439	true	true
stopW_partition	MatchingEngine.TheoremsFuel	133	141	false	false
_private.Bridge.EngineDbAbs.0.EngineDbAbs.tree_levels_distinct	Bridge.EngineDbAbs	555	561	true	true
Order.orderType	MatchingEngine.Order	18	18	true	true
EngineDbAbs.OrderView.minQty	Bridge.EngineDbAbs	374	374	true	false
MatcherInner.RowView.rec	Matcher.Inner	82	88	false	false
ProcessB.Obs.noConfusionType	Bridge.ProcessB	0	0	false	false
Matcher.BinOp.sub	Matcher.Lang	87	87	true	true
MatcherLoop.Loc.passive._default	Matcher.LoopEnv	0	0	false	false
Matcher.lookupVar	Matcher.Lang	193	196	true	true
EngineDbApi.Db.ctorIdx	Bridge.EngineDbApi	0	0	false	false
MatcherInner.count_pos_of_head	Matcher.Inner	755	765	false	true
Matcher.Stmt.ret.elim	Matcher.Lang	150	150	false	false
insertOrder_buy_preserves_asks	MatchingEngine.Theorems	235	242	false	false
STPPolicy.ctorElim	MatchingEngine.Basic	44	49	false	false
EngineDbAbs.decodeStpMode.eq_1	Matcher.Inner	0	0	false	false
EngineDbAbs.absBook_level_consistent	Bridge.EngineDbAbs	632	637	false	false
matchOrder_clock_gt	MatchingEngine.TheoremsFull	749	755	false	false
MatcherInner.IncShape.upd	Matcher.Inner	42	44	true	true
BookState.stops	MatchingEngine.Book	20	20	true	true
List.lookup.eq_1	Matcher.Refines	0	0	false	false
orderCount_drop_head_order._proof_1_1	MatchingEngine.Theorems	0	0	true	true
_private.Bridge.EngineDbApiLaws.0.EngineDbApi.better.match_1.splitter	Bridge.EngineDbApiLaws	0	0	false	false
_private.MatchingEngine.TheoremsFuel.0.processCascade.match_3.eq_2	MatchingEngine.TheoremsFuel	0	0	false	false
_private.Walk.EquivEntry.0.findOrderOnBook.match_1.splitter	Walk.EquivEntry	0	0	false	false
EngineDbApi.EngineDb.view	Bridge.EngineDbApi	318	318	true	true
mkMarket	MatchingEngine.Tests	25	30	false	false
_private.Matcher.Refines.0.Matcher.evalBin.match_1.eq_12	Matcher.Refines	0	0	false	false
EngineDbAbs.CRequest.price	Bridge.EngineDbAbs	79	79	true	true
Walk.absQueue_ids.match_1_1	Walk.WFInv	0	0	true	false
MatcherStore.ClientInvM.uncrossed	Matcher.StoreStep	169	169	true	true
Matcher.runExt.eq_8	Matcher.Logic	0	0	false	false
orderCount_drop_head_order._proof_1_2	MatchingEngine.Theorems	0	0	true	true
EngineDbAbs.OrderView._sizeOf_1	Bridge.EngineDbAbs	0	0	false	false
_private.MatchingEngine.Theorems.0.asksSortedAscB_tail	MatchingEngine.Theorems	770	779	false	false
Walk.idOnBook_of_view	Walk.Refine	53	65	true	false
Walk.outerRun.eq_def	Walk.Basic	0	0	true	false
Matcher.Expr.capacity.sizeOf_spec	Matcher.Lang	0	0	false	false
OrderType.stopMarket.sizeOf_spec	MatchingEngine.Basic	0	0	false	false
Matcher.Err.unbound.elim	Matcher.Lang	175	175	false	false
Matcher.LField.ctorElim	Matcher.Lang	76	80	false	false
Walk.innerStep_frame.match_1_1	Walk.EquivMatch	0	0	true	false
_private.Walk.Basic.0.Walk.process.match_1.splitter	Walk.Basic	0	0	false	false
_private.Bridge.EngineDbApiLaws.0.EngineDbApi.levelAlloc.post.match_1.eq_2	Bridge.EngineDbApiLaws	0	0	false	false
Matcher.getOField.eq_5	Matcher.Cancel	0	0	false	false
stopW_partition._proof_1_1	MatchingEngine.TheoremsFuel	0	0	false	false
Matcher.instReprOField.repr	Matcher.Lang	74	74	false	false
_private.Matcher.Inner.0.EngineDbAbs.instReprCStpMode.repr.match_1.eq_2	Matcher.Inner	0	0	false	false
EngineDbAbs.instDecidableEqOrderView.decEq.match_1	Bridge.EngineDbAbs	0	0	false	false
Matcher.FunDef.mk.sizeOf_spec	Matcher.Lang	0	0	false	false
Walk.sideL_setSideL_twice	Walk.EquivEntry	331	332	true	false
Walk.outerRun_ok.match_1_9	Walk.Basic	0	0	true	false
STPPolicy.rec	MatchingEngine.Basic	44	49	true	true
Matcher.Print.funDef	Matcher.Print	159	165	false	false
orderSum.eq_2	Matcher.SpecStep	0	0	false	false
Walk.WHead.hside	Walk.RefineInner	144	144	true	false
Walk.setSideL	Walk.Spec	49	51	true	false
Matcher.Stmt.ext.inj	Matcher.Lang	0	0	false	false
EngineDbApi.LevelRow.mk.noConfusion	Bridge.EngineDbApi	0	0	false	false
MatcherCancel.mem_cancel_tree.match_1_1	Matcher.Cancel	0	0	true	true
MatcherInner.OCtx.Ok.wf	Matcher.Inner	180	180	false	false
EngineDbAbs.better_trans._proof_1_2	Bridge.EngineDbAbs	0	0	false	false
Walk.best_frame	Walk.RefineInner	240	245	true	false
Matcher.Expr.nullO.sizeOf_spec	Matcher.Lang	0	0	false	false
insertAsc_SideOk	MatchingEngine.TheoremsFull	661	687	false	false
Walk.sideProc_agree._simp_1_3	Walk.Equiv	0	0	true	false
instBEqSTPPolicy	MatchingEngine.Basic	49	49	false	false
MatchResult.sameSide	MatchingEngine.Theorems	35	37	false	false
ProcessB.instDecidableEqTradeObs.decEq._proof_2	Bridge.ProcessB	0	0	false	false
MatcherCancel.cancel_side_view._simp_1_5	Matcher.Cancel	0	0	true	true
MatcherRest.appAt	Matcher.Rest	53	55	true	true
MatcherStore.prioB_of_better	Matcher.StoreStep	34	38	true	true
MatcherRefines.Inv.levels_eq	Matcher.Refines	96	96	true	true
OrderType.market	MatchingEngine.Basic	23	23	true	true
Matcher.Expr.var.sizeOf_spec	Matcher.Lang	0	0	false	false
Walk.WR.passive	Walk.RefineInner	50	50	true	false
Matcher.Expr.isNullO.elim	Matcher.Lang	101	101	false	false
process_all_fuel_stable._proof_1_6	MatchingEngine.TheoremsFuel	0	0	false	false
process_all_fuel_stable._proof_1_13	MatchingEngine.TheoremsFuel	0	0	false	false
Walk.w_side_cont	Walk.Refine	146	299	true	false
Matcher.Ext.tBest.sizeOf_spec	Matcher.Lang	0	0	false	false
Walk.innerTest	Walk.Spec	179	181	true	false
MatcherRefines.ev_check4	Matcher.Refines	327	329	true	true
Matcher.Err.fuel.elim	Matcher.Lang	176	176	false	false
totalRemaining_drop_head_order._proof_1_1	MatchingEngine.Theorems	0	0	true	true
Matcher.instDecidableEqVal.decEq._proof_30	Matcher.Lang	0	0	false	false
MatcherAccept.SpecOrd.rec	Matcher.Accept	25	40	false	false
MatcherSpec.done_of_cancelled	Matcher.SpecStep	171	173	true	true
MatcherRefines.ev_capcheck._simp_1_53	Matcher.Refines	0	0	true	true
_private.Matcher.Rest.0.Except.map.match_1.eq_2	Matcher.Rest	0	0	false	false
Side.recOn	MatchingEngine.Basic	16	19	false	false
Matcher.OField.ofNat_ctorIdx	Matcher.Lang	0	0	true	true
doMatch_sell_preserves_asks	MatchingEngine.Theorems	125	162	false	false
MatcherLoop.Loc.prem._default	Matcher.LoopEnv	0	0	false	false
reachable_all_invariants	MatchingEngine.TheoremsReachable	155	175	false	false
MatcherAccept.ev_po_skip	Matcher.Accept	247	249	true	true
EngineDbApi.qInsertTail_preserves_WF._simp_1_2	Bridge.EngineDbApiLaws	0	0	true	true
MatcherInner.OCtx.own	Matcher.Inner	165	165	false	true
processOrder._unsafe_rec	MatchingEngine.Process	0	0	false	false
Matcher.Ty.noConfusion	Matcher.Lang	38	44	false	false
MatcherSpec.rest_done	Matcher.SpecStep	182	184	true	true
_private.Matcher.Logic.0.Matcher.execStmt_loop_eq.match_1.eq_3	Matcher.Logic	0	0	false	false
_private.MatchingEngine.Theorems.0.doMatch.match_5.eq_4	MatchingEngine.Theorems	0	0	false	false
Walk.CO.side	Walk.EquivMatch	47	47	true	false
EngineDbAbs.CRequest.mk._flat_ctor	Bridge.EngineDbAbs	0	0	false	false
Walk.tRemove.eq_1	Walk.EquivEntry	0	0	false	false
availableQty	MatchingEngine.Process	59	64	true	true
_private.MatchingEngine.Theorems.0.doMatch.match_5.splitter	MatchingEngine.Theorems	0	0	false	false
MatcherLoop.Loc.mk._flat_ctor	Matcher.LoopEnv	0	0	false	false
MatcherRefines.Inv.levels_resting	Matcher.Refines	94	94	true	true
MatcherRefines.ev_check6._simp_1_41	Matcher.Refines	0	0	true	true
MatcherStore.drop_restingCount._proof_1_4	Matcher.StoreStep	0	0	true	true
MatcherRun.nL_nL	Matcher.Run	39	40	false	false
EngineDbAbs.OrderView.noConfusionType	Bridge.EngineDbAbs	0	0	true	true
instInhabitedOrderType	MatchingEngine.Basic	27	27	true	true
Matcher.LoopRun.below.rec	Matcher.Logic	0	0	false	false
Matcher.Err.ofNat_ctorIdx	Matcher.Lang	0	0	false	false
MatcherRun.nO_rem	Matcher.Run	53	53	false	false
Matcher.foldl_loopStep_mono	Matcher.Logic	39	64	true	true
Matcher.Bound.lit.elim	Matcher.Lang	117	117	false	false
MatcherProgram.processOrderFun	Matcher.Program	231	239	true	true
MatcherOuter.OInv.spec	Matcher.Outer	107	107	false	true
Walk.normC_cons_ne	Walk.EquivMatch	39	40	true	false
stops_foldl_eq._proof_1_2	MatchingEngine.TheoremsFuel	0	0	false	false
_private.MatchingEngine.Theorems.0.asksSortedAscB_drop_head_pattern	MatchingEngine.Theorems	822	833	false	false
Matcher.boundVal	Matcher.Lang	457	464	true	true
Matcher.Err.bound.sizeOf_spec	Matcher.Lang	0	0	false	false
_private.MatchingEngine.TheoremsFuel.0.doMatch.match_1.splitter	MatchingEngine.TheoremsFuel	0	0	true	true
Matcher.setOField.eq_4	Matcher.LoopEnv	0	0	false	false
instBEqOrderStatus.beq	MatchingEngine.Basic	42	42	true	true
Matcher.BinOp.sub.elim	Matcher.Lang	87	87	false	false
Matcher.Print.program	Matcher.Print	187	188	false	false
totalRemaining._sunfold	MatchingEngine.Theorems	0	0	false	false
OrderType.marketToLimit.elim	MatchingEngine.Basic	24	24	false	false
MatcherStore.ordV.eq_1	Matcher.Inner	0	0	false	false
_private.MatchingEngine.Theorems.0.insertAsc.match_1.splitter	MatchingEngine.Theorems	0	0	true	true
disposed_BookOk	MatchingEngine.TheoremsFull	933	959	false	false
ProcessB.ResultCode.rejectedPostOnly	Bridge.ProcessB	55	55	true	true
Matcher.Val.recOn	Matcher.Lang	46	55	false	false
MatcherLoop.set_ord	Matcher.LoopEnv	211	213	true	true
Matcher.Expr.blit.noConfusion	Matcher.Lang	0	0	false	false
EngineDbApi.instDecidableEqOrderRow.decEq._proof_7	Bridge.EngineDbApi	0	0	false	false
Matcher.execStmt_mono	Matcher.Logic	189	193	true	true
MatcherCancel.removeLevelOrder_eq	Matcher.Cancel	158	159	true	true
Side.ctorIdx	MatchingEngine.Basic	0	0	true	true
ProcessB.runB.eq_def	Matcher.Run	0	0	false	false
_private.Walk.LogicInv.0.Except.map.match_1.eq_2	Walk.LogicInv	0	0	false	false
Matcher.instDecidableEqVal.decEq._proof_14	Matcher.Lang	0	0	false	false
Matcher.LoopRun.step	Matcher.Logic	296	299	true	true
_private.Bridge.ProcessB.0.ProcessB.processB.match_1.eq_2	Bridge.ProcessB	0	0	false	false
EngineDbApi.EngineDb.count	Bridge.EngineDbApi	342	342	true	true
EngineDbAbs.instDecidableEqCRequest.decEq._proof_4	Bridge.EngineDbAbs	0	0	false	false
MatcherInner.Core.fle	Matcher.Inner	553	553	false	true
_private.Matcher.Refines.0.Matcher.instReprVal.repr.match_1.eq_5	Matcher.Refines	0	0	false	false
MatcherRefines.ev_qmax	Matcher.Refines	355	359	true	true
EngineDbApi.tBest.post.eq_2	Bridge.EngineDbApiLaws	0	0	false	false
MatcherLoop.outerCond.eq_1	Matcher.LoopEnv	0	0	false	false
MatcherOuter.MCtx.isBuy	Matcher.Outer	88	88	false	true
Walk.WCore.v1	Walk.RefineInner	302	302	true	false
Matcher.execStmt._sunfold	Matcher.Lang	0	0	false	false
MatcherRun.matcherRun.match_1	Matcher.Run	0	0	false	false
Walk.done	Walk.EquivMatch	27	28	true	false
ProcessB.Req._sizeOf_1	Bridge.ProcessB	0	0	false	false
instReprTrade	MatchingEngine.Order	45	45	false	false
MatcherInner.Core.casesOn	Matcher.Inner	549	575	false	false
Matcher.Val.level.inj	Matcher.Lang	0	0	false	false
MatcherAccept.Static.side	Matcher.Accept	160	160	true	true
EngineDbApi.EngineDb.hashRemove	Bridge.EngineDbApi	332	332	true	true
MatcherStore.restSide	Matcher.StoreStep	30	32	true	true
matchMeasure_modify_head_level_orders._proof_1_1	MatchingEngine.Theorems	0	0	true	true
Matcher.UnOp.noConfusion	Matcher.Lang	82	84	false	false
MatcherInner.HeadFacts.recOn	Matcher.Inner	354	377	false	false
_private.Matcher.SpecStep.0.orderSum.match_1.eq_1	Matcher.SpecStep	0	0	false	false
Matcher.Print.extCall._sparseCasesOn_3	Matcher.Print	99	120	false	false
Walk.innerRun_ok._proof_1_13	Walk.Basic	0	0	true	false
EngineDbAbs.instEngineDbAbsStore._proof_39	Bridge.EngineDbAbs	0	0	false	false
EngineDbAbs.COrderType.postOnly.sizeOf_spec	Bridge.EngineDbAbs	0	0	false	false
Matcher.Stmt.ite.inj	Matcher.Lang	0	0	false	false
_private.Bridge.EngineDbAbs.0.EngineDbAbs.pickBest.match_3.splitter	Bridge.EngineDbAbs	0	0	false	false
processCascade_clock_ge	MatchingEngine.TheoremsFull	831	832	false	false
EngineDbApi.EngineDb.qNext_law	Bridge.EngineDbApi	377	377	true	true
MatcherRun.nI_status	Matcher.Run	60	60	false	false
doMatch_sell_output_stable._proof_1_4	MatchingEngine.Theorems	0	0	false	false
_private.Walk.Equiv.0.Walk.owner.match_1.eq_2	Walk.Equiv	0	0	false	false
AllInv.with_meta	MatchingEngine.Theorems	215	217	false	false
ProcessB.instReprResultCode	Bridge.ProcessB	57	57	false	false
OrderStatus.filled	MatchingEngine.Basic	39	39	true	true
MatcherAccept.SpecOrd.side	Matcher.Accept	28	28	true	true
Matcher.Eval.assign	Matcher.Logic	228	231	true	true
MatcherCancel.dropStep.eq_1	Matcher.Cancel	0	0	false	false
_private.Walk.EquivMatch.0.Walk.sideL_setHeadRem.match_1.eq_2	Walk.EquivMatch	0	0	false	false
Walk.WR.casesOn	Walk.RefineInner	38	50	false	false
_private.Walk.Equiv.0.insertOrder.match_3.eq_1	Walk.Equiv	0	0	false	false
_private.Bridge.EngineDbAbs.0.EngineDbAbs.pickBest.match_1.eq_2	Bridge.EngineDbAbs	0	0	false	false
MatcherLoop.ev_ext	Matcher.LoopEnv	228	234	true	true
MatcherSpec.rest_step._proof_1_1	Matcher.SpecStep	0	0	true	true
process_PostOnlyGuarantee	MatchingEngine.TheoremsFull	1382	1385	false	false
EngineDbApi.EngineDb.levelsUsed_tInsert	Bridge.EngineDbApi	411	411	true	true
MatcherRefines.orderSt	Matcher.Refines	77	77	true	true
_private.Matcher.Accept.0.Matcher.instReprTy.repr.match_1.eq_4	Matcher.Accept	0	0	false	false
_private.Matcher.Refines.0.Matcher.evalExpr.match_9.splitter	Matcher.Refines	0	0	false	false
Walk.Ctx.own	Walk.Spec	150	150	true	false
MatcherRest.ev_newLevel._simp_1_5	Matcher.Rest	0	0	true	true
Matcher.Ty.level	Matcher.Lang	43	43	true	true
ProcessResult.book	MatchingEngine.Process	125	125	true	true
Matcher.Print.extReturns	Matcher.Print	122	126	false	false
MatcherInner.OCtx._sizeOf_inst	Matcher.Inner	0	0	false	false
MatcherInner.Core.remq	Matcher.Inner	557	557	false	true
_private.Matcher.Refines.0.Matcher.evalExpr.match_3.eq_1	Matcher.Refines	0	0	false	false
EngineDbApi.Tree.ctorElimType	Bridge.EngineDbApi	0	0	false	false
EngineDbApi.writeOrder_valid	Bridge.EngineDbApiLaws	577	586	false	false
EngineDbApi.EngineDb.count_writeOrder	Bridge.EngineDbApi	391	391	true	true
MatcherCancel.cancel_orders_resting.match_1_1	Matcher.Cancel	0	0	true	true
Matcher.Bound	Matcher.Lang	113	119	true	true
Order.side	MatchingEngine.Order	17	17	true	true
EngineDbAbs.absBook_BookOk	Bridge.EngineDbAbs	683	686	false	false
_private.Matcher.Logic.0.Except.map.match_1.eq_1	Matcher.Logic	0	0	false	false
_private.Matcher.Logic.0.Matcher.instReprStmt.repr.match_1.eq_1	Matcher.Logic	0	0	false	false
MatcherLoop.Loc.ord	Matcher.LoopEnv	152	152	true	true
Matcher.Expr.bin.injEq	Matcher.Lang	0	0	false	false
process_all_fuel_stable._proof_1_22	MatchingEngine.TheoremsFuel	0	0	false	false
Walk.Ctx.mk.sizeOf_spec	Walk.Spec	0	0	false	false
MatcherCancel.cancelDb_tree_other	Matcher.Cancel	197	201	true	true
_private.Matcher.Refines.0.Matcher.evalExpr.match_11.eq_11	Matcher.Refines	0	0	false	false
Walk.w_inner_loop	Walk.RefineInner	848	864	true	false
convertStop_remainingQty	MatchingEngine.TheoremsFull	511	513	false	false
instBEqTrade.beq	MatchingEngine.Order	45	45	false	false
Walk.absQueue_ids	Walk.WFInv	55	59	true	false
asksSortedAscB._sunfold	MatchingEngine.Invariants	0	0	false	false
EngineDbAbs.instDecidableEqBookView	Bridge.EngineDbAbs	401	401	false	false
ProcessB.ResultCode.casesOn	Bridge.ProcessB	48	57	true	true
_private.Matcher.Refines.0.EngineDbAbs.CRequest.toSpec.match_1.eq_1	Matcher.Refines	0	0	false	false
MatcherRun.views_iff._simp_1_1	Matcher.Run	0	0	true	false
MatcherInner.qNext_head	Matcher.Inner	346	352	true	true
EngineDbApi.EngineDb.qInsertTail	Bridge.EngineDbApi	333	333	true	true
instDecidableEqOrder.decEq._proof_9	MatchingEngine.Order	0	0	true	true
OrderStatus.new_.elim	MatchingEngine.Basic	37	37	false	false
_private.MatchingEngine.TheoremsFuel.0.doMatch.match_5.congr_eq_1	MatchingEngine.TheoremsFuel	0	0	true	true
MatcherCancel.absQueue_congr.match_1_1	Matcher.Cancel	0	0	true	true
MatcherInner.conflict_of	Matcher.Inner	430	437	false	true
Matcher.LField.recOn	Matcher.Lang	76	80	false	false
Matcher.BinOp.add	Matcher.Lang	87	87	true	true
EngineDbApi.instDecidableEqTree	Bridge.EngineDbApi	77	77	true	true
Matcher.BinOp.rec	Matcher.Lang	86	90	true	true
Matcher.BinOp.ctorElimType	Matcher.Lang	0	0	false	false
_private.Walk.Basic.0.Walk.process.match_1.eq_2	Walk.Basic	0	0	false	false
Matcher.Val.rec	Matcher.Lang	46	55	true	true
Walk.WO.trades	Walk.RefineOuter	172	172	true	false
orderSum.match_1	MatchingEngine.Theorems	0	0	true	true
EngineDbAbs.OrderView._sizeOf_inst	Bridge.EngineDbAbs	0	0	false	false
Matcher.Err.contract.elim	Matcher.Lang	175	175	false	false
wouldCross.match_1	MatchingEngine.Process	0	0	true	true
runFrom	MatchingEngine.TheoremsReachable	131	137	false	false
Walk.run_fuel_sufficient	Walk.Basic	313	335	true	false
Matcher.runExt.eq_17	Matcher.Logic	0	0	false	false
MatcherRun.specTrace_runB	Matcher.Run	529	539	false	false
MatcherRun.nI_postOnly	Matcher.Run	64	64	false	false
MatcherProgram.v	Matcher.Program	66	66	true	true
Trade._sizeOf_inst	MatchingEngine.Order	0	0	false	false
Side.buy.sizeOf_spec	MatchingEngine.Basic	0	0	false	false
EngineDbAbs.pickBest.eq_def	Bridge.EngineDbAbs	0	0	false	false
_private.MatchingEngine.TheoremsFull.0.ownLevels.match_1.splitter	MatchingEngine.TheoremsFull	0	0	false	false
EngineDbApi.owner.post	Bridge.EngineDbApi	207	211	true	true
MatcherInner.HeadFacts.hro	Matcher.Inner	361	361	false	true
Matcher.LoopRun.rec	Matcher.Logic	291	303	true	true
MatcherLoop.Loc.noConfusionType	Matcher.LoopEnv	0	0	false	false
EngineDbAbs.mem_sortLevels._simp_1_4	Bridge.EngineDbAbs	0	0	true	true
_private.Matcher.Logic.0.Matcher.runExt.match_5.eq_1	Matcher.Logic	0	0	false	false
_private.Bridge.EngineDbAbs.0.EngineDbAbs.CRequest.toSpec.match_1.splitter	Bridge.EngineDbAbs	0	0	true	false
MatcherRefines.cancelEnv	Matcher.Refines	811	813	true	true
EngineDbApi.nextIn	Bridge.EngineDbApi	264	268	true	true
stopW_pos._proof_1_1	MatchingEngine.TheoremsFuel	0	0	false	false
MatcherRun.matcherRun._unsafe_rec	Matcher.Run	0	0	false	false
test_stopCascade	MatchingEngine.Tests	270	279	false	false
EngineDbAbs.LevelView.ctorIdx	Bridge.EngineDbAbs	0	0	false	false
MatcherAccept.SpecOrd.mk	Matcher.Accept	26	26	true	true
Matcher.runExt.eq_10	Matcher.Logic	0	0	false	false
MatcherRefines.cancelOrder_none_iff	Matcher.Refines	800	809	true	true
MatcherRun.views_iff	Matcher.Run	238	246	true	false
EngineDbAbs.instDecidableEqCRequest.decEq._proof_1	Bridge.EngineDbAbs	0	0	false	false
Matcher.loopStep._sparseCasesOn_6	Matcher.Logic	19	32	true	true
Matcher.bindParams	Matcher.Lang	446	450	true	true
EngineDbAbs.ClientInv_WF_empty	Bridge.EngineDbAbs	708	709	false	false
Matcher.OField.qty	Matcher.Lang	73	73	true	true
Matcher.Expr.isNullL.injEq	Matcher.Lang	0	0	false	false
EngineDbApi.upd.congr_simp	Bridge.EngineDbApiLaws	0	0	true	true
MatcherLoop.Loc.rec	Matcher.LoopEnv	143	155	false	false
MatcherOuter.MCtx.Ok.side	Matcher.Outer	99	99	false	true
Matcher.Stmt.skip	Matcher.Lang	137	137	true	true
EngineDbAbs.instEngineDbAbsStore._proof_15	Bridge.EngineDbAbs	0	0	false	false
_private.Matcher.SpecStep.0.wouldCross.match_1.eq_2	Matcher.SpecStep	0	0	false	false
Walk.ids_sub_of_head	Walk.EquivMatch	545	548	true	false
MatcherRun.bookView_iff	Matcher.Run	258	259	true	false
MatcherOuter.canMatch_iff	Matcher.Outer	143	151	false	true
EngineDbApi.orderFree_preserves_WF	Bridge.EngineDbApiLaws	226	243	true	true
MatcherRefines.eval_cancel_find	Matcher.Refines	827	834	true	true
ProcessB.instDecidableEqTradeObs.decEq._proof_3	Bridge.ProcessB	0	0	false	false
Matcher.St.mk.injEq	Matcher.Lang	0	0	false	false
Matcher.lookupFun.match_1	Matcher.Lang	0	0	true	true
MatcherOuter.OInv.cview	Matcher.Outer	108	108	false	true
Walk.side_views	Walk.RefineOuter	181	183	true	false
Matcher.LoopRun.mono._proof_1_1	Matcher.Logic	0	0	false	true
doMatch_incoming_tif	MatchingEngine.TheoremsFull	466	474	false	false
Matcher.Eval.call	Matcher.Logic	262	272	true	true
instDecidableEqOrder.decEq._proof_17	MatchingEngine.Order	0	0	true	true
Walk.WF.recOn	Walk.EquivEntry	19	29	false	false
EngineDbApi.EngineDb.levelFree	Bridge.EngineDbApi	323	323	true	true
Matcher.Eval.emit_inv	Walk.LogicInv	114	144	true	false
ProcessB.Obs.mk.sizeOf_spec	Bridge.ProcessB	0	0	false	false
_private.MatchingEngine.TheoremsFuel.0.doMatch.match_5.splitter	MatchingEngine.TheoremsFuel	0	0	true	true
EngineDbApi.Db.mk.noConfusion	Bridge.EngineDbApi	0	0	false	false
MatcherAccept.matcher_refines	Matcher.Accept	619	636	false	true
Matcher.LField.ctorElimType	Matcher.Lang	0	0	false	false
Matcher.Print.treeName	Matcher.Print	52	54	false	false
orderSum	MatchingEngine.Theorems	1852	1856	true	true
_private.MatchingEngine.Theorems.0.insertDesc_head_lt_bound	MatchingEngine.Theorems	852	880	false	false
MatcherInner.OCtx.rec	Matcher.Inner	160	171	false	false
Matcher.Expr._sizeOf_inst	Matcher.Lang	0	0	false	false
MatcherInner.inner_fill._proof_1_11	Matcher.Inner	0	0	false	true
_private.Matcher.Logic.0.Matcher.execStmt.match_1.eq_1	Matcher.Logic	0	0	false	false
EngineDbApi.instDecidableEqOrderRow.decEq._proof_4	Bridge.EngineDbApi	0	0	false	false
Matcher.execStmt.eq_6	Matcher.Logic	0	0	false	false
ProcessB.ResultCode.noConfusion	Bridge.ProcessB	48	57	false	false
MatcherCancel.sum_map_update.match_1_1	Matcher.Cancel	0	0	true	true
_private.MatchingEngine.TheoremsFuel.0.doMatch.match_9.eq_1	MatchingEngine.TheoremsFuel	0	0	false	false
EngineDbAbs.COrderType.isPostOnly.eq_2	Bridge.EngineDbAbs	0	0	false	false
insertOrder_sell_preserves_uncrossed.match_1_5	MatchingEngine.Theorems	0	0	false	false
Matcher.setOField.eq_1	Matcher.LoopEnv	0	0	false	false
MatcherCancel.sum_map_same	Matcher.Cancel	611	612	true	true
Walk.insSpec_views	Walk.Refine	132	140	true	false
MatcherInner.IncShape.refl	Matcher.Inner	34	34	true	true
Matcher.instReprExpr.repr._unsafe_rec	Matcher.Lang	0	0	false	false
_private.Bridge.EngineDbAbs.0.bidsSortedDescB.match_1.eq_2	Bridge.EngineDbAbs	0	0	false	false
MatcherLoop.matchBlock.eq_1	Walk.RefineOuter	0	0	false	false
Matcher.foldl_loopStep_ret	Matcher.Logic	341	349	true	true
Matcher.bindParams.eq_def	Matcher.Refines	0	0	false	false
_private.Matcher.Cancel.0.ProcessB.processB.match_5.eq_2	Matcher.Cancel	0	0	false	false
Matcher.evalBin._sparseCasesOn_1	Matcher.Lang	223	238	true	true
Matcher.Ext.levelFree	Matcher.Lang	124	124	true	true
matchMeasure_drop_head_order._proof_1_1	MatchingEngine.Theorems	0	0	true	true
PriceLevel.price	MatchingEngine.Book	12	12	true	true
_private.Bridge.EngineDbAbs.0.EngineDbAbs.decodeOrderType_isSome._proof_1_2	Bridge.EngineDbAbs	0	0	false	false
Matcher.instDecidableEqTy._proof_1	Matcher.Lang	0	0	true	true
Walk.CO.mk	Walk.EquivMatch	46	46	true	false
EngineDbApi.LevelRow	Bridge.EngineDbApi	68	71	true	true
MatcherInner.IncShape.price	Matcher.Inner	37	37	true	true
_private.Walk.EquivEntry.0.List.filterMap.match_1.eq_1	Walk.EquivEntry	0	0	false	false
Matcher.Expr.isNullL	Matcher.Lang	102	102	true	true
Matcher.Val.ty.eq_3	Matcher.Refines	0	0	false	false
Matcher.exec_seq.match_1	Matcher.Logic	0	0	true	true
MatcherInner.view_update_st	Matcher.Inner	105	110	false	true
Matcher.runExt_orderFree	Matcher.Logic	480	483	true	true
Matcher.Stmt.assign.injEq	Matcher.Lang	0	0	false	false
_private.Matcher.LoopEnv.0.Matcher.setOField.match_1.eq_3	Matcher.LoopEnv	0	0	false	false
Walk.wctx.eq_1	Walk.RefineInner	0	0	false	false
EngineDbAbs.CRequest.toSpec.match_1	Bridge.EngineDbAbs	0	0	true	true
Matcher.runExt.match_1	Matcher.Lang	0	0	true	true
ProcessB.ResultCode.rejectedUnsupported.sizeOf_spec	Bridge.ProcessB	0	0	false	false
MatcherOuter.outer_loop._proof_1_2	Matcher.Outer	0	0	false	true
Walk.OW.mk	Walk.EquivMatch	530	530	true	false
Matcher.divU.eq_1	Matcher.Refines	0	0	false	false
Walk.qFirst.eq_1	Walk.Basic	0	0	true	false
EngineDbApi.tFind.post	Bridge.EngineDbApi	280	284	true	true
Walk.WF_of_Inv._proof_1_1	Walk.WFInv	0	0	true	false
MatcherRefines.toSpec_none_of_supported	Matcher.Refines	206	243	true	true
_private.Matcher.Logic.0.Matcher.execStmt.match_7.eq_2	Matcher.Logic	0	0	false	false
process_all_fuel_stable._proof_1_21	MatchingEngine.TheoremsFuel	0	0	false	false
_private.MatchingEngine.Theorems.0.doMatch_passive_price_sell_acc	MatchingEngine.Theorems	3172	3244	false	false
BookState.mk.injEq	MatchingEngine.Book	0	0	true	false
MatcherAccept.SpecOrd.po	Matcher.Accept	32	32	true	true
EngineDbAbs.BookView.ctorIdx	Bridge.EngineDbAbs	0	0	false	false
_private.MatchingEngine.Theorems.0.bidsSortedDescB.match_1.eq_1	MatchingEngine.Theorems	0	0	false	false
MatcherSpec.mm_head	Matcher.SpecStep	353	360	false	true
Walk.invM_drop	Walk.RefineInner	202	216	true	false
convertStop_postOnly	MatchingEngine.TheoremsFull	515	517	false	false
MatcherInner.Core.qd1	Matcher.Inner	567	567	false	true
ProcessInv_foldl	MatchingEngine.TheoremsReachable	74	89	false	false
EngineDbAbs.instDecidableEqOrderView.decEq._proof_2	Bridge.EngineDbAbs	0	0	false	false
ProcessB.instDecidableEqResultCode._proof_1	Bridge.ProcessB	0	0	false	false
MatcherStore.setRemDb	Matcher.StoreStep	130	131	true	true
MatcherSpec.step_cancelBoth	Matcher.SpecStep	255	265	true	true
MatcherRest.step_write	Matcher.Rest	188	207	true	true
Matcher.St.mk.sizeOf_spec	Matcher.Lang	0	0	false	false
_private.Bridge.ProcessB.0.ProcessB.processB.match_3.splitter	Bridge.ProcessB	0	0	false	false
EngineDbAbs.LevelView.recOn	Bridge.EngineDbAbs	387	390	false	false
Matcher.Bound.lit.injEq	Matcher.Lang	0	0	false	false
EngineDbApi.Db.orderLive	Bridge.EngineDbApi	103	103	true	true
EngineDbAbs.CStpMode.cancelBoth.sizeOf_spec	Bridge.EngineDbAbs	0	0	false	false
EngineDbAbs.instDecidableEqBookView.decEq._proof_1	Bridge.EngineDbAbs	0	0	false	false
Walk.modHead_cons	Walk.Basic	27	28	true	false
mkPostOnly	MatchingEngine.Tests	46	51	false	false
Walk.conflict_iff._simp_1_2	Walk.EquivMatch	0	0	true	false
EngineDbApi.EngineDb.noConfusionType	Bridge.EngineDbApi	0	0	false	false
EngineDbAbs.CStpMode.cancelBoth	Bridge.EngineDbAbs	67	67	true	true
MatcherInner.IncShape.policy	Matcher.Inner	40	40	true	true
_private.Matcher.Refines.0.Matcher.evalExpr.match_3.splitter	Matcher.Refines	0	0	false	false
MatcherStore.setRem_clientInvM	Matcher.StoreStep	282	299	true	true
MatcherStore.dropDb.eq_1	Matcher.StoreStep	0	0	false	false
Matcher.Print.stmt._sunfold	Matcher.Print	0	0	false	false
convertStop.match_1	MatchingEngine.Process	0	0	true	true
Matcher.BinOp.sub.sizeOf_spec	Matcher.Lang	0	0	false	false
MatcherRun.specTrace._sunfold	Matcher.Run	0	0	false	false
ProcessB.pairwise_of_bidsSorted.match_1_1	Bridge.ProcessB	0	0	false	false
_private.Bridge.EngineDbApiLaws.0.EngineDbApi.orderId_upd_other	Bridge.EngineDbApiLaws	185	187	true	true
MatcherStore.Frame.rec	Matcher.StoreStep	80	86	false	false
Matcher.evalBin.match_1	Matcher.Lang	0	0	true	true
MatcherSpec.AtHead.casesOn	Matcher.SpecStep	216	223	false	false
StpGroup	MatchingEngine.Basic	13	13	true	true
Matcher.Stmt.call	Matcher.Lang	146	147	true	true
Matcher.Ext.casesOn	Matcher.Lang	121	134	true	true
Matcher.Stmt.call.noConfusion	Matcher.Lang	0	0	false	false
EngineDbAbs.instEngineDbAbsStore._proof_1	Bridge.EngineDbAbs	0	0	false	false
SideFresh_congr	MatchingEngine.TheoremsFull	848	854	false	false
Matcher.Outcome._sizeOf_inst	Matcher.Lang	0	0	false	false
test_bug3_mtlMinQty	MatchingEngine.Tests	321	350	false	false
_private.Matcher.Logic.0.Matcher.asU64.match_1.splitter	Matcher.Logic	0	0	false	false
fokCheck	MatchingEngine.Process	66	68	true	true
MatcherRefines.cancel_run	Matcher.Refines	815	825	true	true
OrderType.stopLimit.elim	MatchingEngine.Basic	25	25	false	false
EngineDbAbs.instEngineDbAbsStore._proof_43	Bridge.EngineDbAbs	0	0	false	false
EngineDbAbs.LevelView.mk.sizeOf_spec	Bridge.EngineDbAbs	0	0	false	false
Walk.WFr.trans	Walk.RefineOuter	40	41	true	false
_private.Walk.RefineInner.0.Walk.sideL_setHeadRem.match_1.splitter	Walk.RefineInner	0	0	false	false
Matcher.LoopRun.mono._proof_1_2	Matcher.Logic	0	0	false	true
ProcessB.Req.order.injEq	Bridge.ProcessB	0	0	false	false
Walk.count	Walk.Spec	96	97	true	false
_private.MatchingEngine.TheoremsFuel.0.processCascade.match_3.splitter	MatchingEngine.TheoremsFuel	0	0	false	false
_private.Bridge.ProcessB.0.ProcessB.processB.match_5.splitter	Bridge.ProcessB	0	0	false	false
Matcher.FunDef._sizeOf_1	Matcher.Lang	0	0	false	false
ProcessB.asksSorted_of_pairwise'	Bridge.ProcessB	178	186	false	false
MatcherInner.Core.next1	Matcher.Inner	575	575	false	true
MatcherRest.rest_prefix._proof_1_4	Matcher.Rest	0	0	true	true
ProcessB.instDecidableEqTradeObs	Bridge.ProcessB	118	118	false	false
EngineDbApi.nextIn._unsafe_rec	Bridge.EngineDbApi	0	0	false	false
OrderType._sizeOf_inst	MatchingEngine.Basic	0	0	false	false
Walk.normC	Walk.EquivMatch	34	37	true	false
EngineDbAbs.instEngineDbAbsStore._proof_19	Bridge.EngineDbAbs	0	0	false	false
ownLevels	MatchingEngine.TheoremsFull	607	611	false	false
Matcher.Expr.var.elim	Matcher.Lang	96	96	false	false
_private.Bridge.EngineDbAbs.0.EngineDbAbs.COrderType.specType.match_1.eq_1	Bridge.EngineDbAbs	0	0	false	false
Matcher.OField.id.sizeOf_spec	Matcher.Lang	0	0	false	false
Matcher.instDecidableEqBinOp	Matcher.Lang	90	90	false	false
EngineDbApi.EngineDb.readOrder	Bridge.EngineDbApi	324	324	true	true
MatchResult.bids	MatchingEngine.Match	23	23	true	true
Matcher.Expr.bin.inj	Matcher.Lang	0	0	false	false
Matcher.execStmt.eq_5	Matcher.Logic	0	0	false	false
_private.MatchingEngine.TheoremsFuel.0.doMatch.match_5.eq_2	MatchingEngine.TheoremsFuel	0	0	false	false
instDecidableEqOrder.decEq._proof_10	MatchingEngine.Order	0	0	true	true
Walk.WCore.qd1	Walk.RefineInner	306	306	true	false
insertDesc_SideOk	MatchingEngine.TheoremsFull	633	659	false	false
Matcher.BinOp.le.sizeOf_spec	Matcher.Lang	0	0	false	false
Walk.WCore.rd1	Walk.RefineInner	307	307	true	false
STPPolicy.recOn	MatchingEngine.Basic	44	49	false	false
EngineDbApi.qFirst.pre	Bridge.EngineDbApi	258	259	true	true
_private.Matcher.SpecStep.0.doMatch.match_7.splitter	Matcher.SpecStep	0	0	false	false
instReprOrder	MatchingEngine.Order	32	32	false	false
Matcher.execStmt.eq_7	Matcher.Logic	0	0	false	false
instBEqSide.beq	MatchingEngine.Basic	19	19	false	false
_private.Bridge.EngineDbApiLaws.0.EngineDbApi.nextIn.match_1.splitter	Bridge.EngineDbApiLaws	0	0	false	false
EngineDbAbs.absBook_invariants	Bridge.EngineDbAbs	703	706	false	false
EngineDbAbs.instDecidableEqCRequest	Bridge.EngineDbAbs	81	81	false	false
Matcher.BinOp._sizeOf_1	Matcher.Lang	0	0	false	false
EngineDbAbs.sideCode	Bridge.EngineDbAbs	302	305	true	true
EngineDbApi.EngineDb.qRemove_law	Bridge.EngineDbApi	373	373	true	true
_private.Matcher.Refines.0.Matcher.evalExpr.match_11.eq_2	Matcher.Refines	0	0	false	false
MatcherAccept.mr_rest	Matcher.Accept	76	94	false	true
MatcherInner.inner_dec._proof_1_2	Matcher.Inner	0	0	false	true
Matcher.Ext.tRemove	Matcher.Lang	132	132	true	true
Walk.innerRun_ok.match_1_1	Walk.Basic	0	0	true	false
MatcherProgram.codeOf	Matcher.Program	51	60	true	true
EngineDbApi.Db.mk.inj	Bridge.EngineDbApi	0	0	false	false
EngineDbApi.instDecidableEqOrderRow	Bridge.EngineDbApi	66	66	false	false
MatcherInner.Core	Matcher.Inner	549	575	false	true
MatcherLoop.mkSt	Matcher.LoopEnv	167	168	true	true
_private.Matcher.Refines.0.findOrderOnBook.match_1.eq_1	Matcher.Refines	0	0	false	false
_private.Matcher.SpecStep.0.doMatch.match_7.eq_1	Matcher.SpecStep	0	0	false	false
EngineDbAbs.pickBest._sunfold	Bridge.EngineDbAbs	0	0	false	false
OrderStatus.ofNat	MatchingEngine.Basic	0	0	true	true
Walk.Ctx.isBuy	Walk.Spec	147	147	true	false
MatcherSpec.dec_aux1._proof_1_1	Matcher.SpecStep	0	0	true	true
MatcherRun.matcherRun_mono.match_1_1	Matcher.Run	0	0	false	false
MatcherCancel.cancelEnv3	Matcher.Cancel	738	740	true	true
doMatch_preserves_asks_sorted	MatchingEngine.Theorems	1365	1375	false	false
Matcher.bindParams.eq_2	Matcher.Refines	0	0	false	false
Matcher.Eval.block_cons_normal	Matcher.Logic	274	279	true	true
EngineDbAbs.CRequest._sizeOf_1	Bridge.EngineDbAbs	0	0	false	false
EngineDbApi.hashInsert_preserves_WF	Bridge.EngineDbApiLaws	348	368	true	true
MatcherOuter.OInv.cnt	Matcher.Outer	113	113	false	true
Matcher.Val.code	Matcher.Lang	48	49	true	true
Matcher.Print.expr._unsafe_rec	Matcher.Print	0	0	false	false
MatcherOuter.outer_body	Matcher.Outer	225	368	false	true
Walk.modAt_append_cons	Walk.EquivEntry	186	194	true	false
Walk.rest_accept	Walk.Refine	98	130	true	false
_private.Walk.LogicInv.0.Matcher.execStmt_loop_eq.match_1.eq_3	Walk.LogicInv	0	0	true	false
Matcher.Ty.u64.sizeOf_spec	Matcher.Lang	0	0	false	false
EngineDbApi.levelCount.eq_1	Matcher.Cancel	0	0	false	false
_private.MatchingEngine.TheoremsFull.0.insertAsc.match_1.splitter	MatchingEngine.TheoremsFull	0	0	false	false
_private.MatchingEngine.Theorems.0.convertStop_OrderProcOk	MatchingEngine.Theorems	3594	3603	false	false
Matcher.Expr.un.inj	Matcher.Lang	0	0	false	false
insertAsc._unsafe_rec	MatchingEngine.Book	0	0	false	false
EngineDbApi.upd_same	Bridge.EngineDbApi	93	94	true	true
amendQtyDecrease	MatchingEngine.Cancel	34	50	false	false
_private.MatchingEngine.TheoremsFull.0.doMatch.match_7.splitter	MatchingEngine.TheoremsFull	0	0	false	false
Matcher.FunDef.mk.injEq	Matcher.Lang	0	0	false	false
orderSum.eq_1	Matcher.SpecStep	0	0	false	false
MatcherStore.drop_restingCount	Matcher.StoreStep	253	280	true	true
MatcherRefines.orderEnv	Matcher.Refines	71	75	true	true
Matcher.instDecidableEqVal.decEq._proof_3	Matcher.Lang	0	0	false	false
MatcherLoop.Loc.mk.inj	Matcher.LoopEnv	0	0	false	false
Matcher.Eval.seq_ret	Matcher.Logic	222	226	true	true
EngineDbApi.Db.empty.eq_1	Bridge.EngineDbApiLaws	0	0	false	false
Matcher.Expr.ctorElimType	Matcher.Lang	0	0	false	false
Matcher.LField.noConfusion	Matcher.Lang	76	80	false	false
MatcherInner.ReqOk.mk	Matcher.Inner	59	59	false	true
_private.MatchingEngine.TheoremsFull.0.doMatch.match_9.eq_2	MatchingEngine.TheoremsFull	0	0	false	false
doMatch.match_1	MatchingEngine.Match	0	0	true	true
Walk.innerRun.match_1	Walk.Spec	0	0	true	false
Walk.State	Walk.Spec	161	166	true	false
MatcherRest.RestView	Matcher.Rest	401	409	true	true
_private.Matcher.Logic.0.Matcher.execStmt.match_14.splitter	Matcher.Logic	0	0	false	false
ProcessB.ResultCode.ctorElimType	Bridge.ProcessB	0	0	false	false
Walk.outerRun_ok	Walk.Basic	250	293	true	false
Walk.State.noConfusion	Walk.Spec	161	166	false	false
_private.Matcher.SpecStep.0.doMatch.match_5.eq_4	Matcher.SpecStep	0	0	false	false
MatcherInner.canMatch_shape	Matcher.Inner	54	56	true	true
Matcher.Bound.capPlus.injEq	Matcher.Lang	0	0	false	false
MatcherLoop.Loc.nextp._default	Matcher.LoopEnv	0	0	false	false
totalRemaining_drop_head_order_lt	MatchingEngine.Theorems	1949	1966	false	false
instDecidableEqSTPPolicy	MatchingEngine.Basic	49	49	true	true
EngineDbApi.LevelRow.noConfusion	Bridge.EngineDbApi	68	71	false	false
EngineDbAbs.BookView.noConfusion	Bridge.EngineDbAbs	395	401	true	true
Walk.view_drop	Walk.RefineInner	247	261	true	false
EngineDbAbs.toSpec_none_iff._proof_1_7	Bridge.EngineDbAbs	0	0	false	false
Matcher.viewOf	Matcher.Lang	283	283	true	true
MatcherInner.IInv.best	Matcher.Inner	200	200	false	true
OrderId	MatchingEngine.Basic	12	12	true	true
MatcherLoop.boundVal_trade	Matcher.LoopEnv	425	428	true	true
stops_foldl_eq	MatchingEngine.TheoremsFuel	315	319	false	false
EngineDbAbs.processWithId_order_id	Bridge.EngineDbAbs	272	276	false	false
_private.Matcher.SpecStep.0.MatcherSpec.bidsOf.match_1.splitter	Matcher.SpecStep	0	0	false	false
Walk.Ctx.own_ne	Walk.EquivMatch	134	135	true	false
processCascade._sunfold	MatchingEngine.Process	0	0	false	false
EngineDbAbs.OrderView.mk.injEq	Bridge.EngineDbAbs	0	0	true	true
Matcher.UnOp.recOn	Matcher.Lang	82	84	false	false
Matcher.loopStep.match_3	Matcher.Logic	0	0	true	true
Matcher.Ty.bool.elim	Matcher.Lang	41	41	false	false
Matcher.liveOrder._sparseCasesOn_1	Matcher.Lang	285	289	true	true
Walk.wctx_own	Walk.RefineInner	36	36	false	false
EngineDbApi.EngineDb.count_levelFree	Bridge.EngineDbApi	390	390	true	true
_private.MatchingEngine.TheoremsFuel.0.doMatch.match_5.congr_eq_4	MatchingEngine.TheoremsFuel	0	0	true	true
EngineDbApi.EngineDb.init	Bridge.EngineDbApi	319	319	false	false
MatcherRest.rest_prefix._proof_1_1	Matcher.Rest	0	0	true	true
contraLevels.eq_1	Matcher.SpecStep	0	0	false	false
Matcher.instDecidableEqVal.decEq._proof_2	Matcher.Lang	0	0	false	false
STPPolicy.cancelBoth.sizeOf_spec	MatchingEngine.Basic	0	0	false	false
Walk.eq_of_nodup_ids.match_1_1	Walk.EquivEntry	0	0	true	false
MatcherRun.nO_vis	Matcher.Run	54	54	false	false
Walk.NonE	Walk.EquivMatch	503	503	true	false
EngineDbAbs.instEngineDbAbsStore	Bridge.EngineDbAbs	853	1005	false	false
MatcherRun.specTrace_runB.match_1_1	Matcher.Run	0	0	false	false
_private.MatchingEngine.TheoremsFull.0.convertStop.match_1.eq_1	MatchingEngine.TheoremsFull	0	0	false	false
insertDesc.eq_def	MatchingEngine.Theorems	0	0	true	true
OrderStatus._sizeOf_inst	MatchingEngine.Basic	0	0	false	false
_private.Matcher.Run.0.ProcessB.processB.match_1.splitter	Matcher.Run	0	0	false	false
Matcher.OField._sizeOf_inst	Matcher.Lang	0	0	false	false
_private.Bridge.EngineDbApiLaws.0.EngineDbApi.nextIn.match_1.eq_2	Bridge.EngineDbApiLaws	0	0	false	false
_private.Matcher.Outer.0.canMatchPrice.match_1.eq_2	Matcher.Outer	0	0	false	false
Walk.setHeadRem	Walk.Spec	76	83	true	false
OrderType.ctorElim	MatchingEngine.Basic	21	27	false	false
_private.Matcher.Run.0.ProcessB.runB.match_1.eq_1	Matcher.Run	0	0	false	false
BookState.nextId	MatchingEngine.Book	22	22	true	true
Walk.walkRemove.eq_1	Walk.EquivEntry	0	0	false	false
_private.MatchingEngine.TheoremsFuel.0.processCascade.match_1.splitter	MatchingEngine.TheoremsFuel	0	0	false	false
MatcherStore.Frame.mk	Matcher.StoreStep	82	82	true	true
EngineDbApi.first_after_remove_head	Bridge.EngineDbApiLaws	124	129	false	false
Walk.length_le_sideCount._proof_1_3	Walk.Basic	0	0	true	false
Matcher.UnOp.casesOn	Matcher.Lang	82	84	true	true
MatcherInner.OCtx.Ok.mk._flat_ctor	Matcher.Inner	0	0	false	false
Order.ctorIdx	MatchingEngine.Order	0	0	false	false
MatcherLoop.poStmt	Matcher.LoopEnv	88	92	true	true
Matcher.Ext.qNext.sizeOf_spec	Matcher.Lang	0	0	false	false
Trade.mk.inj	MatchingEngine.Order	0	0	false	false
_private.Matcher.Logic.0.Matcher.runExt.match_5.eq_2	Matcher.Logic	0	0	false	false
Matcher.execStmt.match_9	Matcher.Lang	0	0	true	true
_private.MatchingEngine.Theorems.0.bidsSortedDescB_head_max	MatchingEngine.Theorems	742	764	false	false
EngineDbAbs.CRequest.mk.injEq	Bridge.EngineDbAbs	0	0	false	false
Matcher.instReprBound.repr.match_1	Matcher.Lang	0	0	true	true
MatcherCancel.cancelDb_queue	Matcher.Cancel	165	167	true	true
Matcher.foldl_loopStep_mono.match_1_1	Matcher.Logic	0	0	true	true
_private.Matcher.Logic.0.Matcher.instReprStmt.repr.match_1.eq_3	Matcher.Logic	0	0	false	false
Matcher.BinOp.ofNat	Matcher.Lang	0	0	false	false
STPPolicy.cancelOldest.elim	MatchingEngine.Basic	46	46	false	false
Matcher.UnOp._sizeOf_inst	Matcher.Lang	0	0	false	false
MatcherProgram.STP_NONE.eq_1	Matcher.Refines	0	0	false	false
instDecidableEqTimeInForce	MatchingEngine.Basic	34	34	true	true
_private.MatchingEngine.Theorems.0.processTriggeredStops.match_1.eq_1	MatchingEngine.Theorems	0	0	false	false
Matcher.Val.order.inj	Matcher.Lang	0	0	false	false
Walk.rest.match_1	Walk.Spec	0	0	true	false
Matcher.Print.bound	Matcher.Print	94	97	false	false
MatcherRest.insSpec.match_1	Matcher.Rest	0	0	true	true
Walk.conflict_iff	Walk.EquivMatch	79	98	true	false
EngineDbAbs.absQueue_fifo	Bridge.EngineDbAbs	588	597	false	false
Matcher.OField.account	Matcher.Lang	73	73	true	true
EngineDbAbs.COrderType.isPostOnly._sparseCasesOn_1	Bridge.EngineDbAbs	134	136	true	true
EngineDbApi.tBest.post.eq_1	Bridge.EngineDbApiLaws	0	0	false	false
ProcessB.ResultCode.rejectedPostOnly.elim	Bridge.ProcessB	55	55	false	false
ProcessB.Obs.mk	Bridge.ProcessB	125	125	false	false
EngineDbAbs.BookView.mk.noConfusion	Bridge.EngineDbAbs	0	0	true	true
_private.MatchingEngine.TheoremsFuel.0.doMatch.match_1.congr_eq_1	MatchingEngine.TheoremsFuel	0	0	true	true
EngineDbAbs.instEngineDbAbsStore._proof_26	Bridge.EngineDbAbs	0	0	false	false
MatcherRun.nL_orders	Matcher.Run	66	66	false	false
EngineDbAbs.better_trans._proof_1_3	Bridge.EngineDbAbs	0	0	false	false
EngineDbApi.EngineDb.readOrder_law	Bridge.EngineDbApi	358	358	true	true
EngineDbApi.EngineDb.levelsUsed_writeLevel	Bridge.EngineDbApi	406	406	true	true
Walk.WFr.rem	Walk.RefineOuter	35	35	true	false
_private.Matcher.Refines.0.Matcher.evalBin.match_1.eq_3	Matcher.Refines	0	0	false	false
_private.MatchingEngine.Theorems.0.doMatch_passive_price_sell_acc._simp_1_2	MatchingEngine.Theorems	0	0	false	false
_private.Walk.EquivMatch.0.canMatchPrice.match_1.eq_1	Walk.EquivMatch	0	0	false	false
Walk.Ctx.noConfusion	Walk.Spec	143	147	false	false
Matcher.Stmt.seq.injEq	Matcher.Lang	0	0	false	false
Walk.WF_of_Inv	Walk.WFInv	75	134	true	false
processTriggeredStops.eq_1	MatchingEngine.TheoremsFuel	0	0	false	false
Walk.rest	Walk.Spec	256	279	true	false
MatcherSpec.bidsOf.eq_2	Matcher.SpecStep	0	0	false	false
Walk.WCore.fle	Walk.RefineInner	294	294	true	false
_private.Matcher.Run.0.ProcessB.processB.match_3.eq_1	Matcher.Run	0	0	false	false
ProcessB.Req.recOn	Bridge.ProcessB	42	46	false	false
_private.Matcher.Logic.0.Matcher.execStmt.match_16.eq_4	Matcher.Logic	0	0	false	false
MatcherAccept.refines_accept	Matcher.Accept	561	611	false	true
instDecidableEqSTPPolicy._proof_2	MatchingEngine.Basic	0	0	true	true
EngineDbApi.EngineDb.count_tRemove	Bridge.EngineDbApi	398	398	true	true
Matcher.foldl_loopStep_error	Matcher.Logic	34	37	true	true
EngineDbApi.instReprLevelRow.repr	Bridge.EngineDbApi	71	71	false	false
MatcherSpec.dm	Matcher.SpecStep	113	116	true	true
Walk.nB_eq_of_sides	Walk.Equiv	26	31	true	false
Matcher.liveLevel.eq_1	Matcher.Logic	0	0	false	false
Walk.innerStep_frame	Walk.EquivMatch	347	406	true	false
process_preserves_StopsNoPostOnly	MatchingEngine.Theorems	3980	3988	false	false
EngineDbApi.EngineDb.writeOrder	Bridge.EngineDbApi	325	325	true	true
Order.status	MatchingEngine.Order	28	28	true	true
Matcher.instReprBinOp.repr	Matcher.Lang	90	90	false	false
EngineDbApi.Db.casesOn	Bridge.EngineDbApi	79	88	false	false
_private.Matcher.Logic.0.Matcher.execStmt.match_5.eq_2	Matcher.Logic	0	0	false	false
Walk.tBest	Walk.Spec	63	64	true	false
OrderStatus.partiallyFilled	MatchingEngine.Basic	38	38	true	true
runFrom_TradesOk	MatchingEngine.TheoremsReachable	145	153	false	false
_private.Matcher.SpecStep.0.wouldCross.match_1.splitter	Matcher.SpecStep	0	0	false	false
_private.MatchingEngine.Theorems.0.consLevelPrices	MatchingEngine.Theorems	432	442	false	false
Price	MatchingEngine.Basic	9	9	true	true
fifoLevelB._unsafe_rec	MatchingEngine.Invariants	0	0	false	false
MatcherInner.OCtx.recOn	Matcher.Inner	160	171	false	false
MatcherRest.join_restingCount	Matcher.Rest	592	612	true	true
Matcher.Ext.orderAlloc	Matcher.Lang	123	123	true	true
wouldCross.match_3	MatchingEngine.Process	0	0	true	true
Walk.WF.rec	Walk.EquivEntry	19	29	false	false
_private.Matcher.Run.0.MatcherRun.matcherRun.match_6.eq_2	Matcher.Run	0	0	false	false
Matcher.getOField.eq_4	Matcher.Cancel	0	0	false	false
Matcher.Stmt.block.match_1	Matcher.Lang	0	0	true	true
Walk.CO.price	Walk.EquivMatch	48	48	true	false
EngineDbAbs.sortLevels._sunfold	Bridge.EngineDbAbs	0	0	false	false
EngineDbAbs.AbsStore.rec	Bridge.EngineDbAbs	715	719	false	false
StatusConsistency	MatchingEngine.Invariants	40	44	false	false
MatcherSpec.o1Of	Matcher.SpecStep	380	381	true	true
EngineDbAbs.BookView.rec	Bridge.EngineDbAbs	395	401	true	true
Matcher.BinOp.le.elim	Matcher.Lang	88	88	false	false
Matcher.instDecidableEqVal.decEq._proof_7	Matcher.Lang	0	0	false	false
EngineDbApi.levelFree_valid	Bridge.EngineDbApiLaws	552	556	false	false
EngineDbApi.mem_nextIn	Bridge.EngineDbApiLaws	514	524	false	false
MatcherRest.rest_exist_side	Matcher.Rest	718	746	true	true
Matcher.BinOp.lt.elim	Matcher.Lang	88	88	false	false
_private.Bridge.EngineDbAbs.0.EngineDbAbs.decodeStpMode.match_1.eq_6	Bridge.EngineDbAbs	0	0	false	false
Matcher.Print.pad	Matcher.Print	128	128	false	false
_private.MatchingEngine.TheoremsFuel.0.processTriggeredStops.match_1.splitter	MatchingEngine.TheoremsFuel	0	0	false	false
test_iceberg	MatchingEngine.Tests	200	213	false	false
_private.Bridge.ProcessB.0.ProcessB.processB.match_3.eq_2	Bridge.ProcessB	0	0	false	false
NoEmptyLevels	MatchingEngine.Invariants	95	97	false	false
Matcher.BinOp.eq	Matcher.Lang	88	88	true	true
Matcher.Print.stmt._unsafe_rec	Matcher.Print	0	0	false	false
Matcher.BinOp.and	Matcher.Lang	89	89	true	true
MatcherStore.frame_setRem	Matcher.StoreStep	146	153	true	true
Walk.WFr.recOn	Walk.RefineOuter	29	35	false	false
Walk.outerRun_fr.match_1_1	Walk.RefineOuter	0	0	true	false
EngineDbApi.readLevel.pre	Bridge.EngineDbApi	194	194	false	false
Walk.innerRun.eq_def	Walk.Basic	0	0	true	false
ProcessB.ResultCode.rejectedInvalid	Bridge.ProcessB	52	52	true	true
Walk.modAt.eq_2	Walk.EquivEntry	0	0	false	false
_private.Walk.RefineInner.0.Matcher.Stmt.block.match_1.splitter	Walk.RefineInner	0	0	true	false
doMatch_passive_price	MatchingEngine.Theorems	3246	3263	false	false
_private.Bridge.EngineDbAbs.0.EngineDbAbs.prioB_total	Bridge.EngineDbAbs	476	478	true	true
_private.Walk.EquivMatch.0.Walk.setHeadRem.match_1.eq_2	Walk.EquivMatch	0	0	false	false
EngineDbAbs.instEngineDbAbsStore._proof_27	Bridge.EngineDbAbs	0	0	false	false
MatcherInner.HeadFacts.hpx	Matcher.Inner	362	362	false	true
ProcessB.rejectWith.eq_1	Bridge.ProcessB	0	0	false	false
MatcherCancel.refines_cancel_resting._proof_1_10	Matcher.Cancel	0	0	true	true
EngineDbAbs.stpGroupOf.eq_1	Matcher.Inner	0	0	false	false
Walk.WF.mk._flat_ctor	Walk.EquivEntry	0	0	false	false
MatcherOuter.OInv.mk._flat_ctor	Matcher.Outer	0	0	false	false
EngineDbAbs.OrderView.ctorIdx	Bridge.EngineDbAbs	0	0	false	false
ProcessB.Obs._sizeOf_inst	Bridge.ProcessB	0	0	false	false
ProcessB.ResultCode	Bridge.ProcessB	48	57	true	true
MatcherInner.OCtx.l	Matcher.Inner	169	169	false	true
MatcherLoop.sEnv	Matcher.LoopEnv	157	163	true	true
EngineDbAbs.decodeOrderType	Bridge.EngineDbAbs	89	95	true	true
Matcher.Ext.tInsert.injEq	Matcher.Lang	0	0	false	false
MatcherRun.nB	Matcher.Run	219	222	true	false
Matcher.Val.u64.injEq	Matcher.Lang	0	0	false	false
Matcher.Err.tradeBuffer	Matcher.Lang	176	176	true	true
Matcher.setOField.match_1	Matcher.Lang	0	0	true	true
MatcherStore.freeDb	Matcher.StoreStep	133	135	true	true
reachable_BookInvariant	MatchingEngine.TheoremsReachable	123	129	false	false
doMatch_sell_preserves_inc_price	MatchingEngine.Theorems	1504	1541	false	false
ProcessB.pairwise_of_asksSorted.match_1_1	Bridge.ProcessB	0	0	false	false
BookState.casesOn	MatchingEngine.Book	17	24	true	false
Matcher.Print.cTy	Matcher.Print	31	36	false	false
MatcherInner.OCtx.Ok.best	Matcher.Inner	182	182	false	false
instDecidableEqOrder.decEq._proof_14	MatchingEngine.Order	0	0	true	true
EngineDbApi.init_empty	Bridge.EngineDbFrame	82	92	false	false
_private.MatchingEngine.Theorems.0.doMatch.match_9.eq_2	MatchingEngine.Theorems	0	0	false	false
Matcher.Ext.tBest.inj	Matcher.Lang	0	0	false	false
Matcher.FunDef._sizeOf_inst	Matcher.Lang	0	0	false	false
Walk.qRemove	Walk.Spec	114	116	true	false
_private.Bridge.ProcessB.0.ProcessB.processB.match_5.eq_1	Bridge.ProcessB	0	0	false	false
Matcher.foldl_loopStep_ret.match_1_1	Matcher.Logic	0	0	true	true
_private.MatchingEngine.TheoremsFuel.0.convertStop.match_1.eq_1	MatchingEngine.TheoremsFuel	0	0	false	false
_private.MatchingEngine.TheoremsFuel.0.doMatch.match_1.eq_1	MatchingEngine.TheoremsFuel	0	0	false	false
EngineDbApi.OrderRow.price	Bridge.EngineDbApi	63	63	true	true
PostOnlyGuarantee	MatchingEngine.Invariants	127	128	false	false
MatcherOuter.MCtx.C0	Matcher.Outer	93	93	false	true
Walk.rest_found	Walk.Equiv	130	138	true	false
process_all_preserve_AllInv	MatchingEngine.Theorems	3635	3879	false	false
EngineDbApi.LevelRow.recOn	Bridge.EngineDbApi	68	71	false	false
MatcherInner.Core.fq	Matcher.Inner	555	555	false	true
Matcher.Ext.levelAlloc	Matcher.Lang	123	123	true	true
MatcherSpec.decInc	Matcher.SpecStep	267	270	true	true
MatcherInner.IInv.rec	Matcher.Inner	196	208	false	false
doMatch.match_7	MatchingEngine.Match	0	0	true	true
sameInput.match_1	MatchingEngine.Theorems	0	0	false	false
EngineDbAbs.instDecidableEqOrderView.decEq._proof_4	Bridge.EngineDbAbs	0	0	false	false
_private.Walk.EquivEntry.0.Walk.processOrder_eq.match_1.eq_2	Walk.EquivEntry	0	0	false	false
_private.Bridge.EngineDbApiLaws.0.EngineDbApi.orderAlloc.post.match_1.eq_2	Bridge.EngineDbApiLaws	0	0	false	false
_private.MatchingEngine.Theorems.0.totalRemaining_foldl_acc._proof_1_2	MatchingEngine.Theorems	0	0	true	true
ProcessB.runB._unsafe_rec	Bridge.ProcessB	0	0	false	false
Matcher.instReprLField	Matcher.Lang	80	80	false	false
EngineDbApi.Db.mk	Bridge.EngineDbApi	79	79	true	true
processOrder.match_1	MatchingEngine.Process	0	0	true	true
EngineDbAbs.LevelView.mk.injEq	Bridge.EngineDbAbs	0	0	true	true
MatcherAccept.Static.stp	Matcher.Accept	161	161	true	true
_private.Walk.EquivEntry.0.Walk.modHead.match_1.eq_1	Walk.EquivEntry	0	0	false	false
EngineDbApi.hash_insert_refused	Bridge.EngineDbApiLaws	88	95	false	false
MatcherOuter.OInv.hashid	Matcher.Outer	114	114	false	true
MatcherSpec.asksOf.eq_1	Matcher.SpecStep	0	0	false	false
MatcherProgram.STP_DECREMENT.eq_1	Matcher.Refines	0	0	false	false
MatcherLoop.ev_crossCond	Matcher.LoopEnv	495	505	true	true
MatcherRefines.Inv.client	Matcher.Refines	92	92	true	true
_private.Matcher.Logic.0.Matcher.execStmt.match_5.eq_1	Matcher.Logic	0	0	false	false
EngineDbAbs.instDecidableEqOrderView.decEq._proof_10	Bridge.EngineDbAbs	0	0	false	false
Matcher.execStmt_succ	Matcher.Logic	109	187	true	true
Matcher.instDecidableEqBinOp._proof_2	Matcher.Lang	0	0	false	false
Matcher.instInhabitedVal	Matcher.Lang	55	55	false	false
processTriggeredStops.eq_def	MatchingEngine.Theorems	0	0	false	false
process_all_fuel_stable._proof_1_33	MatchingEngine.TheoremsFuel	0	0	false	false
_private.Matcher.Refines.0.Matcher.bindResult.match_1.eq_3	Matcher.Refines	0	0	false	false
MatcherSpec.step_cancelNew	Matcher.SpecStep	232	242	true	true
Matcher.LField.price.elim	Matcher.Lang	79	79	false	false
MatcherInner.ReqOk.group	Matcher.Inner	61	61	false	true
EngineDbAbs.betterB_iff	Bridge.EngineDbAbs	750	751	false	false
Walk.WFr.sub	Walk.RefineOuter	34	34	true	false
MatcherLoop.matchBlock	Matcher.LoopEnv	74	77	true	true
Matcher.runExt.eq_9	Matcher.Logic	0	0	false	false
